<?xml version="1.0" encoding="UTF-8"?>
<COLLADA xmlns="http://www.collada.org/2005/11/COLLADASchema" version="1.4.1">
<!--
# File generated by ImageToStl.com - Free Image and 3D model conversion tools
-->
  <asset>
    <contributor>
      <author>ImageToStl.com</author>
      <authoring_tool>ImageToStl.com</authoring_tool>
    </contributor>
    <created>2025-07-17T04:24:29</created>
    <modified>2025-07-17T04:24:29</modified>
    <up_axis>Y_UP</up_axis>
  </asset>
  <library_images>
    <image id="574915d073f9133940707bfb40c69258_jpg" name="574915d073f9133940707bfb40c69258_jpg">
      <init_from>574915d073f9133940707bfb40c69258.jpg</init_from>
    </image>
  </library_images>
  <library_effects>
    <effect id="effect_0">
        <profile_COMMON>
          <newparam sid="574915d073f9133940707bfb40c69258_jpg-surface">
            <surface type="2D">
              <init_from>574915d073f9133940707bfb40c69258_jpg</init_from>
            </surface>
          </newparam>
          <newparam sid="574915d073f9133940707bfb40c69258_jpg-sampler">
            <sampler2D>
              <source>574915d073f9133940707bfb40c69258_jpg-surface</source>
            </sampler2D>
          </newparam>
          <technique sid="common">
            <phong>
              <diffuse>
                <color>1 1 1 1</color>
                <texture texture="574915d073f9133940707bfb40c69258_jpg-sampler" texcoord="UVMap"/>
              </diffuse>
              <specular>
                <color>0.04 0.04 0.04 1</color>
              </specular>
              <shininess>
                <float>0</float>
              </shininess>
            </phong>
          </technique>
        </profile_COMMON>
    </effect>
  </library_effects>
  <library_materials>
    <material id="mat_0">
      <instance_effect url="#effect_0"/>
    </material>
  </library_materials>
  <library_geometries>
    <geometry id="geometry_99b8988d_f779_4972_89f6_21efb483ba7c">
      <mesh>
        <source id="pos_0">
          <float_array id="pos_0-array" count="29694">-0.55564713 -0.4564985 3.05444551 -0.58684337 -0.46195722 3.0119648 -0.58586764 -0.45513093 3.09473062 -0.53580534 -0.45158815 3.00568199 -0.61857921 -0.46074319 3.03747964 -0.55754924 -0.45299554 3.09784746 -0.5217976 -0.44972265 3.0481081 -0.58690774 -0.45856738 2.96083784 -0.61644846 -0.46316385 3.00311852 1.37903643 -0.40120125 2.5726788 1.35030377 -0.40350702 2.58179498 1.38043106 -0.40115157 2.57338786 -0.46808013 -0.43044031 3.01817012 -0.63510209 -0.46028578 2.97010779 -0.55170405 -0.45280528 2.95482802 -0.67114806 -0.45810688 2.9752934 0.46397394 -0.45571458 -3.09009504 0.46438572 -0.45567676 -3.09050393 0.42477402 -0.45198423 -3.07940269 -1.53463376 -0.30318022 1.05490863 -1.54423046 -0.30092266 1.02524114 -1.53572726 -0.30293414 1.05567217 -0.51712674 -0.44062579 2.97292018 -0.46368954 -0.43459105 3.03862882 -0.63037914 -0.46045125 2.93070459 -0.58372712 -0.46489704 2.89367652 2.66569042 -0.35517621 1.99299479 2.68989301 -0.33637875 2.00262117 2.68708134 -0.3441897 1.99259257 2.68093586 -0.33084267 2.01883984 -1.59908307 -0.42153621 0.80520988 -1.61099517 -0.4175458 0.78638816 -1.60580242 -0.42116794 0.80499655 -0.45161352 -0.41484535 2.98037696 -0.48242208 -0.44175231 3.06856751 -0.4179427 -0.43103588 3.04719877 -0.54359913 -0.46410012 2.88926005 -0.51622534 -0.44346905 2.94227099 -1.5981015 -0.41598868 0.77428794 -1.57066095 -0.40344024 0.88494253 -1.58668697 -0.41111687 0.87333113 -1.58430338 -0.40344024 0.88187587 -0.46072885 -0.42636204 2.94582963 -0.43091685 -0.41698289 3.00900793 -0.62786233 -0.46754241 2.83797193 -0.70737582 -0.46120489 2.96409869 -0.57825112 -0.48077524 2.76835799 -1.57012427 -0.41976166 0.8680352 -1.58832908 -0.41558158 0.86745733 -1.59105396 -0.41859904 0.85767621 -0.42895368 -0.41801691 2.94716382 -0.39776862 -0.4034487 2.96481729 -0.6887359 -0.46414602 2.88581777 -0.53997493 -0.47505844 2.80998254 -0.51096785 -0.45392966 2.9135747 -1.5691427 -0.43161893 0.83711314 -1.53901279 -0.30448538 1.02412534 -1.55317998 -0.31245244 0.99307042 -1.55265021 -0.31185389 0.99512416 -0.44727784 -0.44266129 2.91241431 -0.36759591 -0.41674638 2.98782492 -0.64060545 -0.4707669 2.78960204 -0.73700643 -0.46033585 2.93020797 -0.55511081 -0.48606026 2.73127365 -0.48915792 -0.46609688 2.84552073 -0.48883426 -0.46122932 2.88335681 -1.54465353 -0.30216047 1.02372777 -0.38107672 -0.40355563 2.91770935 -0.39818653 -0.40334356 2.94618988 -0.36755651 -0.40344024 2.96320176 -1.57092631 -0.3725121 0.89896715 -1.57997835 -0.37349394 0.89736146 -1.57943106 -0.36555889 0.89931899 -0.65694076 -0.48290157 2.68425751 -0.71550208 -0.46621394 2.83594322 -0.71749252 -0.46253812 2.87530756 -0.51584876 -0.48640478 2.72621417 -0.61918956 -0.48469496 2.68954682 -1.57148254 -0.34156537 0.91082406 -1.57664382 -0.34181562 0.90930277 -0.39456224 -0.43536925 2.88900757 -0.33985889 -0.40452373 2.94536972 -1.57485378 -0.33368942 0.91570574 -0.67851841 -0.47130203 2.77733302 -0.76713169 -0.4516542 2.87452269 -0.5045017 -0.48734808 2.69065237 -0.58080566 -0.48474705 2.66892576 -0.47729439 -0.4820559 2.7304883 -0.43459779 -0.45133913 2.88450575 -0.36710975 -0.39810324 2.94912696 -0.36464617 -0.40581322 2.90177131 -0.33190954 -0.43331802 2.98558402 -1.58247411 -0.39246365 0.88841897 -0.64924753 -0.48786116 2.614079 -0.71613604 -0.47428524 2.69567633 -0.75486487 -0.4645735 2.78482223 -0.45907664 -0.4676671 2.8070581 -0.43156919 -0.4587543 2.85499763 -0.36612815 -0.39808965 2.91820526 -0.36469644 -0.43437767 2.8731029 -0.33618787 -0.41250348 2.95010853 -0.30968878 -0.44698668 3.01379657 -0.30836484 -0.43547285 2.9480381 -0.76920569 -0.45063424 2.84204102 -0.4779433 -0.48414767 2.6990087 -0.42195517 -0.46195507 2.7837553 -0.33518443 -0.40399492 2.89874053 -0.33335096 -0.43673015 2.86073971 -0.38792571 -0.45156515 2.85484767 -0.3352063 -0.39698124 2.91918683 -0.32108831 -0.40344024 2.91963506 -0.78343308 -0.46522403 2.75156593 -0.83524978 -0.45487893 2.77685809 -0.80189431 -0.44452965 2.84204936 -0.44572139 -0.47698903 2.66805363 -0.36811283 -0.46125865 2.67805505 -0.40167663 -0.45815229 2.82630157 -0.38147038 -0.46174121 2.73797822 -0.78331876 -0.46256173 2.71183205 -0.82263374 -0.43237209 2.85957122 -0.34501594 -0.44585323 2.82687974 -0.34976831 -0.44894075 2.80382967 -0.30311555 -0.43244016 2.88334584 -0.82353818 -0.4501369 2.6843195 -0.30001113 -0.45075142 2.72296548 -0.29927582 -0.45154679 2.76149654 -0.3016609 -0.44447398 2.84377885 -0.23743306 -0.43842888 2.67518425 -0.28131258 -0.45247841 2.79985213 -0.18580864 -0.43458033 2.68143034 -0.18776464 -0.44257581 2.74749589 -0.30236417 -0.41352153 2.4896791 -0.34136906 -0.41616058 2.48807859 -0.2422349 -0.42766666 2.61739874 -0.37278694 -0.41229236 2.37964058 -0.37292695 -0.43660474 2.55878663 -0.19871131 -0.42600155 2.63042784 -0.38050824 -0.42052042 2.46953535 -0.29198343 -0.40978146 2.40090561 -0.40130892 -0.4303273 2.49711823 -0.28976032 -0.4407289 2.64192963 -0.20079598 -0.41488945 2.55092549 -0.18580864 -0.43458033 2.68143034 -0.41980621 -0.42857671 2.40945745 -0.38024017 -0.3995831 2.28128386 -0.19575748 -0.40754914 2.40746951 -0.45829901 -0.46505129 2.58253932 -0.43305156 -0.4702276 2.63490343 -0.23743306 -0.43842888 2.67518425 -0.15894638 -0.42420077 2.61395049 -0.40637857 -0.41401947 2.34515977 -0.29824716 -0.40102208 2.28990197 -0.21893807 -0.40631688 2.33951092 -0.47126231 -0.46219921 2.53093362 -0.36811283 -0.46125865 2.67805505 -0.14134787 -0.41019332 2.44100189 -0.1524625 -0.41510057 2.53920984 -0.14269087 -0.44187987 2.72944188 -0.44434431 -0.42967868 2.35112619 -0.4103291 -0.40136456 2.27648354 -0.33031684 -0.3943119 2.19768023 -0.18038864 -0.40774786 2.31604886 -0.54501992 -0.48116159 2.57896519 -0.48321217 -0.47625864 2.62355709 -0.44572139 -0.47698903 2.66805363 -0.13378488 -0.40989101 2.36091805 -0.11882205 -0.42268825 2.56382656 -0.10383353 -0.43634248 2.67202377 -0.43926233 -0.41310167 2.29682207 -0.49520019 -0.46098888 2.40484262 -0.49843675 -0.46661031 2.46928644 -0.26480812 -0.3953532 2.20612121 -0.19610192 -0.40164077 2.24440384 -0.53124702 -0.47899616 2.53256011 -0.52440661 -0.47962964 2.62297225 -0.1057356 -0.41412532 2.42826533 -0.4669773 -0.41497803 2.24700451 -0.49907842 -0.45881569 2.36386132 -0.26936099 -0.38984859 2.17632055 -0.13134801 -0.40413344 2.26485324 -0.58080238 -0.48655808 2.51232839 -0.58080566 -0.48474705 2.66892576 -0.5045017 -0.48734808 2.69065237 -0.08096048 -0.41216588 2.35040879 -0.535954 -0.47490215 2.36927581 -0.5505507 -0.48206675 2.46185708 -0.21888252 -0.38345504 2.18000507 -0.27861425 -0.38341784 2.11700296 -0.1994358 -0.39627659 2.20819545 -0.13100752 -0.39197016 2.20192313 -0.09726122 -0.40860581 2.28374624 -0.63438892 -0.48877847 2.50292087 -0.64924753 -0.48786116 2.614079 -0.04473108 -0.42466366 2.41351748 -0.52107745 -0.46572459 2.32682753 -0.21826896 -0.3725028 2.16067672 -0.2432434 -0.37521505 2.14827919 -0.09798819 -0.39664471 2.19488859 -0.60177511 -0.4898268 2.433218 -0.65247178 -0.48723996 2.57490969 -0.06773621 -0.41438317 2.28806853 -0.03665486 -0.42303216 2.34102583 -0.50065148 -0.44207931 2.25722337 -0.56393182 -0.4822762 2.33750296 -0.57621765 -0.48632944 2.39169931 -0.18796065 -0.38807702 2.18098688 -0.25103906 -0.37981749 2.11141205 -0.15703881 -0.38391876 2.18196821 -0.12611671 -0.38850856 2.18295002 -0.06755501 -0.41027534 2.23075914 -0.66470659 -0.48946297 2.47139001 -0.72651494 -0.48105633 2.54551816 -0.52648163 -0.44988358 2.17993259 -0.53252649 -0.4637394 2.26102877 -0.21783489 -0.37065506 2.1470027 -0.19074276 -0.37485659 2.14912486 -0.21572185 -0.37377453 2.10014081 -0.65014064 -0.49658144 2.37812805 -0.74138427 -0.48275101 2.49170518 -0.02395117 -0.42947984 2.23732209 -0.61072516 -0.49075019 2.29920101 -0.55844474 -0.47099614 2.20507526 -0.15491259 -0.3725028 2.15331554 -0.24272728 -0.37279618 2.05580115 -0.12513514 -0.38351297 2.15202832 -0.70237422 -0.49563062 2.39959431 -0.15520611 -0.37421107 2.12423468 -0.18239558 -0.37084627 2.08387876 -0.67060274 -0.49772036 2.24077559 -0.68771267 -0.49899268 2.335603 -0.72380316 -0.49786508 2.30171824 2.2796607 -0.46701038 2.32122517 2.27974153 -0.46694222 2.3219707 2.28212833 -0.46702093 2.32130361 2.31740165 -0.46499962 2.31142664 2.3156004 -0.46187878 2.29560757 2.33469343 -0.43437767 2.29201889 2.32569098 -0.45279202 2.30911112 2.3561554 -0.40344024 2.29270005 2.36330128 -0.38396266 2.29860306 2.37388754 -0.36762342 2.29564166 2.35439634 -0.39679 2.30109262 2.34681368 -0.40818393 2.28742456 2.33648658 -0.43437767 2.30609298 2.34295726 -0.42056239 2.30428267 2.34610701 -0.41039702 2.30340219 2.35443306 -0.40537405 2.30108237 2.25264788 -0.43516243 2.31578279 2.2446723 -0.41461512 2.33176255 2.25241995 -0.43431038 2.32959604 2.24017477 -0.40344024 2.31997156 2.27870584 -0.46583292 2.32226038 2.24184561 -0.40344024 2.33255291 2.23300004 -0.39375269 2.33502007 2.22198629 -0.38431263 2.31939435 2.22103214 -0.37798986 2.33836603 -1.4032625 -0.40438807 1.52210569 -1.40532362 -0.40522161 1.52211809 -1.40490496 -0.40467742 1.52361572 2.33435392 -0.37279105 0.73763824 2.33808732 -0.37658945 0.7441932 2.33658314 -0.37255734 0.73880386 2.33389091 -0.37915993 0.74433923 2.3338027 -0.34156537 0.74711394 2.33856249 -0.35294318 0.74589604 2.33881545 -0.34156537 0.74680084 2.08281994 -0.37578237 -0.14085865 2.09355354 -0.38100022 -0.13048188 2.08896613 -0.37801114 -0.14689094 -1.2599194 -0.39522314 1.87134123 -1.29466116 -0.38628459 1.86702609 -1.29700243 -0.40056205 1.89493394 2.30634308 -0.3725028 0.63706875 2.30828357 -0.3725028 0.63757753 2.30791259 -0.37313113 0.63625008 -1.26041222 -0.39145374 1.83741236 2.30652642 -0.37478113 0.63129205 2.30591393 -0.3264401 0.65059185 2.31197166 -0.32241189 0.65078413 2.31103039 -0.32889101 0.64741743 -1.2300241 -0.40361094 1.84353173 2.31744027 -0.30917287 0.67037636 2.30608654 -0.31076217 0.68207002 -1.43122017 -0.38874507 1.36769378 -1.45319736 -0.38235438 1.35082114 -1.44863296 -0.37960306 1.36714792 -1.22689331 -0.40230703 1.86942911 -1.21308732 -0.41113091 1.81581843 -1.25476146 -0.40343869 1.93070281 -1.23008132 -0.40290511 1.90489173 -1.43208134 -0.36922503 1.39482427 -1.44402432 -0.37052858 1.3836627 -1.26594901 -0.40729725 1.96007085 -1.23380828 -0.4080472 1.97296941 -1.19520915 -0.41675711 1.85760617 -1.20065904 -0.41897917 1.92670846 -1.17099035 -0.43129933 1.84694016 -1.20446765 -0.41228163 1.98442435 -1.20149589 -0.40117204 2.02073264 -1.16772556 -0.43611085 1.91299248 -1.17235589 -0.42275977 1.9957664 -1.13063312 -0.45152414 1.90321279 -1.17353582 -0.41632748 2.02588868 -1.14086115 -0.43650687 1.96349192 -1.14309669 -0.42833376 2.00409412 -1.17668319 -0.40407991 2.0594492 -1.08779144 -0.4596653 1.92744184 -1.1435957 -0.41798639 2.05779195 -1.11169219 -0.42255759 2.02785182 -1.08882856 -0.44997478 1.96263051 -1.15440309 -0.40267754 2.09168386 -1.07882261 -0.4364742 2.00386143 -1.03341544 -0.46166098 1.97304368 -1.11156547 -0.41657472 2.06450009 -1.04656363 -0.45324409 1.99954343 -1.08331394 -0.41868007 2.08822703 -1.04984832 -0.45062232 2.02981496 -0.99920249 -0.46608031 2.00346851 -1.05245447 -0.44923842 2.06271887 -1.01185858 -0.46220887 2.08433557 -1.05730748 -0.44093215 2.0923419 -1.21118617 -0.39692831 2.11568308 -1.23830986 -0.4165692 2.11952448 -1.23211944 -0.40236008 2.14156914 -1.23832464 -0.41778302 2.11669135 0.6093272 -0.28283602 2.76379323 0.59813404 -0.29509112 2.79206824 0.62355268 -0.28048635 2.78496194 0.6465922 -0.27969027 2.76463437 0.62885702 -0.27770197 2.78348327 0.63529086 -0.27969027 2.78169179 0.63005608 -0.27278423 2.76208663 0.63651466 -0.29068914 2.78134966 0.65993094 -0.46531534 2.7730608 0.65601051 -0.46427801 2.77591133 0.65987474 -0.46627083 2.77483106 0.61323279 -0.40344024 2.76357555 0.62351841 -0.42319232 2.78497243 0.59999162 -0.37277135 2.79154992 0.5785315 -0.34156537 2.79342723 0.59837854 -0.3684653 2.79199147 0.59183764 -0.36023906 2.79384947 0.59194827 -0.34484828 2.76016045 0.59990931 -0.37021205 2.79157257 0.61237156 -0.3725028 2.76354814 0.61957461 -0.43250948 2.78607154 0.59761727 -0.43391562 2.76439309 0.65993094 -0.46531534 2.7730608 0.66127366 -0.46531534 2.77444005 0.65987474 -0.46191949 2.77483106 0.58234239 -0.34156537 2.79650402 0.5812642 -0.31777105 2.7968049 0.57656789 -0.3106277 2.79336476 1.51495361 -0.41618824 -2.09283018 1.54722261 -0.41442117 -2.08464527 1.54411519 -0.41457129 -2.09572268 1.51325011 -0.41346133 -2.13075352 1.54005206 -0.41368791 -2.11028814 1.53470147 -0.41351148 -2.12942696 1.52998316 -0.41128328 -2.14630389 1.44477224 -0.41399324 -2.1849885 1.52607739 -0.41055372 -2.16008425 1.45194709 -0.41235828 -2.21942616 1.52404928 -0.41039625 -2.16739893 1.48689222 -0.41349924 -2.26016903 1.51181304 -0.41184255 -2.21133304 2.30591393 -0.3264401 0.65059185 2.31103039 -0.32889101 0.64741743 2.30747795 -0.34156537 0.63469315 2.30641413 -0.34156537 0.63482404 2.30762863 -0.34279221 0.63523221 2.30323339 -0.37788048 0.61955345 2.28996754 -0.3725028 0.61913228 2.29888558 -0.37535438 0.60400212 2.29648638 -0.37616143 0.59545678 -1.17798495 -0.43437767 1.7781229 -1.16644502 -0.45387065 1.74319553 -1.19694448 -0.43491137 1.74742353 -1.16465187 -0.43390846 1.80744028 -1.19455254 -0.44719183 1.71642625 -1.2160399 -0.40910327 1.7758826 -1.13476133 -0.44875574 1.77949488 -1.21308732 -0.41113091 1.81581843 -1.13020921 -0.46582556 1.66882753 -1.225564 -0.42037272 1.71470594 -1.24448633 -0.40914416 1.74034202 -1.110677 -0.46081543 1.72734272 -1.13429594 -0.44339085 1.82419825 -1.17099035 -0.43129933 1.84694016 -1.20063543 -0.44326973 1.67971754 -1.25844908 -0.38832521 1.7755686 -1.10264993 -0.45563948 1.75107312 -1.10610104 -0.44782639 1.81764781 -1.15829098 -0.45666575 1.642941 -1.03394556 -0.47687554 1.72525287 -1.22458243 -0.41675639 1.68378437 -1.26000059 -0.40465045 1.71361279 -1.28937089 -0.38330722 1.77458704 -1.25943065 -0.38320661 1.80649018 -1.10383952 -0.44851565 1.78047657 -1.13282442 -0.45063305 1.87657344 -1.21726203 -0.43115532 1.65333664 -1.15918744 -0.46685123 1.57885945 -1.12773871 -0.47702599 1.57424033 -1.24675131 -0.40227306 1.68105233 -1.28838933 -0.38682556 1.74366498 -1.29035246 -0.38206077 1.80550861 -1.26041222 -0.39145374 1.83741236 -1.04765797 -0.46977568 1.7811234 -1.06215453 -0.46475708 1.81283152 -1.07304847 -0.46474898 1.85523093 -1.13063312 -0.45152414 1.90321279 -1.19246471 -0.44192111 1.62315953 -0.99185812 -0.48286915 1.70351791 -1.25535989 -0.41606545 1.64044392 -1.28506684 -0.40365207 1.68892574 -1.32029295 -0.38831973 1.77360547 -1.00242496 -0.48017263 1.81722617 -0.93816382 -0.49032509 1.81823587 -1.01884294 -0.48883772 1.54749107 -1.31931138 -0.37971783 1.74268329 -1.32127452 -0.39106441 1.80452704 -1.29133415 -0.38067293 1.83643079 -1.04752123 -0.47038996 1.87381232 -1.08779144 -0.4596653 1.92744184 -0.94399613 -0.48829722 1.65887594 2.27633381 -0.3725028 0.60732651 1.6906215 -0.3999691 -1.47744989 1.70875561 -0.38948438 -1.5068233 1.69458807 -0.3963955 -1.55749989 1.66128337 -0.40305173 -1.56673861 1.69205749 -0.39661568 -1.56653595 -1.29466116 -0.38628459 1.86702609 1.68377578 -0.38835573 -1.59615922 -0.8877632 -0.49227834 1.80370486 -0.89284503 -0.49038815 1.64870441 1.63535345 -0.39870191 -1.63757467 1.66708159 -0.39170688 -1.65594971 1.66065288 -0.39546573 -1.67884719 1.63561165 -0.40270746 -1.69269896 1.65705729 -0.3973124 -1.69176459 1.65367973 -0.39563954 -1.7038461 1.61473382 -0.39739859 -1.75085735 1.64819384 -0.39579204 -1.72350919 1.64326739 -0.39143202 -1.74107397 1.63838804 -0.39914584 -1.72303247 -0.98253208 -0.47057915 1.95980191 -1.03341544 -0.46166098 1.97304368 -0.83122718 -0.49054158 1.85313392 -0.90081328 -0.49098599 1.58293331 1.580796 -0.39425886 -1.80247116 1.62523258 -0.3822552 -1.80559993 1.62281168 -0.38175082 -1.8141737 -0.90066606 -0.48328781 1.9242537 -0.83353114 -0.49020636 1.71667004 -0.84204888 -0.48858178 1.90963173 -0.94376975 -0.49314594 1.51043963 -0.845357 -0.48879254 1.61438739 -0.99920249 -0.46608031 2.00346851 -0.8712852 -0.48516059 1.97655201 -0.89036995 -0.49155545 1.46372712 -0.84762073 -0.48825872 1.49996507 -0.81927741 -0.4863044 1.57979298 -0.93665755 -0.49471235 1.39244211 -0.81753159 -0.48412633 1.51899219 -0.87122899 -0.48609149 2.06809711 -0.78862643 -0.47984922 1.58128142 -0.8824333 -0.48969185 1.40215945 -0.8457399 -0.48416555 1.42665112 -0.8164885 -0.47722089 1.44026339 -0.78730011 -0.47589624 1.52496898 -0.78237754 -0.46608675 1.472983 -0.75665772 -0.46348131 1.54368746 -0.84427446 -0.47827446 1.37688553 -0.81560534 -0.46490252 1.37140751 -0.78568387 -0.46002984 1.42245173 -0.87198508 -0.48282123 1.34592366 -0.75330389 -0.43934751 1.42878187 -0.83975041 -0.4659009 1.31269038 -0.78074449 -0.42890823 1.30066383 1.87950289 -0.36784399 -0.71451354 1.92845488 -0.34714043 -0.72088009 1.92072701 -0.34889185 -0.7485224 1.88776481 -0.36598313 -0.78898716 1.91891158 -0.3499583 -0.75512028 1.90900075 -0.35489655 -0.79057068 1.8892442 -0.35748342 -0.86123931 1.8526808 -0.37255919 -0.80444622 1.88781154 -0.3572576 -0.86625355 1.85146129 -0.37059343 -0.88148856 1.88681102 -0.35752276 -0.86990523 1.87919164 -0.35543397 -0.89715946 1.85744345 -0.36215675 -0.91995311 1.87420392 -0.35510951 -0.91506016 1.87236297 -0.35461038 -0.9216451 1.85892367 -0.3466222 -0.96971679 1.85736716 -0.34559953 -0.97518003 1.82585394 -0.37211013 -0.92858768 -1.31689024 -0.40665567 1.58641469 -1.25824118 -0.42538822 1.59011889 -1.28040433 -0.40344024 1.55886948 -1.31659663 -0.40404379 1.65051377 -1.31244028 -0.4090569 1.52622962 -1.34048676 -0.39766741 1.64008176 -1.25535989 -0.41606545 1.64044392 -1.34177685 -0.39917743 1.5772891 -1.31734824 -0.39246225 1.68083966 -1.2854445 -0.41093349 1.65089917 -1.34141827 -0.40288651 1.52213597 -1.34827018 -0.37810731 1.67985809 -1.28506684 -0.40365207 1.68892574 -1.37902093 -0.39188528 1.58811486 -1.24675131 -0.40227306 1.68105233 -1.31145871 -0.41760206 1.49530804 -1.37898386 -0.39815879 1.55313516 -1.34925175 -0.379071 1.71077967 1.8012203 -0.37287712 -0.94686866 1.85693741 -0.34519386 -0.97664773 -1.31832981 -0.38410878 1.71176124 1.85664153 -0.34507012 -0.97768378 -1.28008044 -0.41959357 1.47612309 -1.37428403 -0.39586425 1.52426648 1.78765738 -0.37194598 -0.97345495 1.85397601 -0.34480739 -0.9874506 1.84298718 -0.34633315 -1.00780535 -1.31931138 -0.37971783 1.74268329 1.84842062 -0.34497181 -1.00732207 1.84698963 -0.34555554 -1.01244056 -1.31047714 -0.42548871 1.46438587 -1.35829008 -0.40344024 1.49382138 1.84050655 -0.36247826 -1.03561103 1.82971823 -0.37114716 -1.03599119 1.83338904 -0.35934165 -1.06107008 1.83167315 -0.35773197 -1.06713903 1.80063307 -0.37095177 -1.07124519 1.80520451 -0.36459494 -1.11116052 1.82995951 -0.35781324 -1.0733248 1.81959331 -0.35927689 -1.11040449 1.8147552 -0.3582578 -1.12771022 1.78132951 -0.36496496 -1.16232491 1.80392814 -0.35583553 -1.16640401 -1.37330246 -0.39133906 1.4933449 1.77576482 -0.36267722 -1.2122016 1.79601848 -0.35321259 -1.19469655 1.78963184 -0.35431474 -1.21757126 -1.36966217 -0.39882314 1.46250713 -1.40705132 -0.38298202 1.49122095 -1.34139907 -0.43119478 1.4634043 -1.40084684 -0.37100255 1.46797252 -1.36164224 -0.40344024 1.43180847 -1.37648487 -0.37661779 1.43133736 1.74585617 -0.36628187 -1.23201323 1.77981782 -0.35074458 -1.25267589 1.77458775 -0.34735611 -1.27129602 -1.3404175 -0.43372655 1.43248224 -1.40226114 -0.36451268 1.4305191 1.78716183 -0.35333094 -1.22640634 -1.37071216 -0.39011109 1.40032041 -1.39994895 -0.37231171 1.39917064 1.74721038 -0.35731483 -1.28713322 1.77103758 -0.34702471 -1.28405511 1.76370668 -0.35431427 -1.31027746 1.75022066 -0.37240589 -1.34822559 1.75339615 -0.37032926 -1.3472296 1.72159898 -0.38828266 -1.36821699 1.75186992 -0.37314537 -1.35268891 1.74603534 -0.38130575 -1.37347674 1.72133768 -0.3946631 -1.41086864 1.74016964 -0.38627091 -1.39449966 1.73572099 -0.39205238 -1.41041219 1.73273122 -0.39273292 -1.4211067 1.72231925 -0.39661527 -1.44179058 1.72695959 -0.39553475 -1.44178593 1.67299283 -0.40188289 -1.41919088 1.72575796 -0.39536607 -1.44608414 1.72325718 -0.39242324 -1.45483041 1.6906215 -0.3999691 -1.47744989 1.71794939 -0.39412382 -1.47393751 1.71313572 -0.3892554 -1.49115551 1.66605842 -0.38931298 -1.62557697 1.67548823 -0.38558111 -1.62587953 1.67378783 -0.38622299 -1.63196158 1.61473382 -0.39739859 -1.75085735 1.64326739 -0.39143202 -1.74107397 1.63775539 -0.3888239 -1.76079011 1.63354754 -0.3844882 -1.77584136 1.609429 -0.38899207 -1.78585768 1.6309427 -0.38261029 -1.78517497 1.56370401 -0.40384209 -1.91095114 1.5990839 -0.3916252 -1.89907277 1.59602475 -0.39268193 -1.91003644 1.56756282 -0.40250838 -1.8759408 1.61150634 -0.3933872 -1.851686 1.61979496 -0.38428089 -1.82498252 1.61297071 -0.39243039 -1.8495332 1.6115948 -0.39306709 -1.85445476 -1.38929665 -0.45974851 1.02822161 -1.41283119 -0.43424547 1.0048337 -1.4132719 -0.43437767 1.05873287 -1.38716161 -0.46262181 0.97411048 -1.41304696 -0.40344024 1.02778673 -1.39146376 -0.45220017 1.09037793 -1.41865659 -0.43242931 0.96643054 -1.36837494 -0.46630895 1.03755939 -1.42214394 -0.38062 1.05950344 -1.41183722 -0.40344024 0.99687195 -1.42442214 -0.43546629 1.08746064 -1.41959047 -0.43884945 0.9347198 -1.3231113 -0.47422028 0.94931245 -1.42093015 -0.3737967 1.02753651 -1.42203796 -0.37861741 0.99917722 -1.4233675 -0.44479418 1.12031841 -1.35991061 -0.46492064 1.089589 -1.41804099 -0.40170312 0.96463895 -1.37686145 -0.46566987 0.93720376 -1.42360675 -0.40344024 0.93459225 -1.32646871 -0.47072494 1.049523 -1.45173192 -0.34097314 1.06175947 -1.43306053 -0.40344024 1.08905745 -1.38957703 -0.4481858 1.14853132 -1.43546546 -0.43437767 1.11993444 -1.38557422 -0.4527595 0.90484631 -1.41587102 -0.43106222 0.90557027 -1.35431695 -0.46508622 0.9064182 -1.26608407 -0.47904277 1.02185464 -1.45093441 -0.34227037 1.01779389 -1.45051277 -0.36977828 1.08975649 -1.44569206 -0.36793101 0.96484447 -1.4285984 -0.43821812 1.15110564 -1.3369813 -0.46614075 1.14505768 -1.33140945 -0.47102141 1.09472644 -1.44004834 -0.3725028 0.93407035 -1.42353404 -0.40344024 0.90364134 -1.32198048 -0.47329402 0.88897014 -1.2620455 -0.48015666 0.88666308 -1.48226643 -0.32514215 1.02558947 -1.4678607 -0.34156537 1.08795285 -1.45529175 -0.40333164 1.1191237 -1.42394722 -0.43371654 1.17773414 -1.4536761 -0.40136635 1.15030956 -1.37290156 -0.45274985 1.18503559 -1.14687061 -0.48863769 0.97141552 -1.25949168 -0.4792794 1.08969641 -1.47189355 -0.33812356 0.99668694 -1.483248 -0.32084751 1.05651152 -1.48431468 -0.34151101 1.10221171 -1.48207438 -0.36753678 1.11845481 -1.44883978 -0.34294307 0.93379128 -1.45204198 -0.3995074 1.18110037 -1.33842373 -0.46599591 1.18580282 -1.26077747 -0.47720969 1.16054499 -1.44617581 -0.37065923 0.90292263 -1.4748708 -0.33876657 0.96391821 -1.53463376 -0.30318022 1.05490863 -1.53901279 -0.30448538 1.02412534 -1.48422956 -0.32904482 1.08743322 -1.39539003 -0.4508388 1.21406579 -1.42252302 -0.43145382 1.2132045 -1.48717427 -0.37676144 1.18019903 -1.37027478 -0.46531296 1.2181561 -1.08643937 -0.49097204 1.11372006 -1.17789292 -0.48437583 1.122208 -1.50931668 -0.32746375 0.97141147 -1.51515174 -0.31859517 1.08645165 -1.48629427 -0.37263751 1.14756024 -1.4793216 -0.3287704 0.93282366 -1.46283638 -0.34156537 0.9023937 -1.45821559 -0.41108918 1.24302483 -1.48815584 -0.39442682 1.21112108 -1.34076548 -0.46870279 1.26652682 -1.28362417 -0.47377145 1.20414329 -1.21716619 -0.48090744 1.27002931 -1.51024377 -0.32854557 0.93184209 -1.5156014 -0.33439255 1.12748563 1.58890665 -0.40107551 -1.93560123 1.58447087 -0.40368414 -1.9403286 -1.47834003 -0.32940054 0.9019016 -1.3963716 -0.45711803 1.24498796 -1.48178267 -0.40241635 1.24137986 -1.42444336 -0.43212342 1.24409688 1.61239815 -0.39303485 -1.85158145 1.55228269 -0.4118222 -1.96243477 1.58485174 -0.40369028 -1.95010555 1.57887089 -0.40537786 -1.97140574 -1.36302054 -0.46573007 1.28025413 -1.10946393 -0.49114299 1.22340405 -1.53962791 -0.32797098 0.93148959 1.61210251 -0.3930375 -1.85263872 1.58737707 -0.40220582 -1.94107258 1.57033932 -0.40431795 -2.00202394 -1.42827535 -0.41415358 1.27492797 1.568555 -0.40438879 -2.0052948 1.56944036 -0.40418029 -2.00523949 -1.28616595 -0.4703939 1.32876205 -1.29007673 -0.46790028 1.27886915 -1.17717361 -0.48389387 1.30517912 1.55464578 -0.41091096 -2.05809283 1.53277349 -0.41525388 -2.0670495 1.55182385 -0.41250312 -2.06818724 1.50663829 -0.41226447 -2.2298429 -1.5092622 -0.33037782 0.90092003 -1.40064704 -0.43796134 1.275805 -1.42981648 -0.40374708 1.30858982 1.49867404 -0.4122569 -2.25833082 1.49594772 -0.41303295 -2.26808262 -1.30798936 -0.46560764 1.34457135 -1.24261689 -0.47719753 1.36708844 -1.09282088 -0.49085462 1.35014164 1.49265611 -0.41277415 -2.27985644 1.44611478 -0.41125226 -2.33764505 1.48018503 -0.41137752 -2.32439685 1.47516215 -0.41192275 -2.3423636 1.46896899 -0.41122851 -2.36454248 -1.36741304 -0.45166206 1.30781329 1.44252717 -0.41022348 -2.37684536 -1.39836085 -0.43439317 1.30692935 1.46266234 -0.41020527 -2.38710117 1.38447177 -0.4097321 -2.41424656 1.45603275 -0.40999267 -2.41064501 1.4447 -0.41542575 -2.45118165 -1.30418062 -0.46223664 1.36883473 -1.33565724 -0.4491533 1.36561322 -1.16750598 -0.48069036 1.41356432 -1.0944643 -0.48668385 1.45655215 1.40731025 -0.41291332 -2.46311569 1.44049656 -0.41554862 -2.46634769 1.43931139 -0.41717416 -2.47058702 1.43385243 -0.41732419 -2.4901135 1.41555178 -0.41279316 -2.50393343 1.43013799 -0.41591987 -2.50347042 1.42728102 -0.4095307 -2.51368928 1.42134655 -0.40925395 -2.53495145 -1.39931643 -0.41735959 1.33775377 1.41653335 -0.41030526 -2.53485537 -1.21660328 -0.47551584 1.40493965 -1.01611376 -0.49144697 1.48391783 1.42036748 -0.40973246 -2.53845358 1.41702688 -0.41254163 -2.55040264 1.38130152 -0.40477633 -2.54318953 1.41341126 -0.41362265 -2.56321764 -1.35943329 -0.43172193 1.37018514 1.41064847 -0.41213343 -2.57317781 1.38772821 -0.40338862 -2.59788084 1.40428686 -0.40899652 -2.5959332 -1.42526138 -0.40103889 1.33693016 -1.23930979 -0.46293533 1.43017673 -1.31139064 -0.43461812 1.42627132 -1.18858504 -0.47547412 1.44616842 -1.15445149 -0.47768998 1.50686538 -0.99874705 -0.49549663 1.35625148 -1.01884294 -0.48883772 1.54749107 1.3972249 -0.41092783 -2.62119341 1.3621124 -0.43340993 -2.69049215 1.38342845 -0.42634895 -2.67054367 1.37818599 -0.43172544 -2.68929601 -1.33693147 -0.43358254 1.3999666 1.34880197 -0.40562308 -2.62854004 1.39447582 -0.41307035 -2.63091826 1.38934815 -0.42006156 -2.64936924 1.37538087 -0.43365431 -2.69932961 -1.39976656 -0.40344024 1.35193396 -1.27759194 -0.45629239 1.4035238 -1.21496093 -0.46479607 1.46515679 -0.94376975 -0.49314594 1.51043963 1.34384203 -0.44498086 -2.72384691 1.36942816 -0.44014278 -2.72059035 1.35868025 -0.44569203 -2.75903511 1.31279206 -0.44740343 -2.77110386 1.35756314 -0.44585139 -2.76296735 1.34903967 -0.44920766 -2.79345536 2.66716909 -0.37229967 1.93026054 2.67050338 -0.37006992 1.93322575 2.66917062 -0.37229869 1.92845917 2.66569042 -0.35517621 1.99299479 2.68708134 -0.3441897 1.99259257 2.68385243 -0.35097787 1.98104286 -1.28379512 -0.4347291 1.43505216 -1.18551898 -0.46545839 1.51776707 -1.24642444 -0.43787158 1.48222148 -1.12773871 -0.47702599 1.57424033 2.67886949 -0.35993752 1.96318507 -1.37479663 -0.4050535 1.37517452 2.66667223 -0.36613274 1.96207333 2.27695465 -0.38175416 0.58776593 2.29449797 -0.37975442 0.58832294 2.29170227 -0.37743601 0.57832235 -1.21655917 -0.44729316 1.52673066 -1.15918744 -0.46685123 1.57885945 2.29013467 -0.3771306 0.57271498 2.28577685 -0.38600266 0.55709332 -1.400298 -0.38790035 1.36867535 2.27793646 -0.39203382 0.55684447 2.24701452 -0.39000297 0.5558629 2.27872872 -0.39116079 0.53188193 2.27742386 -0.39090788 0.52732432 -1.22584689 -0.43734992 1.55993176 -1.196365 -0.44982326 1.5732609 -1.25059628 -0.41409969 1.52819276 2.21889877 -0.40292084 0.52069449 2.27696609 -0.39134154 0.52575231 -1.28151822 -0.40701056 1.52721119 -1.25157797 -0.41814137 1.55911493 -1.19246471 -0.44192111 1.62315953 2.2695837 -0.39360908 0.49934572 2.22022676 -0.40366924 0.4881146 2.26799536 -0.39409888 0.49362689 2.2191 -0.40150797 0.45922494 2.26611948 -0.39393368 0.48689207 2.25841212 -0.39512485 0.4593237 2.2191 -0.40150797 0.45922494 2.24728847 -0.39769989 0.41953433 2.24148464 -0.40020362 0.39875051 2.20909214 -0.40725803 0.39926291 2.23655748 -0.40122411 0.38112605 -1.40512156 -0.46195626 0.71850777 -1.42024958 -0.43437767 0.68707418 -1.4304148 -0.43437767 0.71770477 -1.44273198 -0.40531874 0.71731377 -1.40877044 -0.45853961 0.74878955 -1.44238448 -0.43427181 0.74827766 -1.47342932 -0.41821182 0.7474165 -1.4163903 -0.43658102 0.780056 -1.47441375 -0.42101717 0.77821422 -1.44349194 -0.42508245 0.77919579 -1.37986422 -0.46425176 0.77341318 -1.50533593 -0.41997623 0.77723265 -1.41362441 -0.43439794 0.81196547 -1.35234642 -0.47700691 0.75796366 -1.44447351 -0.42231917 0.81011772 -1.47772539 -0.40406299 0.81097388 -1.35511005 -0.47013652 0.82301521 -1.404778 -0.43751264 0.84773159 -1.32261539 -0.47843885 0.82338905 -1.44956851 -0.40648091 0.84090877 -1.35392177 -0.46538234 0.87494767 -1.31348467 -0.48057163 0.75854087 -1.32198048 -0.47329402 0.88897014 -1.47637689 -0.39238739 0.84005785 -1.41551483 -0.41991544 0.87294316 -1.39291084 -0.43985081 0.87318254 -1.27490854 -0.48395801 0.73350763 -1.22538412 -0.4817152 0.83279157 -1.2620455 -0.48015666 0.88666308 -1.44536316 -0.40189159 0.86974406 -1.35431695 -0.46508622 0.9064182 -1.38557422 -0.4527595 0.90484631 -1.21076179 -0.48316908 0.77974248 -1.47602487 -0.36588025 0.86431229 -1.42353404 -0.40344024 0.90364134 -1.41587102 -0.43106222 0.90557027 -1.14234281 -0.48750019 0.79350138 -1.44617581 -0.37065923 0.90292263 -1.46283638 -0.34156537 0.9023937 -1.47772598 -0.34156537 0.88255942 -1.47834003 -0.32940054 0.9019016 -1.40964723 -0.48320222 0.33925009 -1.38504899 -0.48583066 0.4032197 -1.39812899 -0.48769176 0.30565858 -1.43300021 -0.47982311 0.4307301 -1.32950306 -0.49808025 0.37305188 -1.43972909 -0.48712265 0.26239705 -1.4175607 -0.47981739 0.49066782 -1.34911966 -0.48759997 0.45916796 -1.33535492 -0.50175202 0.24644995 -1.3898567 -0.49606633 0.21357369 -1.43367612 -0.4771266 0.46997619 -1.26783037 -0.50541246 0.40031672 -1.29330373 -0.50370002 0.30068755 -1.51019359 -0.48018074 0.24117923 -1.46700013 -0.46616101 0.49377656 -1.46485257 -0.46600986 0.44200516 -1.35726011 -0.48434663 0.50681686 -1.24828184 -0.49859035 0.52208614 -1.31803226 -0.50451183 0.22147322 -1.46296585 -0.49491274 0.1334939 -1.4674046 -0.46566784 0.53231692 -1.46204948 -0.46359169 0.46907544 -1.39418995 -0.47834241 0.5347836 -1.24382865 -0.50691783 0.3686552 -1.28043866 -0.50894654 0.14814615 -1.4946295 -0.43063259 0.49899459 -1.43580317 -0.46749139 0.53698611 -1.49439943 -0.43324459 0.46422791 -1.37251043 -0.47947717 0.57682133 -1.22294641 -0.50305974 0.24170089 -1.19867837 -0.50645268 0.4469943 -1.3410511 -0.50808012 0.11170197 -1.23971939 -0.50583506 0.17257929 -1.49659586 -0.431427 0.53017879 -1.43662083 -0.45615506 0.56274199 -1.41133845 -0.46781945 0.56354451 -1.24350786 -0.49393463 0.64452887 -1.21567023 -0.5055269 0.35898352 -1.29998219 -0.50983226 0.08918929 -1.23706818 -0.5042249 0.12257814 -1.47116506 -0.50142503 0.0061121 -1.51068926 -0.40344024 0.49848485 -1.46754265 -0.44773602 0.56176043 -1.40919697 -0.46966982 0.59388781 -1.3364141 -0.48126972 0.62546515 -1.18055153 -0.49697614 0.3139565 -1.20829296 -0.50126302 0.15376925 -1.1841023 -0.50497973 0.40873075 -1.36887264 -0.50692284 -0.00889564 -1.26587296 -0.50670159 0.08056808 -1.43869996 -0.45249462 0.62385392 -1.38398802 -0.46599579 0.62895966 -1.32173407 -0.48003149 0.70326233 -1.18075752 -0.49534273 0.18503261 -1.30144358 -0.50615561 0.00071192 -1.23769855 -0.49507439 -0.0138886 -1.2097528 -0.49561393 0.08561254 -1.39427149 -0.50672925 -0.10751081 -1.40753686 -0.46348715 0.62162161 -1.34285307 -0.47612536 0.6765213 -1.27490854 -0.48395801 0.73350763 -1.30533814 -0.50293553 -0.05324435 -1.40864372 -0.44593477 0.65648937 -1.3749392 -0.46371329 0.65755939 -1.37968481 -0.47132754 0.71931529 -1.35234642 -0.47700691 0.75796366 -1.37862742 -0.46524787 0.68850064 -1.26213813 -0.49519646 -0.08373117 -1.40512156 -0.46195626 0.71850777 -1.40877044 -0.45853961 0.74878955 -1.40962529 -0.44655275 0.68741155 -1.42024958 -0.43437767 0.68707418 2.23089099 -0.40014836 0.36080489 -1.56816113 -0.42151928 0.80619144 -1.59908307 -0.42153621 0.80520988 -1.5691427 -0.43161893 0.83711314 -1.53822088 -0.42368054 0.83809471 -1.53723931 -0.41971374 0.80717301 -1.51094198 -0.40069044 0.83896065 -1.50765347 -0.40301847 0.80589914 -1.50533593 -0.41997623 0.77723265 -1.47772539 -0.40406299 0.81097388 -1.47637689 -0.39238739 0.84005785 2.21034241 -0.40249646 0.3519125 2.22480536 -0.39799842 0.33903745 2.21478224 -0.40025854 0.30318472 2.16720676 -0.40582573 0.28543067 2.21155 -0.40028659 0.29171091 2.20542836 -0.39792123 0.26981443 -1.59515667 -0.4418745 0.68152213 -1.62593782 -0.43766189 0.67609882 -1.59786904 -0.44592357 0.7116909 2.19498634 -0.40068674 0.24468017 2.1985333 -0.39991653 0.24501061 -1.62506461 -0.40437925 0.6485908 -1.59477842 -0.43437767 0.66960526 2.15912247 -0.39921463 0.21322894 2.19567585 -0.399414 0.23478997 2.18626261 -0.39588892 0.20121618 -1.56566989 -0.43363988 0.68245792 2.15333748 -0.39612401 0.09075069 2.15717316 -0.39603081 0.09706257 2.15544057 -0.39601734 0.09086479 -1.62911558 -0.39804149 0.619133 -1.59463978 -0.40404594 0.64083934 2.15508413 -0.39596826 0.08958962 -1.57663071 -0.43090367 0.71886325 -1.60286522 -0.4335382 0.74210191 -1.6550374 -0.41946554 0.61771512 -1.62253332 -0.40749705 0.59253979 2.15453219 -0.3960622 0.08761567 -1.59319353 -0.39498591 0.61967826 -1.56325316 -0.42881346 0.65158153 2.64504862 -0.29710525 2.05087662 2.69369674 -0.28838515 2.01622701 2.68093586 -0.33084267 2.01883984 -1.56619799 -0.41898346 0.74434733 -1.5330199 -0.40426123 0.68377352 -1.65344596 -0.43486357 0.5884335 1.46736515 -0.40972102 2.53876925 1.41585326 -0.40182266 2.56344223 1.46197438 -0.40775898 2.55058193 -1.5641861 -0.40457225 0.6170454 -1.5981015 -0.41598868 0.77428794 -1.53675306 -0.40139866 0.7204411 -1.59221196 -0.39673853 0.58875632 -1.62386632 -0.43403578 0.55568814 -1.92708814 -0.44864559 -0.53413391 -1.97620404 -0.44751096 -0.51997119 -1.97445858 -0.44751951 -0.51383811 -1.95886004 -0.44797015 -0.53719354 -1.53233135 -0.418432 0.6525631 -1.56717956 -0.41480947 0.77526951 -1.53527617 -0.41951156 0.7453289 -1.50245178 -0.37406957 0.68637729 -1.58101237 -0.4058181 0.5610826 -1.65307426 -0.44263983 0.55587101 -1.98127162 -0.45128185 -0.53809756 -1.98717868 -0.45571125 -0.55928081 -1.5621376 -0.3968991 0.58920765 -1.53119886 -0.40567493 0.61688709 -1.53625774 -0.42165041 0.77625108 -1.50435436 -0.42506742 0.74631047 -1.51784778 -0.40344024 0.65302277 -1.51261449 -0.3725028 0.71509552 -1.6520927 -0.44634676 0.52494931 -1.96123743 -0.45891905 -0.59970045 -1.61602759 -0.43670917 0.5260942 -1.99595225 -0.46121553 -0.59066361 -2.00338364 -0.4631032 -0.61724508 -1.50379372 -0.40344024 0.72864962 -1.50356054 -0.36932409 0.7181747 -1.50140953 -0.3938427 0.65354466 -1.55609941 -0.40328586 0.50233555 -2.02313328 -0.46447849 -0.73337674 -2.03273344 -0.46489924 -0.72214067 -2.0266664 -0.46501592 -0.70043951 -2.00972843 -0.46597835 -0.64000994 -1.59218192 -0.4332422 0.49224377 -1.95887637 -0.46559286 -0.66063404 -1.99940228 -0.46487677 -0.74687457 -2.02015519 -0.46564415 -0.67724741 -1.53036821 -0.39810443 0.59071946 -1.50058937 -0.40552807 0.62770581 -1.47342932 -0.41821182 0.7474165 -1.49043763 -0.3725028 0.71579957 -1.47146893 -0.38270402 0.68544841 -1.52904272 -0.39558423 0.53148961 -2.03539157 -0.46539813 -0.73164892 -1.6640687 -0.4451468 0.48761106 -2.04186535 -0.46317077 -0.75490338 -2.03875208 -0.46362445 -0.74366915 -1.51428831 -0.40344024 0.59122992 -1.47245061 -0.38915062 0.71637034 -1.47089803 -0.40448284 0.65496397 -2.04562545 -0.46347114 -0.7683714 -2.00709152 -0.46612155 -0.79223418 -1.49749064 -0.41919899 0.57664657 -1.44273198 -0.40531874 0.71731377 -1.46558464 -0.4397862 0.62174106 -1.44348192 -0.40638423 0.68633676 -1.51652133 -0.40272701 0.54889226 -1.43822062 -0.43403006 0.65513158 -1.51068926 -0.40344024 0.49848485 -1.48226261 -0.43437767 0.59224653 -1.49659586 -0.431427 0.53017879 -1.42024958 -0.43437767 0.68707418 -1.43869996 -0.45249462 0.62385392 -1.46754265 -0.44773602 0.56176043 -1.40864372 -0.44593477 0.65648937 -2.04849625 -0.4614161 -0.77853334 -2.03778028 -0.46061134 -0.79507947 -2.05263042 -0.45907575 -0.79332066 -2.06522751 -0.45622835 -0.83837998 -2.06867814 -0.45545289 -0.85080415 -2.03897476 -0.45773911 -0.88037014 -2.06852055 -0.45467281 -0.90406084 -2.07809234 -0.4548848 -0.88439655 -2.07085705 -0.45513776 -0.85851568 -2.08224583 -0.45761344 -0.89925277 -2.08439398 -0.45815665 -0.90693736 -2.09262967 -0.46227255 -0.93639541 -2.07023764 -0.46945596 -0.96863508 -2.09641051 -0.4654111 -0.94997805 -2.09702969 -0.46598402 -0.95225281 -2.06293011 -0.47772193 -1.00283456 -2.10006452 -0.46731651 -0.96298361 -2.09874606 -0.47416735 -1.00593066 -2.10637474 -0.47279075 -0.9855336 -2.11492538 -0.48457289 -1.04210734 -2.11826515 -0.48326036 -1.02806461 -2.12058568 -0.48465461 -1.03636563 -2.12163305 -0.48527434 -1.04011214 -2.12316847 -0.4855693 -1.04560375 -2.12260246 -0.48790109 -1.07457566 -2.13072014 -0.48843879 -1.07262063 -2.13329959 -0.48753688 -1.08184755 -1.87492859 -0.39837337 -0.25595164 -1.90328348 -0.39785582 -0.25918818 -1.90263355 -0.39741254 -0.25683111 -1.87400961 -0.40418363 -0.284904 -1.90512598 -0.39900881 -0.26567727 -1.90327859 -0.40336418 -0.28797626 -1.90132296 -0.39713854 -0.25210881 -1.87591016 -0.39622688 -0.22502947 -1.90973902 -0.40190077 -0.2821779 -1.8939122 -0.39094809 -0.22560091 -1.92010677 -0.40685046 -0.31929171 -1.91711068 -0.40341392 -0.30854589 -1.90388727 -0.41964793 -0.31877685 -1.91142035 -0.40108931 -0.28819174 -1.89142406 -0.3919192 -0.216754 -1.85213661 -0.40405536 -0.19315028 -1.88514662 -0.39007381 -0.19429992 -1.87894082 -0.39731169 -0.17200589 -1.87143958 -0.40168643 -0.16600871 -1.92664695 -0.41372108 -0.3426854 -1.92884076 -0.415041 -0.35059041 -1.89841712 -0.43587434 -0.35686278 -1.93136656 -0.41798735 -0.3595511 -1.92662811 -0.43270743 -0.38379645 -1.9081111 -0.45102084 -0.40794277 -1.9458046 -0.43988809 -0.41128561 -1.94147027 -0.43359286 -0.39569172 -1.88260615 -0.45983076 -0.43167377 -1.95665777 -0.45100793 -0.45006257 -1.93594337 -0.42557475 -0.37592223 -1.93804061 -0.42762828 -0.38342392 -1.93812978 -0.456882 -0.47056556 -1.96874094 -0.45097831 -0.49328357 -1.95962131 -0.45126125 -0.46066305 -2.16182232 -0.50835514 -1.31223011 -2.22096825 -0.52333206 -1.39553237 -2.20172763 -0.51563954 -1.32670963 -2.18835211 -0.52071786 -1.4064908 -2.22693396 -0.52612615 -1.41687095 -2.12391663 -0.51565111 -1.41242552 -2.22752452 -0.52658212 -1.41921985 -2.23062801 -0.52650166 -1.43027282 -2.16645145 -0.51631355 -1.51696301 -2.21952844 -0.52370656 -1.5032258 -2.237185 -0.5274961 -1.45352316 -2.23360515 -0.52671647 -1.44071889 -2.25310707 -0.52659392 -1.51047623 -2.25435162 -0.5259667 -1.5148598 -2.24540186 -0.52259183 -1.52752829 -1.67418039 -0.41148615 0.24567032 -1.70438087 -0.4048351 0.24048972 -1.70608401 -0.41926527 0.27561092 -2.25691342 -0.52392882 -1.52402329 -1.67513502 -0.42121577 0.2772789 -1.89584565 -0.5600909 -2.42309093 -1.90205574 -0.56016302 -2.42891765 -1.9184562 -0.56255448 -2.42433262 -1.71063912 -0.41926932 0.3163805 -1.64325845 -0.42260289 0.24665189 -1.93892646 -0.56444037 -2.41858149 -1.6771251 -0.41999149 0.33843613 -1.64292073 -0.41473091 0.30142474 -1.9042697 -0.55944777 -2.39239693 -1.97384834 -0.5545361 -2.36551332 -1.95351386 -0.56370211 -2.41449594 -1.70804715 -0.41705537 0.33745456 -1.61350322 -0.43547046 0.24952626 -1.98467302 -0.56742674 -2.40578485 -2.01643586 -0.55907524 -2.36514187 -2.0009656 -0.56788355 -2.40124154 -2.02331996 -0.56775868 -2.39499187 -2.0555563 -0.55852747 -2.36649513 -2.02596688 -0.56747872 -2.39426422 -1.67941666 -0.43392491 0.38752866 -1.64620316 -0.42318702 0.3394177 -1.61083269 -0.42810106 0.28046036 -2.05493212 -0.56145126 -2.38616657 -2.08647823 -0.55859661 -2.36747646 -2.07148314 -0.56072432 -2.38154912 -1.70622635 -0.4243679 0.37113047 -1.61446822 -0.42293751 0.31032467 -1.55380225 -0.47026992 0.24995875 -2.09169173 -0.55843508 -2.37589931 -2.11693907 -0.55687177 -2.36885071 -1.68006992 -0.4476738 0.43120193 -1.64663064 -0.43388379 0.38814592 -1.61626291 -0.4279561 0.37132144 -1.58870435 -0.43785489 0.33803558 -1.5499258 -0.46478629 0.27697468 -2.11710477 -0.55685568 -2.36844873 -2.11824703 -0.55693632 -2.36848497 -1.64425874 -0.44008374 0.43314242 -1.51019359 -0.48018074 0.24117923 -2.11933827 -0.54978263 -2.30674601 -2.13386893 -0.55746263 -2.36405659 -1.69736791 -0.45243454 0.4616034 -1.61768508 -0.43715525 0.43297315 -1.61724448 -0.43039536 0.4022429 -1.58515453 -0.43290043 0.36643291 -1.54456806 -0.45891976 0.32133865 -2.14916754 -0.55677783 -2.34281492 -2.13844943 -0.55780846 -2.36282039 -2.14862251 -0.56490541 -2.35997629 -1.6640687 -0.4451468 0.48761106 -1.61792636 -0.44054174 0.47521162 -1.48128259 -0.47608602 0.31498647 -2.16337204 -0.56571019 -2.35585284 -1.58495891 -0.43633449 0.46517396 -1.57405138 -0.43465388 0.41992617 -1.55413973 -0.44379222 0.38549137 -1.46422029 -0.47628701 0.34190202 -1.43972909 -0.48712265 0.26239705 -1.61602759 -0.43670917 0.5260942 -1.59218192 -0.4332422 0.49224377 -1.52119505 -0.4519068 0.35955358 -1.40964723 -0.48320222 0.33925009 -1.55736375 -0.42040634 0.46604991 -1.55640507 -0.43470335 0.43584967 -1.52447867 -0.44657683 0.40518785 -1.43300021 -0.47982311 0.4307301 -1.49709094 -0.45671606 0.40298319 -1.55609941 -0.40328586 0.50233555 -1.46408153 -0.47225273 0.40666652 -1.52662098 -0.40755785 0.47267342 -1.52548289 -0.43477046 0.43682313 -1.49453855 -0.4475131 0.43709135 -1.46485257 -0.46600986 0.44200516 -1.5274235 -0.39626551 0.49795365 -1.52904272 -0.39558423 0.53148961 -1.51068926 -0.40344024 0.49848485 -1.49439943 -0.43324459 0.46422791 -1.67088056 -0.40411592 0.12395573 -1.66721165 -0.43244445 0.0911262 -1.70075095 -0.40357244 0.09039307 -1.65558338 -0.43437767 0.12244821 -1.69921291 -0.40966487 0.05915713 -1.70117605 -0.39418221 0.12100077 -1.6385926 -0.45194602 0.09724832 -1.66652381 -0.39933872 0.153054 -1.72442377 -0.40241551 0.05616498 -1.66576147 -0.43244815 0.05324554 -1.73209786 -0.39913607 0.1200192 -1.70215774 -0.39297056 0.15192294 -1.64255893 -0.44255376 0.15826654 -1.70213032 -0.43516099 0.02926779 -1.73111629 -0.3926456 0.08909774 -1.63736892 -0.45240998 0.06112027 -1.59664333 -0.46368289 0.11998415 -1.63987172 -0.42727232 0.18506122 -1.67221725 -0.38514256 0.18382668 -1.76105666 -0.40270114 0.05719399 -1.66730928 -0.44631076 0.02921653 -1.76272821 -0.37224293 0.11906004 -1.73307955 -0.40340018 0.15094137 -1.60115063 -0.46696413 0.05476952 -1.59019661 -0.47124624 0.09047532 -1.60939193 -0.44819522 0.15486765 -1.65425813 -0.40344024 0.18439674 -1.73874879 -0.40239251 0.18198299 -1.76246202 -0.37287712 0.08810258 -1.76400149 -0.39888978 0.1499598 -1.63759899 -0.46555126 0.03118873 -1.54975212 -0.48338103 0.11106849 -1.57682979 -0.45870054 0.15658975 -1.62381792 -0.43249524 0.18681526 -1.64227688 -0.41993928 0.21572971 -1.70412087 -0.39734364 0.21376657 -1.6728121 -0.4030664 0.21594524 -1.79254889 -0.3730011 0.05764818 -1.79459906 -0.37225866 0.11895227 -1.76481199 -0.40506399 0.17549229 -1.62650752 -0.46543288 0.00202823 -1.55424857 -0.48585236 0.03559661 -1.57945144 -0.45067167 0.18677139 -1.73321807 -0.4038682 0.21081305 -1.79296017 -0.36348152 0.08713436 -2.28981662 -0.49649608 -2.31168318 -2.2933073 -0.5038867 -2.31953549 -2.32036614 -0.52395874 -2.31197071 -2.32719231 -0.5302695 -2.31003642 -1.76596463 -0.41914153 0.21180344 -1.50750315 -0.49248958 0.10256171 -1.5509522 -0.46961677 0.18414164 -1.57658541 -0.46011722 0.21838784 -2.30596828 -0.5136745 -2.28134346 -2.33838367 -0.53540182 -2.30690765 -2.2034483 -0.52719021 -2.34023714 -2.19677782 -0.54600698 -2.34652233 -2.20550156 -0.52719021 -2.34408736 -1.53630507 -0.49503732 -0.03380847 -1.51388073 -0.4836241 0.17726684 -2.18650007 -0.55987549 -2.34110117 -2.21156383 -0.50113624 -2.34239507 -2.21170282 -0.4968338 -2.34049892 -1.47116506 -0.50142503 0.0061121 -1.46296585 -0.49491274 0.1334939 -1.54951108 -0.4739356 0.21867466 -2.21183777 -0.49629819 -2.30956411 -2.21766901 -0.49466503 -2.34068847 -2.23635483 -0.48778054 -2.33543348 -2.24307394 -0.49559009 -2.30981779 -2.24231339 -0.48817435 -2.33377671 -2.21396923 -0.49678972 -2.34172273 -2.2603147 -0.4972842 -2.32874417 -2.27397299 -0.49044132 -2.31152248 -2.27306485 -0.49407792 -2.32519007 -2.28348613 -0.49718246 -2.32228112 -1.89584565 -0.5600909 -2.42309093 -1.89519584 -0.55954975 -2.43083549 -1.90205574 -0.56016302 -2.42891765 -1.81680655 -0.54489887 -2.45234823 -1.81802845 -0.54510486 -2.45241618 -1.81689012 -0.5448091 -2.45273423 -1.77346992 -0.54246056 -2.45415926 -1.78601539 -0.54129457 -2.46135569 -1.77724481 -0.54016405 -2.46380758 -1.76138651 -0.54010886 -2.46824098 -1.68905497 -0.53919601 -2.48005819 -1.69648623 -0.53791964 -2.48638725 -1.6849314 -0.5354892 -2.48961759 -1.65851653 -0.5278151 -2.49700236 -1.64177179 -0.52392 -2.50166798 -1.82191896 -0.35765719 0.02430868 -1.7921474 -0.3731631 0.0234952 -1.8209374 -0.36631823 -0.00661302 -1.64229119 -0.5362879 -2.47736883 -1.24373364 -0.48870134 -2.58834934 -1.26201892 -0.48804116 -2.60783386 -1.27417564 -0.48234588 -2.60444474 -1.27465546 -0.47730303 -2.58933067 -1.63619685 -0.5236128 -2.50320935 -1.89488351 -0.46629679 -0.58558393 -1.83927453 -0.46952105 -0.55057597 -1.85947692 -0.47542334 -0.61157513 -1.8641175 -0.46545279 -0.51186514 -1.80063796 -0.47430456 -0.53779531 -1.92137194 -0.46251106 -0.61604643 -1.89701617 -0.45996451 -0.5352304 -1.83934176 -0.46459281 -0.43801045 -1.80276728 -0.47146535 -0.50028634 -1.89869845 -0.46440208 -0.50395942 -1.76334774 -0.47760963 -0.48168731 -1.92708814 -0.44864559 -0.53413391 -1.78078306 -0.47027826 -0.40546441 -1.88260615 -0.45983076 -0.43167377 -1.71510863 -0.49302983 -0.51218963 -1.93812978 -0.456882 -0.47056556 -1.79328752 -0.46325469 -0.31496382 -1.85262489 -0.4546895 -0.36777878 -1.72125089 -0.48075032 -0.44052196 -1.5878011 -0.5419569 -2.4754591 -1.74615324 -0.47251129 -0.321141 -1.69894755 -0.48001754 -0.4018414 -1.63262439 -0.49868155 -0.44250178 -1.67829227 -0.48031199 -0.35746312 -1.73162675 -0.46837187 -0.26926112 -1.85805202 -0.44248712 -0.32350135 -1.62870991 -0.50993347 -0.51504374 -1.66668415 -0.47759759 -0.2856133 -1.78298771 -0.45635486 -0.26326919 -1.81210315 -0.44959521 -0.28491044 -1.61209786 -0.49596906 -0.37293172 -1.6035136 -0.48955047 -0.30098009 -1.65542638 -0.46968055 -0.23339534 -1.78291345 -0.44419587 -0.21997261 -1.59455812 -0.50117433 -0.43012691 -1.61739898 -0.47975957 -0.23229504 -1.71618748 -0.45816207 -0.22075915 -1.81465077 -0.43498635 -0.25220037 -1.7897234 -0.43674839 -0.20654917 -1.5515548 -0.50739896 -0.3768549 -1.57916236 -0.48413944 -0.18681479 -1.63267314 -0.46622205 -0.18635535 -1.68918777 -0.45421767 -0.18692231 -1.75045466 -0.44905019 -0.18919921 -1.53759038 -0.49904859 -0.29023218 -1.54860914 -0.49473488 -0.23401499 -1.81406629 -0.4242382 -0.22306633 -1.77790332 -0.42545974 -0.16041923 -1.45876718 -0.51906908 -0.32734919 -1.51523626 -0.49741066 -0.14840221 -1.63049781 -0.46991682 -0.15533328 -1.65848708 -0.46461797 -0.15622163 -1.69373739 -0.44982266 -0.14819026 -1.8150754 -0.4035306 -0.19127703 -1.83721602 -0.40344024 -0.25475454 -1.72326362 -0.44548845 -0.15827799 -1.4473716 -0.51550889 -0.27562523 -1.58464062 -0.47927523 -0.14825559 -1.4696306 -0.50864983 -0.19417596 -1.85213661 -0.40405536 -0.19315028 -1.84289718 -0.40252173 -0.28626323 -1.84745443 -0.4044652 -0.23105216 -1.81396639 -0.40263319 -0.16115713 -1.73840213 -0.43504524 -0.12736988 -1.50924778 -0.49740446 -0.1096344 -1.65890062 -0.46675599 -0.12725735 -1.87143958 -0.40168643 -0.16600871 -1.84400666 -0.38740611 -0.25497007 -1.79104149 -0.40704501 -0.12947655 -1.56222796 -0.48828542 -0.04956722 -1.45259392 -0.50064576 -0.09501624 -1.59946167 -0.47676814 -0.10052919 -1.69430506 -0.44415092 -0.09545231 -1.72522688 -0.43947148 -0.09643388 -1.87591016 -0.39622688 -0.22502947 -1.87492859 -0.39837337 -0.25595164 -1.81834185 -0.38968658 -0.11059999 -1.7510947 -0.43266034 -0.09725523 -1.53630507 -0.49503732 -0.03380847 -1.47116506 -0.50142503 0.0061121 -1.39427149 -0.50672925 -0.10751081 -1.64296746 -0.46445239 -0.09377933 -1.78725874 -0.40344024 -0.09787011 -1.85090244 -0.39125311 -0.11084843 -1.62650752 -0.46543288 0.00202823 -1.62613273 -0.4624877 -0.06236696 -1.72620845 -0.4430728 -0.06551218 -1.69528663 -0.44277644 -0.06453061 -1.7885493 -0.39145267 -0.07112789 -1.81897426 -0.37734222 -0.06845689 -1.62735903 -0.46098936 -0.03314161 -1.66436458 -0.45083642 -0.06354904 -1.75397444 -0.43207002 -0.06639361 -1.84989619 -0.38512182 -0.06943846 -1.66534615 -0.44506431 -0.03262711 -1.6962682 -0.44523168 -0.03360868 -1.73126817 -0.43694842 -0.03471971 -1.8200171 -0.37272763 -0.03560519 -1.76534319 -0.40801013 -0.03518343 -1.66632771 -0.44783163 -0.00170493 -1.78905535 -0.37330103 -0.03587866 -1.59020269 -0.52759218 -2.50702858 -1.59762001 -0.52600485 -2.5140264 -1.62426019 -0.5235858 -2.50657868 -1.66730928 -0.44631076 0.02921653 -1.69724977 -0.44674182 -0.0026865 -1.72838402 -0.43453586 -0.00275731 -1.79001546 -0.34585619 -0.00563145 -1.77779675 -0.3725028 -0.00524354 -1.75939202 -0.4037019 -0.00149131 -1.8209374 -0.36631823 -0.00661302 -1.70213032 -0.43516099 0.02926779 -1.72915316 -0.41985512 0.02725339 -1.7921474 -0.3731631 0.0234952 -1.75842786 -0.40253341 0.02632403 -1.72442377 -0.40241551 0.05616498 -1.76105666 -0.40270114 0.05719399 -1.79254889 -0.3730011 0.05764818 -1.30454671 -0.45833743 -2.5901475 -1.29618573 -0.46626779 -2.5983007 -1.58883989 -0.52449274 -2.51648092 -1.30648267 -0.45935467 -2.59542203 -1.57541037 -0.52793819 -2.52023554 -1.31158972 -0.46675396 -2.56121206 -1.3229835 -0.45486364 -2.59080887 -1.33361447 -0.45398903 -2.5878098 -1.55789661 -0.53656745 -2.47916269 -1.557423 -0.52996314 -2.52522731 -1.33748102 -0.45752645 -2.56037235 -1.33663666 -0.45304522 -2.58697128 -0.91831195 -0.36961961 -0.16367865 -0.91862273 -0.37269652 -0.19501209 -0.96247131 -0.37255979 -0.16087317 -0.89214331 -0.37290645 -0.16350889 -0.92338634 -0.37311769 -0.13013053 -0.88640857 -0.35601449 -0.19361901 -0.95456445 -0.37230754 -0.05585694 -0.88624769 -0.37674069 -0.11637616 -0.85536575 -0.37246537 -0.19050121 -0.91063768 -0.3715266 -0.04903221 -0.99277627 -0.37731802 -0.05494595 -0.82736802 -0.3781538 -0.1723237 -0.89864469 -0.36665606 0.01507425 -0.99705821 -0.37335467 0.02428842 -1.05963516 -0.39317513 -0.1302228 -0.83080423 -0.37744999 -0.07562327 -0.81038153 -0.38038635 -0.12357712 -0.95004386 -0.3674432 0.04710245 -1.05463696 -0.39251733 -0.08278966 -0.90534329 -0.35960007 0.11735201 -1.04873252 -0.38957059 0.00219703 -0.98746449 -0.37094736 0.08815765 -1.09817362 -0.40557218 -0.17323756 -0.81939721 -0.36088943 0.12883711 -0.93510818 -0.36133242 0.13867068 -1.10805321 -0.4144187 -0.08500791 -1.017133 -0.37925434 0.08310103 -0.89688051 -0.35952771 0.14969802 -1.0809474 -0.4063133 0.00874472 -1.04720366 -0.39249313 0.115628 -0.96723032 -0.36773264 0.18342876 -1.15741062 -0.43239617 -0.18008399 -0.84410661 -0.36300707 0.17727923 -0.9209007 -0.3639034 0.24404812 -1.11749101 -0.42300153 -0.04711747 -1.06271172 -0.40219629 0.11986995 -1.15539896 -0.43717921 -0.11359644 -1.1305306 -0.43901694 -0.01055932 -1.10840273 -0.43378544 0.06535983 -1.02233362 -0.38844633 0.21564674 -1.19379449 -0.46348739 -0.09607649 -1.17234659 -0.46545208 -0.02584386 -1.08987188 -0.42937589 0.15065885 -1.04760861 -0.40372801 0.22118425 -1.23019731 -0.48074591 -0.11671948 -1.14623427 -0.46235669 0.0364325 -1.13958323 -0.47136319 0.14621496 -1.20225132 -0.48186815 -0.03144717 -1.23145759 -0.49005103 -0.04980683 -1.17292857 -0.47653008 0.02529883 -1.20209956 -0.48800516 0.01907682 -1.26213813 -0.49519646 -0.08373117 -1.23769855 -0.49507439 -0.0138886 -1.2097528 -0.49561393 0.08561254 -1.17694485 -0.49197578 0.14224911 -1.18075752 -0.49534273 0.18503261 -1.20829296 -0.50126302 0.15376925 -1.51981509 -0.52743638 -2.50425434 -1.54752362 -0.52812022 -2.52800918 -1.86218083 -0.54232693 -1.38761616 -1.96021569 -0.52723992 -1.36397552 -1.94621885 -0.52921379 -1.28746414 -1.84571815 -0.54207253 -1.4554143 -2.08325672 -0.51671207 -1.35081005 -1.93460214 -0.52798045 -1.19516754 -1.81060624 -0.54623961 -1.45414782 -2.03298235 -0.51977491 -1.27152109 -1.84998405 -0.54249823 -1.20228291 -1.79611933 -0.55280995 -1.3022871 -2.11511612 -0.50390768 -1.26481962 -1.98723602 -0.52011228 -1.19780207 -1.81397927 -0.54096544 -1.09277797 -1.74286509 -0.55665886 -1.33942318 -2.05089378 -0.51391804 -1.23059464 -2.13213253 -0.5143075 -1.36566401 -2.01179934 -0.51006448 -1.14136004 -1.77023721 -0.55526865 -1.27279329 -1.88263357 -0.52608776 -1.0430758 -1.79055524 -0.54674292 -1.13402271 -2.09059501 -0.49686134 -1.19524097 -1.72156107 -0.55581594 -1.20974636 -1.78237045 -0.53336167 -0.94159269 -1.66863167 -0.54760957 -0.95821095 -1.70143032 -0.55868852 -1.2712121 -2.126616 -0.48779762 -1.17128611 -2.08667421 -0.493294 -1.15723848 -2.1662333 -0.5022428 -1.26676464 -2.0008986 -0.50616395 -1.08402681 -1.69478929 -0.55531585 -1.12033772 -1.52191424 -0.53270406 -2.53516865 -2.06009912 -0.49592543 -1.1361053 -1.66936541 -0.55712831 -1.20021868 -1.64011431 -0.5512141 -0.99252629 -2.09326935 -0.48960984 -1.11146951 -1.35707986 -0.45337799 -2.58125615 -1.50367248 -0.53086996 -2.54028511 -1.49281561 -0.52737784 -2.52837515 -2.03706145 -0.48817456 -1.04709983 -1.65735364 -0.55442166 -1.25413132 -1.66157639 -0.5555836 -1.11496401 -1.36786652 -0.45148796 -2.57825017 -1.36840284 -0.45184803 -2.56135416 -1.39904869 -0.45386505 -2.56481838 -1.39101863 -0.45318562 -2.5717895 -1.39904952 -0.45468429 -2.56954455 -2.06623244 -0.48124003 -1.05242348 -1.65398443 -0.54964793 -1.31211042 -1.62695479 -0.54606867 -1.27346659 -1.62889159 -0.55178785 -1.19708872 -1.63037908 -0.55344224 -1.1044457 -1.49223888 -0.52760226 -2.54348159 -1.40179169 -0.45545226 -2.5687778 -1.47405517 -0.51204741 -2.54856515 -1.42743385 -0.46862674 -2.5616138 -1.6014787 -0.54925573 -1.06480312 -1.42719781 -0.46839809 -2.56161833 -1.46313179 -0.51831317 -2.50245523 -1.46264625 -0.50511956 -2.55172038 -1.4574374 -0.50089079 -2.55320168 -1.62192237 -0.53303349 -1.35245085 -1.59551954 -0.53872347 -1.24564171 -1.59911335 -0.54680145 -1.13819289 -1.60323691 -0.55035245 -1.01032782 -1.44394517 -0.49625278 -2.53279877 -0.99287033 -0.49605966 -2.67202282 -0.99864852 -0.49407333 -2.68147707 -1.02438211 -0.4881866 -2.67429376 -1.02433538 -0.48818588 -2.67424393 -1.5820204 -0.52655697 -1.29038286 -1.62533736 -0.52329516 -1.43259001 -1.57138491 -0.53951311 -1.08998179 -1.58489323 -0.50370407 -1.41931677 -1.65069985 -0.52606511 -1.4930253 -1.56018782 -0.52603304 -1.20704699 -1.57288206 -0.54528606 -1.0069344 -1.51042879 -0.46951175 -1.38331842 -1.61543059 -0.50995266 -1.54098177 -1.5477016 -0.47968721 -1.46267557 -1.49250817 -0.48542261 -1.2294693 -1.54007614 -0.52720022 -1.06504703 -1.49268174 -0.47294903 -1.30983829 -1.50593662 -0.46104515 -1.46143961 -1.46968699 -0.45360303 -1.38187027 -1.56164324 -0.48694074 -1.53833103 -1.45896924 -0.46758068 -1.23984098 -1.43479347 -0.44967163 -1.32096434 -1.61326528 -0.50919092 -1.60937786 -1.4632889 -0.4449017 -1.4954648 -1.49089968 -0.4581486 -1.54550266 -1.43498385 -0.44047797 -1.42021132 -1.4038589 -0.43989754 -1.33735704 -1.43215156 -0.4375869 -1.51472712 -1.38902867 -0.4345274 -1.39882803 -1.40396357 -0.43469608 -1.51936769 -1.69921708 -0.52017903 -1.89088726 -1.65451264 -0.51785874 -1.88366032 -1.66594088 -0.52116072 -1.91963005 -1.67308092 -0.51220679 -1.84148407 -1.60674942 -0.51488698 -1.90059757 -1.72232902 -0.51206386 -1.86141253 -1.6383549 -0.51591277 -1.85800219 -1.60245264 -0.51129401 -1.85613108 -1.76111591 -0.50861645 -1.88053417 -1.70169675 -0.50884628 -1.82381105 -1.64129055 -0.51029432 -1.81860065 -1.55189657 -0.50550258 -1.88787413 -1.74302733 -0.51013875 -1.82586861 -1.67313874 -0.50759828 -1.78659201 -1.60841441 -0.50474668 -1.82609844 -1.54999864 -0.49580598 -1.85612392 -1.81934333 -0.51120269 -1.81815672 -1.6909374 -0.50889289 -1.7396822 -1.62621951 -0.49602532 -1.75914288 -1.61177433 -0.49485826 -1.8021636 -1.58082759 -0.49372578 -1.83165836 -1.51636922 -0.49717259 -1.85098314 -1.7747854 -0.51369452 -1.7697196 -1.62158453 -0.49602747 -1.73381424 -1.54160023 -0.47934103 -1.82421589 -1.50059497 -0.51290143 -1.8825531 -1.84285581 -0.51126885 -1.75170612 -1.67445338 -0.50940013 -1.70015049 -1.7472297 -0.51221085 -1.7401042 -1.58590674 -0.48719084 -1.73449898 -1.57847404 -0.47514248 -1.79419518 -1.47988296 -0.50584686 -1.85277081 -1.47346199 -0.49387419 -1.82400227 -1.85676956 -0.51034641 -1.8296237 -1.72744977 -0.51452875 -1.70472479 -1.63947785 -0.50366926 -1.69176292 -1.56965506 -0.48644006 -1.68501711 -1.54755223 -0.47193789 -1.79321337 -1.41333961 -0.51018548 -1.8686738 -1.50319576 -0.4790535 -1.79179621 -1.88930237 -0.51577973 -1.76873636 -1.71820843 -0.52280796 -1.64429045 -1.67726243 -0.52400422 -1.62260962 -1.54766536 -0.47489226 -1.76363945 -1.54951537 -0.48408937 -1.73136997 -1.4049201 -0.5158366 -1.92327213 -1.45478642 -0.48870277 -1.79026842 -1.81100237 -0.51240206 -1.70795584 -1.88142717 -0.51568949 -1.69059229 -1.81778812 -0.52560568 -1.60615873 -1.6383357 -0.51450014 -1.63898134 -1.59138393 -0.49167955 -1.67151737 -1.55049694 -0.48622489 -1.70044756 -1.36538208 -0.517735 -1.95243168 -1.44503653 -0.51698792 -1.95269918 -1.40331733 -0.49659336 -1.79971647 -1.48282802 -0.48541939 -1.75730419 -1.92679811 -0.51671684 -1.66712236 -1.74830067 -0.52916098 -1.5838995 -1.64472771 -0.51921868 -1.60839605 -1.56218541 -0.48718548 -1.63590574 -1.51859331 -0.48701525 -1.73038864 -1.52055645 -0.47441053 -1.66854429 -1.51957488 -0.4829433 -1.69946575 -1.32343733 -0.51040947 -1.888237 -1.3349452 -0.50181675 -1.81364727 -1.88288879 -0.51879764 -1.65082502 -1.70848596 -0.53188336 -1.54331017 -1.77589476 -0.54700494 -1.4631443 -1.67749548 -0.52911639 -1.53509808 -1.52707899 -0.4753412 -1.61092854 -1.32951665 -0.5069567 -1.84808922 -1.38592923 -0.4764359 -1.70449972 -1.86883175 -0.52307057 -1.60725594 -1.72865891 -0.54758692 -1.44717741 -1.48865294 -0.47475624 -1.69848442 -1.48767138 -0.48692513 -1.72940683 -1.49128056 -0.46460307 -1.66896391 -1.22491562 -0.51032662 -1.84529352 -1.36404276 -0.48132443 -1.72908545 -1.45674956 -0.48167419 -1.7284255 -1.68553102 -0.54123807 -1.44043493 -1.49577761 -0.46336758 -1.63201857 -1.23132122 -0.50244164 -1.81328535 -1.36366129 -0.46857011 -1.68338108 -1.32438922 -0.48356342 -1.74795294 -1.43653953 -0.47653258 -1.69969606 -1.71553886 -0.55518496 -1.35159063 -1.45915115 -0.46531534 -1.65277147 -1.30840075 -0.49481809 -1.78682756 -1.16038668 -0.50691009 -1.80939722 -1.42437792 -0.46988106 -1.66312504 -1.33533096 -0.46473598 -1.69579363 -1.68473935 -0.55498731 -1.31917286 -1.43519235 -0.44653058 -1.5972333 -1.24650753 -0.47886992 -1.7553463 -1.22318745 -0.46807742 -1.72809601 -1.36692846 -0.44844389 -1.63271475 -1.31330371 -0.44634938 -1.6802969 -1.27966928 -0.4631598 -1.72246885 -1.41625071 -0.4560858 -1.63182306 -1.39704061 -0.44403923 -1.59633255 -1.36693323 -0.44253218 -1.59671402 -1.27188015 -0.44598627 -1.69035196 -1.30649543 -0.43980277 -1.65818119 -1.32925606 -0.43822277 -1.58413363 -1.16274762 -0.51069415 -1.92589903 -1.19275975 -0.51160097 -2.01053333 -1.24265265 -0.50955248 -1.93800592 -1.12961268 -0.51138961 -1.98042393 -1.20520842 -0.51230907 -1.87174988 -1.09711647 -0.51429725 -2.08682203 -1.11813986 -0.51302612 -1.93244839 -1.11914086 -0.51878548 -1.87274504 -1.05166745 -0.51012194 -1.95685577 -1.01484919 -0.51613224 -2.06513453 -1.05815816 -0.51806581 -1.89958096 -1.12952149 -0.51578915 -1.84265041 -1.03460026 -0.51714563 -2.12116289 -1.0104624 -0.51357234 -1.95679522 -1.04017043 -0.51767576 -1.87189865 -1.08666658 -0.51286459 -1.83186483 -0.93250376 -0.51068306 -2.104846 -0.97008812 -0.51186764 -2.02848768 -0.99704528 -0.51624346 -1.90562725 -0.96286011 -0.50444973 -1.83771133 -0.93488371 -0.50764859 -1.89792681 -0.91591758 -0.50960755 -1.98783255 -0.92759216 -0.50912583 -1.94614935 -1.00294757 -0.49914479 -1.80347013 -0.8604359 -0.51224411 -2.03826237 -0.91802579 -0.50309169 -1.84551287 -0.94624579 -0.50358975 -1.80939293 -0.83499432 -0.50184333 -1.91573858 -0.81067741 -0.5032053 -1.96678114 -0.89240032 -0.50901866 -1.78014421 -0.83281791 -0.50090599 -1.84221649 -0.79192877 -0.49837947 -1.92524576 -0.74590451 -0.49106574 -1.96421003 -0.85052228 -0.50647044 -1.75705194 -0.80912095 -0.49985051 -1.78286171 -0.72630751 -0.48523653 -1.91390657 -0.89571863 -0.51568222 -1.70404291 -0.77577078 -0.49590302 -1.84227324 -0.74317193 -0.48884094 -1.81643105 -0.77741778 -0.49408388 -1.76592827 -0.70566857 -0.47917569 -1.83969831 -0.74932039 -0.49235964 -1.68770361 -0.72224712 -0.48724616 -1.74595928 -0.8482033 -0.51042116 -1.62367535 -0.6069144 -0.46815801 -1.7606082 -0.76722288 -0.50076878 -1.63692045 -0.7033602 -0.48809731 -1.66761827 -0.63192737 -0.47698319 -1.72411489 -0.69134283 -0.49778271 -1.58675432 -0.73617244 -0.55020189 -1.03365874 -0.76062191 -0.54537261 -0.99248409 -0.73707896 -0.55054474 -0.97440434 -0.76678538 -0.5459578 -1.07130122 -0.7404052 -0.5493921 -0.91504383 -0.70783949 -0.55154252 -1.00226974 -0.73214114 -0.54489827 -1.12214613 -0.81130618 -0.53055954 -1.0707202 -0.80941403 -0.52141142 -0.98226929 -0.70916581 -0.55559206 -0.91297245 -0.70098126 -0.54146576 -1.12385893 -0.76478577 -0.54598546 -1.13910222 -0.79465371 -0.53970146 -1.09781623 -0.81854999 -0.51988113 -1.02642989 -0.89743954 -0.47928536 -0.93277693 -0.71020424 -0.55462694 -0.86899352 -0.67152691 -0.53646922 -1.13119841 -0.67670441 -0.55374527 -0.93192458 -0.78017688 -0.54096389 -1.21938372 -0.69452262 -0.53998828 -1.21111059 -0.84691906 -0.5246799 -1.15198946 -0.86873072 -0.493927 -1.0184164 -0.82926726 -0.50753903 -0.8909719 -0.66744596 -0.5579809 -0.83926129 -0.74827886 -0.54396951 -0.87220073 -0.65900671 -0.54516375 -1.0239377 -0.81494772 -0.53801274 -1.20572329 -0.81133306 -0.53820562 -1.17137527 -0.88372856 -0.49893498 -1.09829187 -0.92298943 -0.46753311 -1.04236031 -0.95271975 -0.45451748 -0.96609521 -0.93133259 -0.45438528 -0.89335155 -0.68437725 -0.55959654 -0.81936622 -0.70905888 -0.55674911 -0.79474211 -0.58685476 -0.52625489 -1.17263651 -0.62340879 -0.52792299 -1.09902191 -0.64217544 -0.55094206 -0.91880798 -0.83919823 -0.54163492 -1.30049467 -0.68421924 -0.53665125 -1.31953049 -0.85831368 -0.5274415 -1.20029354 -0.89237964 -0.50672114 -1.17764664 -0.93667197 -0.46075046 -1.00764489 -0.9554019 -0.44054615 -0.88357139 -0.74224532 -0.5456723 -0.80797648 -0.85322946 -0.49218535 -0.87026596 -0.63935661 -0.55553234 -0.74429297 -0.58403867 -0.52248919 -1.12710738 -0.58796513 -0.52751184 -1.21139669 -0.58773404 -0.52210379 -1.06827426 -0.61734915 -0.54446578 -0.93854499 -0.60169923 -0.54603994 -0.89536119 -0.85190338 -0.53815627 -1.26883984 -0.78696716 -0.54145038 -1.3225708 -0.75521052 -0.54015398 -1.34819794 -0.63090253 -0.53000617 -1.30976915 -0.92751938 -0.47013867 -1.08997798 -0.96815097 -0.44882894 -1.03572607 -0.99121755 -0.43448067 -0.9380331 -0.75249434 -0.53404391 -0.71363711 -0.89235544 -0.46639347 -0.85760236 -0.82732451 -0.49893105 -0.81837916 -0.95741516 -0.43433213 -0.83065009 -0.68217349 -0.55709922 -0.74893069 -0.58528411 -0.5453397 -0.76704025 -0.53193021 -0.51427937 -1.17356825 -0.5745616 -0.52520418 -1.01096416 -0.57997459 -0.54428709 -0.83242393 -0.88165289 -0.53687739 -1.32783365 -0.69032514 -0.53419518 -1.36755466 -0.88843828 -0.52807868 -1.27248383 -0.951168 -0.47470474 -1.18791819 -0.95517951 -0.45743263 -1.0911119 -0.98318356 -0.43158865 -0.88004065 -0.92748952 -0.43410206 -0.79490328 -0.86848164 -0.46417725 -0.79115629 -0.71827602 -0.54757953 -0.70766997 -0.6545065 -0.55810916 -0.66947699 -0.61624873 -0.55442762 -0.67491388 -0.50127542 -0.50670075 -1.10434031 -0.50027519 -0.5098542 -1.03676939 -0.50620311 -0.5212779 -0.89289165 -0.54702067 -0.52287102 -0.95960593 -0.92450482 -0.50314009 -1.24162054 -1.01001549 -0.4492501 -1.1370554 -1.01307738 -0.43397832 -1.01979089 -1.01657939 -0.42775774 -0.92209721 -0.83137649 -0.48939681 -0.75461125 -0.89830917 -0.44417179 -0.78905654 -1.0135864 -0.42550027 -0.8215332 -0.96463811 -0.4236517 -0.76262975 -0.68598878 -0.55533206 -0.69715428 -0.55077404 -0.53903162 -0.80637264 -0.51610935 -0.52848148 -0.69333696 -0.74799585 -0.52555513 -0.65393448 -0.4630613 -0.49659312 -1.13710141 -0.41745752 -0.49577641 -0.99111438 -0.91077709 -0.52584553 -1.30135441 -0.98139429 -0.46593809 -1.20503664 -0.78962135 -0.50313008 -0.68092084 -0.90262669 -0.43614876 -0.74552655 -0.86556375 -0.45557725 -0.74417615 -0.93025243 -0.42655361 -0.74127316 -0.68879431 -0.55045581 -0.62827444 -0.65744156 -0.55625999 -0.6123383 -0.50705218 -0.52872789 -0.76515651 -0.59021395 -0.55029249 -0.62445807 -0.71678269 -0.54038441 -0.64128685 -0.44330561 -0.49307466 -1.08245349 -0.43924955 -0.50645947 -0.90282297 -0.45111522 -0.5127368 -0.82298446 -0.97677398 -0.49432278 -1.31166983 -1.0018301 -0.46797371 -1.24206638 -1.04538345 -0.44177556 -1.13414192 -1.04807258 -0.42638779 -0.95472717 -0.83790517 -0.46899533 -0.69417882 -1.03011751 -0.42169631 -0.76822948 -0.97596365 -0.41910517 -0.70271492 -0.62532222 -0.55725992 -0.57978988 -0.48799181 -0.52542651 -0.645787 -0.4494811 -0.52067137 -0.71153665 -0.78051627 -0.48791754 -0.57094193 -0.71781945 -0.52009368 -0.53058434 -0.37688267 -0.49529839 -0.9108007 -0.94854158 -0.51374817 -1.34464407 -1.03052151 -0.45478308 -1.22686005 -1.05609012 -0.42806125 -1.01663804 -1.10819435 -0.42528307 -0.8789804 -0.90163815 -0.42647922 -0.63258553 -0.93534476 -0.41423321 -0.62064433 -0.65640098 -0.54522979 -0.51692247 -0.59588194 -0.55476475 -0.57616568 -0.56967467 -0.55053604 -0.57242751 -1.03415012 -0.46399081 -1.29655027 -1.07126141 -0.43869853 -1.13912582 -1.09997821 -0.42397058 -0.94957876 -0.84376216 -0.4502939 -0.59576988 -1.09918261 -0.41608191 -0.7075417 -1.14340699 -0.42439723 -0.85673952 -0.96218371 -0.4139179 -0.6418035 -0.69219679 -0.52988172 -0.51042175 -0.61708617 -0.55159056 -0.4940629 -0.40942901 -0.51124489 -0.77436948 -0.59809792 -0.55447781 -0.51144338 -0.35621548 -0.5107398 -0.68818808 -0.47508216 -0.53306544 -0.55270982 -0.74447322 -0.48551083 -0.47121334 -0.37320247 -0.49990666 -0.86867142 -1.06698132 -0.44626498 -1.25725985 -1.10783982 -0.432796 -1.09758091 -1.1139071 -0.42455614 -0.98499751 -1.16827798 -0.42449355 -0.89026952 -0.81792426 -0.45412016 -0.51485968 -0.90469497 -0.41558874 -0.53853226 -1.0541327 -0.41549468 -0.6282351 -0.92330372 -0.40939355 -0.5067904 -0.65998626 -0.52741385 -0.43298674 -0.61149812 -0.54609358 -0.43264508 -0.35730997 -0.51351476 -0.62275958 -0.56417477 -0.55225933 -0.525774 -0.40716633 -0.51992559 -0.59683371 -0.28718686 -0.48742366 -0.90982938 -1.09722972 -0.44098198 -1.21626043 -1.1794982 -0.41632318 -0.96869445 -0.85121536 -0.43816364 -0.53496552 -1.14483595 -0.41839087 -0.78677249 -1.12809074 -0.40865827 -0.63730979 -1.22539759 -0.42258215 -0.90290666 -1.00829363 -0.40839756 -0.56972599 -0.9685874 -0.40444338 -0.50782275 -0.56845874 -0.55236936 -0.43969464 -0.32978642 -0.50159669 -0.81096172 -0.35738361 -0.51019037 -0.72664452 -0.26645631 -0.49848795 -0.66591215 -0.51487416 -0.54550564 -0.4881649 -0.42464831 -0.52936614 -0.50181675 -0.75984675 -0.46090543 -0.40639901 -1.14091682 -0.43599093 -1.13199091 -0.87150341 -0.4328413 -0.56458282 -0.84408319 -0.43381381 -0.50318217 -0.87738997 -0.4209367 -0.5217886 -1.17416 -0.4172765 -0.79778743 -1.17843509 -0.40893185 -0.67746711 -1.08778095 -0.40220416 -0.55223966 -1.15116143 -0.40661788 -0.61815214 -1.2419188 -0.42321813 -0.83832002 -0.93732774 -0.40263808 -0.45991516 -0.72625101 -0.46322656 -0.32613254 -0.63462508 -0.52550077 -0.378268 -0.57016718 -0.54799414 -0.38175488 -0.32096642 -0.50741076 -0.54523039 -0.27127087 -0.50010586 -0.55180478 -0.81535178 -0.44474649 -0.46871519 -1.23853588 -0.41947925 -0.9707303 -1.11986113 -0.39848471 -0.51988721 -1.15214062 -0.40240574 -0.5587256 -1.26834893 -0.42427862 -0.8721633 -1.02956414 -0.40245712 -0.51683378 -0.98722774 -0.3981545 -0.47178197 -0.59034443 -0.5246309 -0.2937994 -0.53886521 -0.54967141 -0.41985631 -0.26601616 -0.49701548 -0.73139644 -0.21110108 -0.48841476 -0.60428143 -0.42486432 -0.52836359 -0.45905471 -0.32586545 -0.51089513 -0.51569796 -0.8157621 -0.43371916 -0.44179344 -0.75973761 -0.4350723 -0.30928636 -0.87757432 -0.41231251 -0.47191644 -0.84692371 -0.41769028 -0.45674539 -1.20925128 -0.41572225 -0.78132534 -1.17931676 -0.40920043 -0.61495042 -1.2566731 -0.42565513 -0.79017687 -1.01312792 -0.39364171 -0.42137504 -0.63955706 -0.49914455 -0.26794291 -0.54091573 -0.53129947 -0.278265 -0.54112363 -0.54646969 -0.35760307 -0.21890375 -0.48603749 -0.81127453 -0.21634124 -0.48714459 -0.71285486 -0.281573 -0.49832714 -0.51490331 -0.16837704 -0.48039997 -0.65467286 -0.23522109 -0.49196398 -0.57433224 -0.50092816 -0.54368806 -0.44530678 -0.36349508 -0.5207628 -0.48709941 -0.81769371 -0.41902757 -0.40810919 -0.78637445 -0.41992664 -0.34504318 -0.72502089 -0.45258605 -0.28435349 -0.87869608 -0.40007484 -0.41788673 -1.21190166 -0.41177309 -0.703547 -1.20156205 -0.41454136 -0.60434103 -0.96795917 -0.39888275 -0.41376495 -0.60632694 -0.50298893 -0.21535659 -0.57332867 -0.51403677 -0.20910001 -0.26659888 -0.48646772 -0.45569324 -0.13147517 -0.46860874 -0.6081562 -0.17820467 -0.470613 -0.55193949 -0.47918653 -0.53668022 -0.40695524 -0.36555958 -0.5171665 -0.45524788 -0.31999809 -0.50921535 -0.48516965 -0.85278153 -0.40404296 -0.40318871 -0.7850858 -0.43324065 -0.37942076 -0.79213321 -0.40825844 -0.29397082 -0.88576174 -0.39610314 -0.39805269 -1.03316569 -0.39860225 -0.44590235 -1.00320685 -0.38663864 -0.35969329 -0.68043244 -0.46741402 -0.2484591 -0.60676581 -0.49349368 -0.1837914 -0.51109564 -0.54180861 -0.34977365 -0.55066776 -0.51591575 -0.17871237 -0.39267018 -0.5115788 -0.40477514 -0.82214063 -0.40592837 -0.34760833 -0.8148154 -0.40164614 -0.30227685 -0.76179248 -0.40528011 -0.23583031 -1.24053502 -0.41960669 -0.704252 -1.07087731 -0.39475787 -0.42206883 -1.06962061 -0.38989103 -0.32132268 -0.95013219 -0.39320004 -0.38403058 -0.51147306 -0.53322721 -0.28602576 -0.57341796 -0.49269581 -0.11010337 -0.50492978 -0.52765119 -0.22469139 -0.22021228 -0.4757483 -0.48029327 -0.15248427 -0.46516478 -0.54834747 -0.47835985 -0.53080881 -0.31660938 -0.32399389 -0.50418532 -0.44137287 -0.85049409 -0.39643371 -0.33848214 -0.79479587 -0.39327145 -0.25117469 -0.88420737 -0.39284217 -0.33984351 -1.03315067 -0.38879192 -0.30794883 -0.97896522 -0.38565695 -0.34521914 -0.65392995 -0.45837915 -0.18220592 -0.70254564 -0.4207902 -0.19101691 -0.55500394 -0.4982034 -0.08994174 -0.50077772 -0.52235115 -0.15306163 -0.22608468 -0.47042096 -0.36996913 -0.33767346 -0.49243045 -0.3358357 -0.3066183 -0.4972434 -0.41601205 -0.85300976 -0.38961685 -0.2814436 -0.79420888 -0.38270187 -0.19813371 -1.09679663 -0.39148891 -0.40092349 -1.02899396 -0.38974345 -0.24625921 -0.65361083 -0.44433904 -0.15146995 -0.71584725 -0.40587246 -0.17524266 -0.61323237 -0.46548498 -0.10968256 -0.46927404 -0.52741766 -0.26195025 -0.54805118 -0.49133611 -0.0089426 -0.5185256 -0.50889814 -0.08271837 -0.45229322 -0.52461314 -0.18317199 -0.29169491 -0.49255085 -0.385077 -0.18475306 -0.46328545 -0.40503716 -0.16254841 -0.46482182 -0.480165 -0.34896761 -0.49480855 -0.31216621 -0.89801508 -0.38395214 -0.2566998 -0.85224563 -0.37602258 -0.22129345 -0.76272082 -0.38858509 -0.1896925 -1.10058129 -0.39279795 -0.34931827 -1.06738997 -0.3945173 -0.21909809 -0.97992021 -0.38703215 -0.29115772 -0.92810041 -0.38790166 -0.29575706 -0.60374349 -0.4622786 -0.05999231 -0.48169404 -0.51561999 -0.08160686 -0.45483652 -0.51731896 -0.07283306 -0.26296026 -0.48191941 -0.34697628 -0.19223014 -0.4656862 -0.29739642 -0.06310081 -0.45553362 -0.48020291 -0.29292107 -0.48452675 -0.27561116 -0.29042321 -0.48798788 -0.3429358 -0.79462433 -0.37809873 -0.15975237 -0.82736802 -0.3781538 -0.1723237 -1.1278944 -0.39545488 -0.38700318 -1.03439057 -0.38867402 -0.21054721 -0.95653659 -0.38426054 -0.25116539 -0.76243192 -0.38363326 -0.1550765 -0.67395186 -0.41210425 -0.10617185 -0.40574834 -0.51517165 -0.24090266 -0.58145815 -0.46024942 0.03477764 -0.52281624 -0.49721062 0.01963139 -0.48830914 -0.50400329 0.05720878 -0.40925378 -0.51898122 -0.15194941 -0.25876641 -0.4801563 -0.27873158 -0.14767022 -0.45988262 -0.33336091 -0.13117056 -0.45657372 -0.42071104 -0.31813735 -0.49103081 -0.24432468 -0.88550436 -0.37393939 -0.22210193 -0.85536575 -0.37246537 -0.19050121 -1.13075638 -0.40291083 -0.33829832 -1.11561728 -0.40329659 -0.27037883 -1.05963516 -0.39317513 -0.1302228 -0.97655147 -0.37719905 -0.19829607 -0.73420841 -0.39047205 -0.14619303 -0.69861102 -0.39753711 -0.10908031 -0.55779892 -0.47201943 0.06555271 -0.62026435 -0.43382025 0.02426839 -0.42707482 -0.51590753 -0.06593871 -0.19347577 -0.46186483 -0.23303866 -0.11787464 -0.45338368 -0.29819226 -0.23691049 -0.46946526 -0.22358084 -0.91862273 -0.37269652 -0.19501209 -0.81038153 -0.38038635 -0.12357712 -1.16356206 -0.4103564 -0.37970018 -1.09817362 -0.40557218 -0.17323756 -0.96247131 -0.37255979 -0.16087317 -0.67321134 -0.40318418 -0.02295351 -0.76749289 -0.37736082 -0.08604383 -0.37820476 -0.51165473 -0.16921425 -0.30283609 -0.48983133 -0.15074134 -0.61512673 -0.43515944 0.07377124 -0.63930893 -0.4312228 -0.03100967 -0.51489037 -0.49435043 0.08800817 -0.4615162 -0.50795877 0.06007838 -0.37369379 -0.50957346 -0.10181308 -0.43033987 -0.50850856 0.05108643 -0.09271204 -0.45190334 -0.35679412 -0.24137482 -0.47022438 -0.17583323 -0.88640857 -0.35601449 -0.19361901 -1.18735659 -0.43590534 -0.31355357 -1.15741062 -0.43239617 -0.18008399 -0.73639727 -0.36653829 -0.00368166 -0.70896721 -0.37783885 -0.0129807 -0.50022954 -0.50428641 0.13699818 -0.64992106 -0.40499973 0.03448391 -0.46333161 -0.51154518 0.11210489 -0.38360548 -0.50812471 -0.01000667 -0.11281152 -0.44919002 -0.22142506 -0.21551909 -0.46191883 -0.09871054 -0.0801588 -0.44621289 -0.30540562 -0.04586375 -0.44858277 -0.3738637 -0.83080423 -0.37744999 -0.07562327 -1.18238378 -0.43834019 -0.25361419 -0.76803112 -0.36419189 -0.00679779 -0.708179 -0.37313795 0.03539348 -0.31121737 -0.49204779 -0.06314468 -0.52267241 -0.49246716 0.15990901 -0.64276552 -0.40039229 0.13468909 -0.41810608 -0.50663233 0.12082267 -0.39469606 -0.50472629 0.05205083 -0.15936992 -0.4540807 -0.13934636 -1.15539896 -0.43717921 -0.11359644 -0.77632368 -0.36339104 0.05262756 -0.67883134 -0.38568437 0.03333759 -0.6142236 -0.42999411 0.12003112 -0.49620241 -0.50295877 0.19020462 -0.4672811 -0.51002765 0.17042232 -0.30462971 -0.48666024 0.04413891 -0.07499775 -0.43785489 -0.15489507 -0.04902571 -0.43980122 -0.24304128 -0.1656124 -0.45239675 -0.02983117 -0.25077388 -0.47331214 -0.02575302 -0.8298701 -0.36749756 -0.00308061 -0.74727428 -0.36365581 0.11759543 -0.679497 -0.37778246 0.14976978 -0.60783839 -0.4331243 0.16035342 -0.49456263 -0.49537504 0.26083541 -0.43632758 -0.51085758 0.18595266 -0.34887132 -0.49213696 0.0826118 -0.22825141 -0.46595144 0.01561165 -0.89864469 -0.36665606 0.01507425 -0.81939721 -0.36088943 0.12883711 -0.71446764 -0.36546171 0.18095064 -0.53535753 -0.47080052 0.24474955 -0.46802163 -0.50935066 0.23078513 -0.62791288 -0.40430737 0.18912387 -0.65076691 -0.3890959 0.17340565 -0.41409865 -0.51454318 0.23695445 -0.38272381 -0.50383306 0.15895653 -0.37239528 -0.49847019 0.11324906 -0.31198344 -0.4859823 0.14146709 -0.754529 -0.36050212 0.15526199 -0.68653178 -0.37506127 0.18310547 -0.58501911 -0.42788064 0.27552962 -0.50142729 -0.482499 0.3361764 -0.47091383 -0.50021791 0.32590985 -0.61757243 -0.40113127 0.22606564 -0.37675643 -0.50964975 0.20663023 -0.24207261 -0.46653354 0.08837175 -0.74600565 -0.36062217 0.18270707 -0.6995126 -0.36863959 0.21247125 -0.52672428 -0.46301579 0.33978653 -0.40488937 -0.51765633 0.29528856 -0.43692034 -0.51213038 0.30251932 -0.37419274 -0.51605451 0.2649498 -0.84410661 -0.36300707 0.17727923 -0.74455959 -0.36645889 0.213274 -0.5630942 -0.43531239 0.318362 -0.60724032 -0.40344024 0.27953911 -0.53961217 -0.44055641 0.39781475 -0.47189271 -0.48090219 0.41842937 -0.4398011 -0.50516534 0.3648572 -0.6527012 -0.37801242 0.24221897 -0.3379952 -0.49811685 0.20294476 -0.80869186 -0.36766291 0.21185946 -0.77548146 -0.36656809 0.21229243 -0.71461904 -0.36272502 0.24517727 -0.55981046 -0.42923808 0.3449626 -0.58491981 -0.40251803 0.32337785 -0.62473845 -0.38786721 0.29551744 -0.4072904 -0.50853515 0.40710115 -0.37151214 -0.51699114 0.31592298 -0.49655268 -0.46119988 0.44508791 -0.65194595 -0.38024759 0.28808713 -0.33593509 -0.50919044 0.26328254 -0.74554116 -0.35403895 0.2441957 -0.56316489 -0.40179026 0.37164211 -0.43986395 -0.49102378 0.44659376 -0.68772519 -0.37393773 0.29539824 -0.77646303 -0.36521268 0.24321413 -0.66363025 -0.37164795 0.37097907 -0.62479818 -0.38005757 0.34088778 -0.5945065 -0.38268983 0.36511898 -0.59721959 -0.37525356 0.40399933 -0.62434167 -0.37050974 0.38991141 -0.6691075 -0.36546075 0.49026585 -0.59883845 -0.37287748 0.45958686 -0.62944061 -0.3684988 0.45549035 -0.63018763 -0.36391199 0.56387472 -1.08989382 -0.47365105 -1.7058773 -1.12824786 -0.43952036 -1.61890936 -1.09065771 -0.44171488 -1.59968853 -1.12589264 -0.46588099 -1.69863701 -1.13081098 -0.43426204 -1.59427452 -1.05787742 -0.47340333 -1.67343521 -1.20495617 -0.44567358 -1.64617062 -1.10310888 -0.4822638 -1.74590397 -1.20358205 -0.43492031 -1.59387207 -1.1003108 -0.4351424 -1.5629673 -1.05362487 -0.45288825 -1.58943224 -1.05771053 -0.48409808 -1.73962545 -1.19581246 -0.46054637 -1.69490242 -1.15945756 -0.48198938 -1.74862194 -1.15595937 -0.43182373 -1.56459808 -1.02208376 -0.47891128 -1.64287329 -1.02716255 -0.48511744 -1.69660378 -1.23374426 -0.44368994 -1.64810371 -1.27069771 -0.4344064 -1.60010004 -1.08560324 -0.49447644 -1.78116322 -1.2559166 -0.432482 -1.56436586 -1.14350533 -0.43370843 -1.53139067 -0.9666937 -0.503757 -1.65742254 -1.022861 -0.48863316 -1.74560499 -1.03200626 -0.4919405 -1.77525473 -0.99246186 -0.49489498 -1.69154358 -1.27471995 -0.43885183 -1.65338373 -0.98877639 -0.49594367 -1.77690411 -0.9302159 -0.51392269 -1.7355423 -0.93056345 -0.5088799 -1.77534389 -0.53814125 -0.40354586 0.45550227 -0.56660402 -0.38247275 0.46759319 -0.53502333 -0.40111852 0.49850297 -0.56485397 -0.38995123 0.40444088 -0.57037371 -0.37284303 0.5360415 -0.51077431 -0.43822622 0.49927258 -0.59883845 -0.37287748 0.45958686 -0.56316489 -0.40179026 0.37164211 -0.53979766 -0.38222456 0.54236078 -0.5208497 -0.40344024 0.52990603 -0.53247958 -0.43199968 0.44398832 -0.59721959 -0.37525356 0.40399933 -0.53961217 -0.44055641 0.39781475 -0.60899091 -0.3634522 0.58499098 -0.53591603 -0.37199199 0.62100291 -0.50651586 -0.43403697 0.52963734 -0.49655268 -0.46119988 0.44508791 -0.57180536 -0.3600117 0.65525293 -0.63018763 -0.36391199 0.56387472 -0.50896299 -0.38998055 0.59218955 -0.50006098 -0.4037801 0.58098269 -0.4710809 -0.46171427 0.53179097 -0.54576391 -0.36251807 0.66721821 -0.50994456 -0.38295603 0.62311149 -0.49092597 -0.43731713 0.56354666 -0.50555646 -0.36961913 0.67561507 -1.04963994 -0.49318635 -2.66720581 -1.02440059 -0.50244761 -2.64751291 -1.05557954 -0.49499214 -2.66555095 -1.05623889 -0.50853992 -2.6443038 -1.08716106 -0.51530504 -2.64528561 -1.06640828 -0.49947977 -2.66253328 -1.08590317 -0.50908953 -2.65708303 -1.11808276 -0.51534224 -2.64626694 -1.11527371 -0.51391947 -2.64888167 -1.11805749 -0.51474011 -2.64810348 -1.11992741 -0.51482308 -2.64758062 -1.16395462 -0.50489408 -2.63523126 -1.17994094 -0.50369132 -2.58808565 -1.18176401 -0.50202996 -2.63025236 -1.22375107 -0.49618042 -2.61727333 -1.21784592 -0.49696663 -2.62020636 -1.22337174 -0.49620166 -2.61866164 -1.22435975 -0.49624553 -2.61838531 -1.22575974 -0.49618337 -2.61799407 -1.2275306 -0.49553236 -2.61749887 -0.45096397 -0.51223898 -2.81316328 -0.47755867 -0.51260352 -2.82714605 -0.51224154 -0.51247656 -2.81746888 -0.51222289 -0.51242054 -2.8148756 -0.55798167 -0.51139927 -2.78931189 -0.59391135 -0.50322801 -2.79462385 -0.61703521 -0.49809805 -2.78814125 -0.61940563 -0.49800491 -2.7542491 -0.65032768 -0.50032449 -2.7552309 -0.6261701 -0.49876067 -2.78559709 -0.64957142 -0.5066734 -2.77905488 -0.68760926 -0.49093926 -2.72775412 -0.65500283 -0.50595921 -2.77751946 -0.68240374 -0.50619507 -2.76985908 -0.71421784 -0.49922121 -2.75243902 -0.70269048 -0.50371444 -2.76421952 -0.7169252 -0.50102961 -2.76024008 -0.74292201 -0.50563049 -2.75297213 -0.71831083 -0.4945991 -2.72643566 -0.74795616 -0.50643069 -2.75153995 -0.74407506 -0.50367379 -2.72725344 -0.7493673 -0.50690293 -2.75115347 -0.75345212 -0.50739425 -2.75002193 -0.77981955 -0.50904226 -2.72781086 0.31810665 -0.45241976 2.84596014 0.27479261 -0.44776058 2.844069 0.28403711 -0.45472562 2.87758255 -0.79536986 -0.50809371 -2.73830318 -0.82790834 -0.50564057 -2.72920656 0.2087881 -0.45430338 2.87133718 0.01913813 -0.44794309 2.44834805 0.0820677 -0.46445882 2.45070457 0.05605599 -0.46224654 2.41041207 -0.00540951 -0.4407295 2.50198269 0.08366928 -0.4784292 2.3757863 -0.00744432 -0.43689787 2.43017912 -0.03427026 -0.43479443 2.52817631 -0.00684944 -0.43533039 2.34811473 -0.04473108 -0.42466366 2.41351748 0.01444831 -0.44664621 2.58841276 -0.001367 -0.44119239 2.29000664 -0.1057356 -0.41412532 2.42826533 -0.05255264 -0.43514371 2.58442545 -0.03665486 -0.42303216 2.34102583 -0.11882205 -0.42268825 2.56382656 -0.01775217 -0.43329132 2.61277151 -0.08422464 -0.43590474 2.6398859 -0.04900411 -0.43676805 2.6435678 -0.01557526 -0.43041801 2.62128687 -0.10383353 -0.43634248 2.67202377 -0.01605973 -0.43350601 2.65313673 0.01076716 -0.44821131 2.68141866 -0.05758014 -0.44401407 2.68103504 -0.83735782 -0.50562799 -2.72651839 -0.8106578 -0.51924074 -2.67278862 -0.8840434 -0.50972545 -2.69415188 -0.84557217 -0.50558907 -2.72426367 -0.89564902 -0.50848311 -2.71026397 -0.9347387 -0.50567442 -2.69933581 -0.96009398 -0.50422764 -2.69224715 -0.96114951 -0.50533807 -2.67239046 -0.98278874 -0.49858043 -2.68590236 -0.99864852 -0.49407333 -2.68147707 0.38861543 -0.46074176 -3.03218317 0.33860022 -0.45585093 -3.05530143 0.29155481 -0.45496091 -3.04214239 0.29457325 -0.45968449 -2.99908781 0.24557202 -0.45096603 -3.02931619 0.22810727 -0.4509511 -3.00966263 0.2262467 -0.4492228 -3.02391362 0.21209693 -0.45028371 -3.01995778 0.20238636 -0.45147583 -3.01724291 0.14925596 -0.45470256 -3.00234652 0.17878234 -0.45695353 -2.95295906 0.11188192 -0.45274916 -2.99194431 0.10786322 -0.45267963 -2.97938776 0.10532776 -0.45226538 -2.99011183 0.09544257 -0.44856119 -2.98734832 0.06927621 -0.44423544 -2.98000813 0.07102916 -0.45111179 -2.94399643 0.04483961 -0.44473591 -2.97317624 0.03379427 -0.44293934 -2.970083 0.01665083 -0.44257808 -2.92339993 0.00590381 -0.4413352 -2.95107126 0.02297077 -0.4422386 -2.96708775 0.00626397 -0.44606668 -2.96241713 -0.00031502 -0.44632739 -2.96057796 -0.03563083 -0.44619527 -2.95070481 -0.05016036 -0.44787019 -2.94660068 -0.02974519 -0.44517851 -2.89904499 -0.06388128 -0.44563544 -2.89840317 -0.05295128 -0.44787127 -2.94582939 -0.09529412 -0.45731071 -2.93399167 -0.09653105 -0.45753664 -2.9336772 -0.08784333 -0.45420671 -2.9230938 -0.11727338 -0.46549115 -2.92788696 -0.11736368 -0.46552634 -2.92350006 -0.14605729 -0.46516919 -2.89239979 -0.13407376 -0.46775353 -2.92319036 -0.16922137 -0.47117999 -2.91334105 -0.18159074 -0.47064781 -2.89511681 -0.18025559 -0.47238299 -2.91026902 -0.2127279 -0.46589005 -2.88329363 -0.19251132 -0.4706383 -2.90683937 -0.21978728 -0.46997848 -2.89921403 -0.24956062 -0.46754813 -2.89089036 -0.25940791 -0.46742749 -2.88814211 -0.27994984 -0.46561241 -2.8691597 -0.29600304 -0.47007957 -2.87791133 -0.30625999 -0.47059059 -2.86812115 -0.31138983 -0.4724291 -2.87361598 -0.33841014 -0.48860556 -2.86605334 -0.33980197 -0.49221349 -2.85006237 -0.34454921 -0.48986727 -2.86433697 0.36484265 -0.455531 -3.06263804 0.39651239 -0.45785582 -3.0595293 0.3824667 -0.45600125 -3.06759024 0.394178 -0.45491827 -3.07086444 0.44341689 -0.45473218 -3.05740023 0.40290192 -0.45477822 -3.07330322 0.50396347 -0.45523155 -3.10155249 0.50444323 -0.4570713 -3.08535004 0.53524351 -0.45302081 -3.10573006 0.53068364 -0.45289233 -3.1090343 0.53568679 -0.45211124 -3.11043286 0.57021302 -0.44111311 -3.12008524 0.59187472 -0.43406013 -3.12606835 0.5618003 -0.45246959 -3.04017878 0.5941022 -0.43336263 -3.12668872 0.62106895 -0.43416274 -3.05451822 0.97688186 -0.466833 -3.20075655 0.93704373 -0.46808052 -3.22261071 0.91779256 -0.46902579 -3.21721363 0.91531169 -0.4701755 -3.16861486 0.62925053 -0.4295063 -3.08604908 0.59511817 -0.43311474 -3.127002 0.87705749 -0.46811026 -3.20582557 0.62897265 -0.42734042 -3.13646674 0.85602385 -0.46458012 -3.19998884 0.85621583 -0.46421051 -3.19562912 0.66462862 -0.43159771 -3.13820934 0.63411528 -0.42790249 -3.13794661 0.85062832 -0.46389896 -3.19848037 0.66386205 -0.43188518 -3.14626288 0.82379407 -0.46195009 -3.1909287 0.83572626 -0.46166432 -3.14019156 0.69416153 -0.4371016 -3.13906288 0.68497765 -0.43610203 -3.15215874 0.76435876 -0.46168098 -3.17431259 0.76099026 -0.46130303 -3.17340994 0.76263499 -0.45921826 -3.15879297 0.74568254 -0.45613655 -3.16913033 0.69833523 -0.44090733 -3.15589309 1.11232781 -0.46475291 -3.25534153 1.13713169 -0.45869264 -3.27856541 1.10671127 -0.45931652 -3.27006078 1.05851912 -0.46480966 -3.25400925 1.03819478 -0.46536869 -3.25091958 1.06335986 -0.46340322 -3.25795484 1.05208755 -0.46520299 -3.25480342 1.05937552 -0.46393734 -3.25684094 1.0569762 -0.46470618 -3.25617027 1.29681659 -0.45808303 -2.81900835 1.34265101 -0.45421073 -2.81629825 1.33808613 -0.45383248 -2.83262634 1.2905674 -0.45916176 -2.85568523 1.33287001 -0.45459875 -2.85129857 1.32962918 -0.45304742 -2.8628912 1.30359626 -0.45529592 -2.88645887 1.32386184 -0.45254862 -2.88359785 1.32066178 -0.45228213 -2.89504433 1.30560637 -0.44616151 -2.94076633 1.30832064 -0.44615695 -2.93924952 1.30790794 -0.44605315 -2.9407258 1.3058399 -0.44201365 -2.94812322 1.2748183 -0.43770516 -2.94596863 1.30133116 -0.43208468 -2.9641459 1.27664757 -0.41669798 -3.00359249 1.29726934 -0.42658904 -2.97873902 1.29042578 -0.41812265 -3.00321817 1.275666 -0.40544963 -2.97267008 1.30006564 -0.42569232 -2.96870232 1.28098071 -0.42495322 -3.0370028 1.2418853 -0.42681026 -3.01067114 1.28005433 -0.42605731 -3.04019928 1.2746501 -0.42718336 -3.05952978 1.24735737 -0.43396485 -3.06693792 1.27294409 -0.42844984 -3.06570816 1.26803827 -0.43517277 -3.08325577 1.24867022 -0.44728971 -3.09733963 1.26485574 -0.44127131 -3.09467483 1.25839984 -0.4509736 -3.11776733 1.21015871 -0.46451569 -3.13551998 1.25410569 -0.45583454 -3.13302803 1.24566185 -0.46104372 -3.1632309 1.21322417 -0.47253251 -3.19333172 1.24249303 -0.4634361 -3.17463446 1.23297775 -0.46774745 -3.20867038 1.21930337 -0.47161031 -3.22735643 1.22829497 -0.46926576 -3.2254765 1.22678494 -0.46926349 -3.23087788 1.22448492 -0.46901378 -3.23910475 1.15490818 -0.45737013 -3.28347707 1.18623841 -0.4740696 -3.22419357 1.15215683 -0.45772752 -3.28271413 -0.35648096 -0.49447757 -2.86100125 -0.36419514 -0.49831831 -2.83908176 -0.3664549 -0.49679798 -2.85820866 -0.40000737 -0.5012908 -2.84014416 -0.38530454 -0.49888384 -2.8529501 -0.40566805 -0.50070602 -2.84725714 -0.42813802 -0.50752836 -2.84097528 -0.45109469 -0.51253116 -2.83454466 -0.45096397 -0.51223898 -2.81316328 -0.55798167 -0.51139927 -2.78931189 -0.54188484 -0.51199394 -2.80916882 -0.55976957 -0.51061463 -2.8041687 -0.56762946 -0.50910598 -2.80197144 -0.59391135 -0.50322801 -2.79462385 2.08387041 -0.37532553 -0.16511826 2.0531373 -0.37492943 -0.16221261 2.07810783 -0.37484097 -0.18564634 2.05411911 -0.38271427 -0.19313455 2.07622004 -0.37706941 -0.19243298 2.07147121 -0.37878436 -0.20941891 2.05510092 -0.38618255 -0.22405648 2.06749868 -0.38189498 -0.22366293 2.06564546 -0.38163683 -0.23029223 2.05909252 -0.38396028 -0.2537663 2.05608225 -0.38520312 -0.25497842 2.05635476 -0.382779 -0.26355937 2.02520323 -0.38681471 -0.26415873 2.05119944 -0.37837228 -0.28189835 2.02729464 -0.37502134 -0.32318878 2.04634595 -0.37594697 -0.29932562 2.04006124 -0.37470618 -0.32180554 2.0376153 -0.36555392 -0.33055469 2.02810526 -0.36218643 -0.3487258 2.032583 -0.359696 -0.34858364 2.02804923 -0.35983929 -0.36480075 2.00012779 -0.35660648 -0.44247317 2.00638843 -0.35672638 -0.44227445 2.00504327 -0.35590261 -0.44708607 1.97504985 -0.36574686 -0.34533978 2.02433538 -0.35813981 -0.37789172 2.00987387 -0.35681117 -0.42980656 1.9675194 -0.3671273 -0.40841103 2.02302384 -0.35836014 -0.3826189 2.01655006 -0.35920215 -0.40577564 2.01419497 -0.35829017 -0.41421738 1.9616946 -0.36215281 -0.44677901 2.00012779 -0.35660648 -0.44247317 2.00504327 -0.35590261 -0.44708607 2.00076056 -0.35677567 -0.46240455 1.9613446 -0.3596338 -0.50337029 1.9967469 -0.35717231 -0.47668377 1.98710287 -0.35775822 -0.51118022 1.95025909 -0.35637486 -0.53947186 1.98320472 -0.35648397 -0.52511984 1.97519875 -0.35015249 -0.55375689 1.97188008 -0.34933475 -0.56562769 1.94575155 -0.34763587 -0.61350083 1.9597261 -0.3443085 -0.60916013 1.95694029 -0.34282303 -0.61912489 1.96998143 -0.34877843 -0.57247722 1.94221056 -0.34917378 -0.56812406 1.97144163 -0.34894052 -0.56719613 1.95190358 -0.34164289 -0.63714069 1.94379389 -0.34178936 -0.66609043 1.911955 -0.35576344 -0.67586684 1.93823981 -0.34314176 -0.68595701 1.93249369 -0.34600371 -0.70651096 1.87945235 -0.36965549 -0.63615608 1.93215752 -0.34588984 -0.70755714 2.27217531 -0.37252486 0.7421236 2.33788919 -0.37164721 0.74370289 2.33833957 -0.36603689 0.74521333 2.30272532 -0.34156537 0.75103283 2.33276081 -0.31485569 0.77994823 2.34758496 -0.32716817 0.77820545 2.35103655 -0.31231335 0.79055178 2.3474741 -0.2974166 0.77780837 2.33233595 -0.27969027 0.79333186 2.34885192 -0.28200942 0.78275228 2.34663653 -0.28163642 0.77481341 2.33079958 -0.27933478 0.77320099 2.34299135 -0.27991551 0.76177472 2.27495003 -0.3151983 0.7124157 2.33432317 -0.29030666 0.73072839 2.32940793 -0.29669437 0.71332574 -0.10568258 -0.45373154 2.93201017 -0.1804283 -0.45346129 2.89562654 -0.11023578 -0.44949305 2.97914076 -0.16635132 -0.45322227 2.98347807 2.33389091 -0.28674436 0.74433923 2.32710958 -0.29913208 0.70496333 2.32076812 -0.30276421 0.68227971 -0.05400234 -0.46137202 2.90916824 -0.05848393 -0.46292436 2.86981249 2.33805013 -0.28593045 0.7440595 2.3366909 -0.28555244 0.73919797 2.500772 -0.38773656 1.33774519 2.51177478 -0.38510916 1.36545861 2.50405502 -0.38797712 1.33784938 2.50306845 -0.38714018 1.33432019 2.4707036 -0.38565671 1.30603075 2.49534249 -0.38409862 1.30676055 -0.24245346 -0.45419443 2.9825933 2.48905349 -0.37864941 1.28426528 2.47136497 -0.38302886 1.2738533 2.48549151 -0.37872332 1.27148998 0.03363845 -0.46730077 2.9349916 -0.01897064 -0.4621526 2.89966893 -0.02402386 -0.4577291 2.86715841 2.47385812 -0.37333563 1.22987735 2.41010714 -0.38853669 1.27084565 2.47230625 -0.37234598 1.2245425 2.47178388 -0.37186289 1.22264647 2.40079927 -0.37246573 1.20951355 -0.08745307 -0.46269488 2.81894517 -0.23283055 -0.45079994 2.92697167 2.41291475 -0.36717772 1.18019092 2.4713695 -0.37162355 1.22109127 2.46029091 -0.3622438 1.18146384 2.45024276 -0.3580285 1.145522 0.03677356 -0.46497333 2.90208268 -0.01009521 -0.44839764 2.81187391 2.44780779 -0.35840771 1.13690698 2.37537718 -0.37490189 1.14128065 2.39200735 -0.36692321 1.03412735 2.43854928 -0.35917971 1.10362363 2.41958451 -0.36315158 1.03578746 -0.27636009 -0.45113671 2.96318388 2.41486025 -0.36226323 1.01888895 -0.2096861 -0.45148802 2.83170342 -0.0533402 -0.46281695 2.80383849 -0.26933199 -0.44392383 2.89103961 0.00360858 -0.44876885 2.84585214 2.3898859 -0.36672568 0.99463427 2.40817451 -0.36318901 0.99494189 2.40650225 -0.35981858 0.9889605 2.40438676 -0.35772231 0.9813934 2.39079881 -0.36361778 0.93278944 -0.27336234 -0.44461727 2.92114997 -0.122996 -0.45636439 2.79318833 -0.22596148 -0.44920003 2.85814214 -0.05188936 -0.46001065 2.75608754 0.03678071 -0.45413983 2.86243129 -0.01980889 -0.44643474 2.74544024 0.03500515 -0.43385124 2.80982375 2.35998535 -0.36774075 0.89985776 2.38192821 -0.36374781 0.90107214 2.37659454 -0.35594469 0.88199425 2.36088657 -0.36328769 0.86900818 2.37260151 -0.35640559 0.86767679 0.09729606 -0.45532346 2.90189052 0.06874195 -0.44929886 2.87010336 -0.0798189 -0.45787835 2.75587726 -0.19169301 -0.45085251 2.79870605 -0.27139917 -0.44769311 2.85930586 -0.30009502 -0.43004441 2.92030144 0.00710765 -0.43346536 2.78034186 0.14000583 -0.45126259 2.87272716 0.1613698 -0.45647156 2.90463972 0.09966382 -0.44750595 2.87108493 -0.10383353 -0.43634248 2.67202377 -0.0500378 -0.45094109 2.7115674 0.06984499 -0.43722737 2.83535552 -0.00673351 -0.43437767 2.74389529 0.03869465 -0.43437767 2.77850318 0.13283348 -0.44974577 2.84185362 0.10064539 -0.4457922 2.84016323 -0.05758014 -0.44401407 2.68103504 -0.14269087 -0.44187987 2.72944188 -0.01911595 -0.44629669 2.71254897 0.07344368 -0.43360162 2.80601573 0.01145241 -0.4301573 2.7441771 0.02531576 -0.43437767 2.74491262 0.04765657 -0.44749331 2.75773811 0.10162699 -0.45098758 2.80924106 -0.01813439 -0.44210482 2.68162727 0.01180592 -0.44268656 2.71353054 0.04272777 -0.45387244 2.71451211 0.11728942 -0.45900106 2.76096129 -0.01605973 -0.43350601 2.65313673 0.01076716 -0.44821131 2.68141866 0.08130333 -0.45859432 2.75390935 0.07431078 -0.46029258 2.70237303 0.0411939 -0.45724845 2.66653371 2.36693335 -0.34799016 0.84740233 2.36436081 -0.34947824 0.83816576 2.3618679 -0.35333681 0.83808661 2.33007288 -0.36933458 0.86153328 2.36211991 -0.35321546 0.83015019 2.35793471 -0.35533383 0.81531721 2.33773708 -0.37480187 0.77575707 2.35183644 -0.36248502 0.79339051 2.34695506 -0.36300695 0.77593017 2.51017046 -0.38471508 1.36761141 2.51241326 -0.38484719 1.36774302 2.51177478 -0.38510916 1.36545861 2.49880886 -0.37861252 1.39958894 2.52325702 -0.37621757 1.40663743 2.52149749 -0.37754926 1.40030909 2.49781418 -0.37250054 1.43047953 2.52861404 -0.37288105 1.43575811 2.52890086 -0.37398088 1.42672098 2.51288724 -0.38456306 1.36943793 2.51434112 -0.38310492 1.37463892 2.53170896 -0.37401563 1.43676496 2.49684572 -0.35870552 1.46143305 2.53566957 -0.37455317 1.4510715 2.49538565 -0.35958409 1.49154031 2.53808951 -0.37600416 1.45976222 2.54762435 -0.38244507 1.49386847 2.54983664 -0.38831589 1.50170553 2.525805 -0.39276576 1.52425838 2.55439329 -0.39847219 1.55225801 2.56114674 -0.39646575 1.54208708 2.55602384 -0.39276037 1.5237627 2.56416893 -0.39712286 1.55289686 2.57030511 -0.39589632 1.57492864 2.54131126 -0.39963126 1.58825612 2.57781672 -0.39500287 1.60179806 2.58659387 -0.39277247 1.63314629 2.56931973 -0.39437604 1.64148188 2.58978367 -0.39225206 1.64472055 2.5377717 -0.39668798 1.69276488 2.61013508 -0.39988172 1.76594508 2.61959767 -0.3997137 1.75117826 2.61642456 -0.39897525 1.73982787 2.59981275 -0.39669502 1.68059349 2.62470579 -0.39945376 1.76944947 2.66716909 -0.37229967 1.93026054 2.66917062 -0.37229869 1.92845917 2.6675415 -0.37418237 1.92263186 2.63967705 -0.38165259 1.83740377 2.64508295 -0.38037822 1.84230399 2.64364982 -0.38033333 1.83717704 2.64008856 -0.38609767 1.82443881 2.63175201 -0.39447975 1.79465401 2.66095972 -0.3787809 1.89917874 2.63229322 -0.37530661 1.89525485 2.6252265 -0.3776294 1.86576962 2.65914941 -0.37925625 1.89269912 2.65144086 -0.37582278 1.86512601 2.61005878 -0.39211953 1.81027424 2.63523436 -0.39223024 1.80715442 2.20994735 -0.37304804 2.34145641 2.19040251 -0.37290168 2.31973219 2.1901083 -0.35958877 2.34700274 2.18849802 -0.35889459 2.3474381 2.16000366 -0.36687541 2.31335187 2.15916109 -0.3528583 2.34835291 2.18268037 -0.35711184 2.3490994 2.15809155 -0.35124856 2.35597348 2.14804912 -0.3510119 2.3587811 2.12769628 -0.3526386 2.36446142 2.12823868 -0.35891724 2.3473711 2.1135304 -0.35570863 2.36841202 2.0869627 -0.37148547 2.34928775 2.09059787 -0.36794171 2.37482333 2.08002019 -0.37390551 2.3778038 2.07855463 -0.37491858 2.37489557 2.07616568 -0.37439653 2.37888122 2.04773593 -0.38422143 2.38681746 2.03449154 -0.39495683 2.37534857 2.0340054 -0.39507025 2.39065599 2.02620268 -0.39982221 2.39283752 2.01417851 -0.40285581 2.3961935 2.003438 -0.40178478 2.37851048 2.00277567 -0.40673277 2.3993814 1.98383677 -0.40466693 2.40469337 1.97300851 -0.40266526 2.40434957 1.97544718 -0.40272853 2.40703893 1.97274935 -0.40039229 2.40779305 1.95070994 -0.38518625 2.41394448 1.94074452 -0.38663507 2.40332556 1.94155574 -0.37974882 2.41650367 1.92942178 -0.37662125 2.41988635 1.90982234 -0.38374734 2.40234375 1.91140389 -0.37683615 2.42492342 1.90368843 -0.37820128 2.42707086 1.87890041 -0.39198041 2.40136218 1.87791884 -0.38875842 2.43228436 1.87785411 -0.38735926 2.43432403 1.8831805 -0.38641235 2.43283486 1.87537932 -0.38746807 2.43501592 1.84755373 -0.38847792 2.44278526 1.84699714 -0.39645386 2.43130279 1.82604325 -0.38428187 2.44879889 1.80953968 -0.37390485 2.45337152 1.81541073 -0.37304902 2.39875698 1.78054512 -0.35803509 2.4396801 1.79981709 -0.36910385 2.45612073 1.65950239 -0.35472655 2.487257 1.64703155 -0.35481593 2.49883866 1.6633482 -0.35634106 2.49428654 1.62858033 -0.350348 2.48627543 1.75324976 -0.35332036 2.45928001 1.73681557 -0.35780147 2.47373629 1.75293362 -0.35547695 2.46923971 1.72232759 -0.35572529 2.45829844 1.78150439 -0.36265752 2.46124029 1.76606143 -0.35904965 2.46555758 1.6275146 -0.35356894 2.50429487 1.71304286 -0.35666192 2.48037267 1.72170341 -0.3562744 2.47796106 1.69140565 -0.35685229 2.45731688 1.68416619 -0.35947677 2.48844552 1.46736515 -0.40972102 2.53876925 1.46840191 -0.40954152 2.54878497 1.47811258 -0.40877169 2.5460701 1.50587094 -0.40437746 2.5382638 1.49548888 -0.40191281 2.48478913 1.53483295 -0.38546968 2.51425266 1.52723515 -0.39218366 2.53233147 1.54577625 -0.37960279 2.52714801 1.54217267 -0.38021374 2.48216152 1.57717204 -0.36959448 2.51837087 1.5871073 -0.36558115 2.51556325 1.60062683 -0.37590432 2.45833611 1.59372187 -0.3649098 2.51370645 1.60190165 -0.36032939 2.51145554 0.94311512 -0.403754 2.68225026 0.93976969 -0.40275782 2.69656992 0.98938102 -0.36753845 2.6827004 0.97029233 -0.40212965 2.6510973 0.99990886 -0.36121711 2.67973351 1.0051173 -0.37290096 2.65253043 1.00338364 -0.35894677 2.67877316 1.02399278 -0.36543611 2.67301154 1.0355432 -0.36448383 2.65382767 1.03482151 -0.36283705 2.66999412 1.04763913 -0.36921039 2.66641068 1.08865392 -0.38322929 2.65494418 1.06707752 -0.39442682 2.62321687 1.09513271 -0.38670054 2.65311122 1.09799957 -0.39837289 2.62419844 1.09709895 -0.38718632 2.6525712 1.11890543 -0.39549354 2.64647484 1.12593687 -0.39934456 2.61952925 1.12728465 -0.39591637 2.64413548 1.14419997 -0.40073764 2.63940644 1.15984333 -0.39656901 2.62616158 1.16043031 -0.39804581 2.63488507 1.19137681 -0.39966953 2.62623358 1.2112124 -0.40150338 2.62066698 1.19174695 -0.3990829 2.59622121 1.22117984 -0.40475547 2.59053516 1.21679151 -0.40260124 2.61910987 1.28707111 -0.40760827 2.59946203 1.26674676 -0.40074337 2.54177904 1.28914058 -0.40761021 2.5988431 1.29264271 -0.40102661 2.53022122 1.34211481 -0.40235746 2.56735921 1.29159999 -0.40744367 2.59820652 0.5874384 -0.3106277 2.76275659 0.5918355 -0.2998417 2.79384947 0.59685028 -0.29669315 2.79241991 0.57656789 -0.3106277 2.79336476 0.65070367 -0.29422602 2.77738285 0.66018474 -0.29832339 2.76506591 0.65846473 -0.30316398 2.77521729 0.67467189 -0.3106277 2.76552582 0.6700874 -0.31080416 2.77197242 0.67228132 -0.31506789 2.77135921 0.68997788 -0.34156537 2.76601171 0.68998051 -0.34199172 2.76641583 0.94311512 -0.403754 2.68225026 0.92671573 -0.40603882 2.70020819 0.93976969 -0.40275782 2.69656992 0.91050482 -0.41348529 2.68015265 0.68984711 -0.34623918 2.76645303 0.68823832 -0.3725028 2.76686716 0.67457879 -0.3725028 2.73456955 0.90971732 -0.41040844 2.70496035 0.8809365 -0.40791911 2.71299696 0.88619387 -0.40735614 2.71153688 0.87958324 -0.4201889 2.67917109 0.69225347 -0.40094995 2.72992563 0.6893025 -0.37422636 2.76656985 0.85227191 -0.40277529 2.70819974 0.87292868 -0.40514135 2.71525717 0.69110692 -0.39051652 2.76604748 0.69127959 -0.39075062 2.76605296 0.84990937 -0.39864177 2.72169256 0.83520705 -0.39599189 2.72578788 0.8169167 -0.4007175 2.70311284 0.8107717 -0.39333481 2.73261929 0.81602669 -0.3923699 2.73114991 0.79317093 -0.40500331 2.70999527 0.70000219 -0.40325075 2.76357865 0.78485429 -0.39522481 2.73807001 0.79070294 -0.39423984 2.73825574 0.71801078 -0.40620616 2.75854397 0.73014021 -0.3922106 2.7360394 0.72399592 -0.40362516 2.75688744 0.74269325 -0.39800909 2.75166035 0.78233433 -0.39596847 2.74059534 0.78622526 -0.39437544 2.73950744 0.59761727 -0.43391562 2.76439309 0.59605587 -0.45574921 2.79263592 0.59737468 -0.45480099 2.79227781 0.56741893 -0.44783425 2.7621212 0.56643736 -0.45976853 2.79304314 0.59182531 -0.45676437 2.79384923 0.53495461 -0.45538935 2.80973887 0.55630666 -0.46023685 2.80377913 0.53551573 -0.44938374 2.79206157 0.52288061 -0.45653975 2.81310463 0.50459367 -0.44906807 2.79108 0.50032276 -0.4376803 2.81941104 0.4961817 -0.43692058 2.82055926 0.47367156 -0.44712734 2.79009843 0.4911547 -0.43509823 2.82198954 0.47287047 -0.43437767 2.81533432 0.48700094 -0.42905769 2.82315636 0.47268999 -0.42175269 2.82102013 0.47725248 -0.4219242 2.82588172 0.47249344 -0.41810602 2.82721233 0.45347986 -0.4162873 2.8325181 0.44176835 -0.42447591 2.82003856 0.44126379 -0.41988897 2.83593345 0.43231279 -0.42373797 2.83842635 0.41797495 -0.43758786 2.8172183 0.41058958 -0.43313444 2.84452391 0.40917212 -0.43395972 2.84422183 0.37894261 -0.44629049 2.84899735 0.36236918 -0.44444695 2.85799146 0.37880263 -0.44367367 2.85340691 0.34802097 -0.45351291 2.84801579 0.40784302 -0.43397772 2.84529185 0.40913615 -0.43399897 2.84493041 0.34977812 -0.44664997 2.86151147 0.33754042 -0.44400069 2.86492229 0.31810665 -0.45241976 2.84596014 0.57568133 -0.46120512 2.79836249 0.57217216 -0.46100351 2.79934359 2.34224296 -0.37309051 0.75907511 2.11920786 -0.39802325 0.14870262 2.18095684 -0.39676994 0.18223771 2.17399669 -0.3959285 0.15741973 2.10587168 -0.39929998 0.0742867 2.15050459 -0.39585653 0.07320936 2.13491702 -0.39551413 0.01760606 2.0979948 -0.39574921 -0.02227116 2.13025308 -0.39506477 0.00085475 2.1068778 -0.39169878 -0.08275751 2.08281994 -0.37578237 -0.14085865 2.0998764 -0.38788715 -0.10782181 2.09355354 -0.38100022 -0.13048188 2.0820961 -0.38514876 -0.09938717 2.07627535 -0.39094698 -0.07012415 2.10167027 -0.3900122 -0.1013544 -1.81522572 -0.35836637 0.05584211 -1.81022525 -0.36591166 0.07372876 -1.27456498 -0.40414861 1.98968124 -1.27254927 -0.40179443 1.99694812 -1.23537993 -0.39206386 2.02392554 -1.26582193 -0.39804032 2.02101135 -1.26193416 -0.3962121 2.03495216 -1.2363615 -0.38982224 2.05484724 -1.25646198 -0.39806092 2.05452609 -1.25275826 -0.40370962 2.06779432 -1.23375916 -0.40477395 2.08441234 -1.24806893 -0.41664004 2.08456802 -1.24527347 -0.41426021 2.0945673 -1.2391088 -0.41819456 2.11666656 -1.20838404 -0.3841908 2.14859462 -1.23007238 -0.39856789 2.14891434 -1.22619498 -0.39192137 2.16278362 -1.1917237 -0.37185955 2.17792511 -1.22188532 -0.38779807 2.17816877 -1.21692955 -0.38710961 2.19589567 -1.14680588 -0.37365854 2.21168494 -1.21219718 -0.39313245 2.21269608 -1.20545352 -0.40600184 2.23681808 -1.15027404 -0.40498698 2.26478934 -1.20461023 -0.40749905 2.23990011 -1.19601786 -0.4150528 2.27063441 -1.19025576 -0.41051942 2.29124522 -1.163872 -0.40379012 2.31715274 -1.18587863 -0.40858948 2.30700326 -1.18194878 -0.40298581 2.32105994 -1.15457726 -0.40111649 2.3536613 -1.17556441 -0.40056953 2.34389663 -1.17103052 -0.3994092 2.36011744 -1.1554482 -0.4034369 2.39791036 -1.16268325 -0.4020972 2.39002275 -1.13415384 -0.41178727 2.42905951 -1.15943861 -0.40492895 2.40162849 -1.15044057 -0.41452894 2.43376899 -1.16056812 -0.40311787 2.39758825 -1.14684749 -0.41747206 2.44662142 -1.12524307 -0.41664898 2.46463728 -1.14256859 -0.41947865 2.46193099 -1.13947237 -0.41910437 2.47300577 -1.13765061 -0.41948238 2.47952223 -1.12678838 -0.42617136 2.51837587 -1.09647536 -0.4212501 2.52358413 -1.12157655 -0.42836452 2.53697443 -1.08224225 -0.42482841 2.5553453 -1.12000096 -0.429167 2.54259133 -1.11049068 -0.4277319 2.5766089 -1.06164765 -0.42323732 2.58781385 -1.10822237 -0.42760593 2.58468151 -1.09866798 -0.42269975 2.61885715 -1.06947172 -0.42255318 2.62002897 -1.09803057 -0.42264506 2.62119746 -1.08903146 -0.42820328 2.65338683 -1.02834487 -0.42847347 2.62844157 -1.0849247 -0.43190154 2.66793799 -1.03474319 -0.43283617 2.68821383 -1.08022773 -0.43306607 2.68482113 -0.98813123 -0.45779979 2.94886112 -1.01559281 -0.45317036 2.91611218 -1.00573254 -0.45703837 2.95138192 -1.01644206 -0.45306072 2.91301131 -0.98456675 -0.45927668 2.89857364 -1.01743436 -0.45259741 2.90953684 -1.01450706 -0.45031214 2.86666989 -1.02443135 -0.45014662 2.88450885 -1.0295521 -0.44594848 2.86619234 -1.03574538 -0.44836551 2.84403896 -1.01650858 -0.4500885 2.8106401 -1.0395149 -0.44801295 2.83050704 -1.04818249 -0.44813427 2.79950309 -1.05542755 -0.44346473 2.773628 -1.04181254 -0.44101655 2.76024961 -1.06521952 -0.4359794 2.7386024 -1.06787336 -0.43452728 2.72901273 -0.98813123 -0.45779979 2.94886112 -1.00573254 -0.45703837 2.95138192 -0.99594891 -0.45590994 2.98637724 -0.95560801 -0.45291734 2.96139884 -0.99526525 -0.45565024 2.98871899 -0.93383765 -0.45346069 2.9930017 -0.994964 -0.4556838 2.98975015 -0.99451095 -0.45543674 2.99148607 -0.95757121 -0.45008016 3.02324271 -0.98352575 -0.44519728 3.0307796 -0.98125744 -0.44502914 3.03893113 -0.95864421 -0.44761026 3.05714393 -0.97026664 -0.44354028 3.07824492 -0.95351017 -0.44119644 3.12047243 -0.95865858 -0.44052479 3.1198113 -0.95755106 -0.43998924 3.12377286 -0.58586764 -0.45513093 3.09473062 -0.59931642 -0.43805066 3.12684083 -0.57013053 -0.45170608 3.11867332 -0.61992127 -0.43437767 3.11251903 -0.93057567 -0.45017982 3.14791203 -0.95082003 -0.44336307 3.14779496 -0.60051328 -0.43680269 3.1271894 -0.62270522 -0.41925788 3.12726903 -0.61895561 -0.42253688 3.13234544 -0.94370633 -0.45374501 3.17324018 -0.62266862 -0.41945064 3.13338351 -0.90238416 -0.45988059 3.16221285 -0.93905693 -0.45892954 3.18978453 -0.64331299 -0.40714914 3.13914466 -0.64950943 -0.40300035 3.12451982 -0.74550748 -0.40252936 3.15415335 -0.75856793 -0.41976956 3.17135906 -0.74573851 -0.41167736 3.16778231 -0.77596593 -0.4152205 3.15282011 -0.69445318 -0.40272737 3.15342951 -0.6669541 -0.40325391 3.14575386 -0.71140385 -0.40137863 3.1296382 -0.71387523 -0.40394068 3.14928007 -0.73521072 -0.40709251 3.16483903 -0.71420205 -0.40714946 3.15896964 -0.70313227 -0.40378278 3.15587497 -0.65512395 -0.40312624 3.14244652 -0.65044439 -0.40311006 3.14113832 -0.77744287 -0.42337552 3.17663598 -0.93355405 -0.4587999 3.20962358 -0.93253881 -0.45881605 3.2097559 -0.86765707 -0.45375431 3.14336586 -0.87174845 -0.45649198 3.20297456 -0.86868072 -0.45597884 3.20210791 -0.93264222 -0.45795634 3.21288514 -0.80964148 -0.43305147 3.18398905 -0.80562466 -0.43232539 3.18453622 -0.82638055 -0.43827105 3.16474795 -0.8620891 -0.45334402 3.20029807 -0.89774048 -0.45775071 3.21028996 -0.90161675 -0.45796323 3.21073747 -0.92676014 -0.45826784 3.21839309 -0.83412582 -0.4454653 3.19248033 -0.81212211 -0.43450531 3.18635273 -0.80959731 -0.43415773 3.18564701 -0.90162575 -0.45793408 3.21137619 -0.32453623 -0.44347593 3.05000949 -0.275897 -0.4526279 3.03641152 -0.36333349 -0.43328303 3.06085587 0.10059983 -0.46179593 2.93115735 0.13758682 -0.45983687 2.92083764 0.16369569 -0.45841274 2.91353846 0.20128118 -0.45977917 2.90301085 0.21850482 -0.46091855 2.89819551 0.08691235 -0.46487871 2.93496728 -0.26042098 -0.45492598 3.0320437 0.06868804 -0.46604714 2.94009423 -0.25228944 -0.45538765 3.02979922 0.04672217 -0.46758255 2.94623494 -0.21952002 -0.45599061 3.02063799 0.03813499 -0.46694216 2.94863582 0.01007056 -0.46417937 2.95643139 -0.19731109 -0.45556656 3.01442909 -0.16038397 -0.45442694 3.00412774 -0.05879479 -0.45188636 2.97569227 -0.04504031 -0.45361653 2.97183847 -0.019423 -0.45899177 2.96467686 -0.11696426 -0.45087615 2.99200034 -0.0861131 -0.45011216 2.98337531 -0.10317731 -0.44942895 2.98814583 0.28054383 -0.45560914 2.88087893 0.28618822 -0.45451167 2.87930083 0.31647262 -0.45210099 2.87081218 0.28389147 -0.45518968 2.87994289 -2.14525318 -0.48821035 -1.12460494 -2.15528178 -0.48832241 -1.16055918 -2.18449688 -0.50440401 -1.26501465 -2.18165183 -0.50113213 -1.25483811 -2.17734194 -0.49761549 -1.23942101 -2.16022563 -0.48817909 -1.17824292 -2.19001794 -0.50800204 -1.2847631 -2.19864559 -0.5136801 -1.31568527 -1.82213748 -0.35671267 0.03119088 -1.82408059 -0.35784766 0.02424006 -1.82564759 -0.36066979 0.01863494 -1.83297348 -0.37099013 -0.00760371 -1.83571267 -0.3742893 -0.01743408 -1.8200171 -0.37272763 -0.03560519 -1.77169144 -0.419265 0.21162164 -1.77024043 -0.42200708 0.21681169 -1.76698172 -0.42256522 0.2283498 -1.76354921 -0.42596933 0.24055439 -1.77778566 -0.41102776 0.1897825 -1.78684866 -0.39718762 0.15736413 -1.80660725 -0.36213666 0.08670115 -1.78867483 -0.39528695 0.15080361 -1.79459214 -0.37970254 0.12971641 -1.69734359 -0.45223588 0.47756553 -1.69000542 -0.4503822 0.50372076 -1.70184577 -0.45263392 0.46146148 -1.70983398 -0.45115724 0.43288791 -1.71054995 -0.4509905 0.4302344 -1.71089602 -0.45050141 0.42903021 -1.72257197 -0.42944744 0.38726565 -1.73057842 -0.41986662 0.35859966 -1.72774935 -0.42224148 0.36874658 -1.73198974 -0.42055619 0.35353982 -1.73709953 -0.41995293 0.33526203 -1.74274349 -0.42557403 0.31507376 -1.74566257 -0.42637295 0.30457547 -1.7546277 -0.4317596 0.2725077 -1.75567472 -0.43055189 0.26872134 -1.79765439 -0.37422892 0.1187627 -1.79829276 -0.37228903 0.11647933 -1.80518401 -0.36700106 0.09179186 -1.87143958 -0.40168643 -0.16600871 -1.87707806 -0.39928713 -0.16534284 -1.87400305 -0.39777657 -0.15434349 -1.85090244 -0.39125311 -0.11084843 -1.86481881 -0.39081648 -0.12151027 -1.86091816 -0.38928747 -0.10755771 -1.85027516 -0.38516232 -0.06945049 -1.84989619 -0.38512182 -0.06943846 -1.69000542 -0.4503822 0.50372076 -1.68775201 -0.45069113 0.51177567 -1.68506491 -0.44930539 0.52142149 -1.67563415 -0.450993 0.55515486 -1.67205119 -0.44657204 0.56800503 -1.66664696 -0.44258082 0.58733571 -1.66253138 -0.43463311 0.60205728 -1.65819168 -0.42214355 0.61761504 -1.65714312 -0.42125648 0.62136573 -1.61824334 -0.42607298 0.76044643 -1.61452377 -0.41856503 0.77376652 -1.65535617 -0.42276481 0.62775743 -1.62254 -0.43596151 0.74507731 -1.65015399 -0.42396736 0.64627433 -1.62369764 -0.43801725 0.7408883 -0.81724715 -0.43063629 3.1517005 -1.64836526 -0.42461178 0.65268713 -1.63205266 -0.44695327 0.71100283 -1.64589202 -0.4335365 0.66156471 -1.63816202 -0.4415043 0.68921477 -1.64134884 -0.44039783 0.67781538 -1.45669186 -0.3842876 1.33826923 -1.44068623 -0.3643471 1.39560318 -1.45873463 -0.38453186 1.3309505 -1.46647704 -0.38291669 1.30325615 -1.48272038 -0.40012026 1.24527287 -1.48220766 -0.39943844 1.24710703 -1.57064867 -0.31579196 0.93065399 -1.56667161 -0.31239089 0.94487989 -1.48379159 -0.40128735 1.24144137 -0.83000457 -0.43352687 3.12517786 -1.55336273 -0.31252375 0.99248523 -1.48439527 -0.40126908 1.23928213 -1.49230921 -0.3932595 1.21096647 -1.49444771 -0.39038473 1.20331705 -1.50985873 -0.35808063 1.14812255 -1.50549865 -0.37425026 1.16371834 -1.52698052 -0.31499213 1.0869205 -1.51561177 -0.33452457 1.12762868 -1.50169504 -0.37606916 1.17735946 -1.51185977 -0.35166156 1.14091241 -1.51120496 -0.35594901 1.14326286 -1.43889689 -0.36482808 1.40200341 -1.43298101 -0.35794875 1.42316449 -1.43116152 -0.35600793 1.42960167 -1.43019581 -0.35685325 1.43308854 -1.42176187 -0.36160129 1.46325636 -0.8970446 -0.4511919 3.10976505 -0.86662579 -0.4401567 3.0885663 -1.41716421 -0.37292799 1.47974753 -1.41520309 -0.3786602 1.48676229 -1.39662898 -0.40185991 1.55316257 -1.38692403 -0.39311266 1.58791184 -1.38520837 -0.39092222 1.59404874 -1.39421892 -0.39890224 1.56178319 -0.74189579 -0.40392256 3.11872959 -0.68107539 -0.40330505 3.09351373 -0.77498436 -0.4171102 3.12189794 -1.34522521 -0.37970987 1.73697364 -1.34384382 -0.37905163 1.74194908 -1.34961891 -0.37900421 1.72136724 -0.82603014 -0.41948235 3.08463621 -1.35255837 -0.37837979 1.71085286 -1.37691176 -0.38776222 1.6237253 -1.37564671 -0.38758171 1.62816477 -1.36588037 -0.38351074 1.66309845 -1.36142111 -0.37666544 1.67911661 -1.35923994 -0.3760722 1.68691885 -1.3155781 -0.38151971 1.84309077 -1.31140637 -0.38446587 1.85801291 -0.71215904 -0.39630103 3.09293962 -0.65052074 -0.4345721 3.09489608 -1.31766176 -0.38009867 1.83559501 -1.32531703 -0.38968012 1.80828786 -1.32179391 -0.38520876 1.82088971 -1.32695389 -0.3890743 1.80243289 -1.34120286 -0.38174441 1.75143015 -1.33299184 -0.38504258 1.78080082 -0.92861247 -0.44687557 3.08606839 -0.85138255 -0.42432642 3.05475926 -1.3186413 -0.38023213 1.83205676 -1.41400456 -0.38193586 1.49104953 -1.41333961 -0.38751084 1.49342775 -1.40578532 -0.4043138 1.52046669 -1.27623141 -0.40457234 1.98382258 -0.75087297 -0.40050268 3.09088302 -0.67899334 -0.42209113 3.05172873 -0.7112723 -0.40527797 3.06500602 -0.61939323 -0.44793582 3.09588432 -1.2922622 -0.40364763 1.92637074 -1.29199183 -0.40378296 1.92744803 -0.89670885 -0.44399261 3.05612803 -0.80394304 -0.40698814 3.05907273 -1.28318536 -0.40977016 1.95894885 -1.29284298 -0.40348071 1.9244498 -1.29954517 -0.40193883 1.9004761 -1.30109358 -0.40074757 1.89493752 -0.67692196 -0.42917502 3.04096055 -0.64865255 -0.45022738 3.0327785 -0.9276309 -0.44967127 3.05514622 -1.30743611 -0.38949293 1.87221444 -0.88925624 -0.43300998 3.01860666 -0.77570808 -0.40295851 3.06267476 -0.83388352 -0.41528153 3.02716899 -0.3664771 -0.43215942 3.06170034 -0.36790964 -0.43155521 3.06209302 -0.37224796 -0.43201804 3.06335115 -0.40269834 -0.43411016 3.07186413 -0.74129868 -0.40337205 3.06053233 -0.70921427 -0.44864392 3.00017381 -0.74111772 -0.41787815 3.0301137 -0.61857921 -0.46074319 3.03747964 -0.92664933 -0.44700933 3.02422428 -0.42130968 -0.43873894 3.07706738 -0.86303407 -0.4219228 3.01604486 -0.80296141 -0.41363049 3.02815056 -0.44321677 -0.44209856 3.08319521 -0.5009588 -0.44700217 3.09933782 -0.50793403 -0.44861957 3.10125637 -0.54467356 -0.45423576 3.11156726 -0.5212509 -0.44980481 3.10501909 -0.56087703 -0.45137051 3.11609721 -0.67829216 -0.44954062 3.00115538 -0.76311046 -0.43947804 3.00028706 -0.67114806 -0.45810688 2.9752934 2.69165397 -0.32821444 2.00892043 -1.5997622 -0.42281422 0.82660252 -0.88914919 -0.43807113 2.96334672 -0.7721976 -0.40462327 3.03410912 -0.80197984 -0.42661142 2.99722886 -0.83191645 -0.42072725 2.96540928 -1.59705031 -0.42418626 0.83622724 -1.61452377 -0.41856503 0.77376652 -1.50931668 -0.32746375 0.97141147 -1.53962791 -0.32797098 0.93148959 -1.57064867 -0.31579196 0.93065399 -0.73915458 -0.45502543 2.96827006 -0.92468613 -0.44940948 2.96238065 -0.8628422 -0.42691278 2.96434379 -0.78969455 -0.43402386 2.99453783 2.37697935 -0.37323833 2.28506112 2.33469343 -0.43437767 2.29201889 -0.70737582 -0.46120489 2.96409869 2.27217531 -0.37252486 0.7421236 2.33788919 -0.37164721 0.74370289 -0.89527476 -0.43344045 2.93751907 -0.86186063 -0.42373705 2.93342161 -0.8012296 -0.42693174 2.96640134 2.34077144 -0.34142593 0.75379723 0.66127366 -0.46531534 2.77444005 0.59737468 -0.45480099 2.79227781 -0.73700643 -0.46033585 2.93020797 0.65601051 -0.46427801 2.77591133 0.58169907 -0.3106277 2.79668331 -0.94106025 -0.44677901 2.93218112 -0.80025458 -0.42279458 2.93411684 -0.83093882 -0.4216423 2.93440318 1.53277349 -0.41525388 -2.0670495 -0.86087906 -0.41639066 2.90249991 -0.76811326 -0.45075464 2.90544462 -0.89069045 -0.42355955 2.87238193 -0.79772365 -0.43358004 2.89937568 -0.82995725 -0.41676378 2.90348148 -0.76713169 -0.4516542 2.87452269 -0.85989749 -0.42009783 2.87157798 -0.82897562 -0.42273164 2.87255955 -0.82263374 -0.43237209 2.85957122 2.27695465 -0.38175416 0.58776593 2.29449797 -0.37975442 0.58832294 1.66605842 -0.38931298 -1.62557697 1.67548823 -0.38558111 -1.62587953 1.609429 -0.38899207 -1.78585768 1.57313299 -0.40326095 -1.84830904 1.61979496 -0.38428089 -1.82498252 -1.01234615 -0.4331913 2.74443316 -0.99482405 -0.44162095 2.77452111 -0.98515105 -0.42350256 2.72179556 1.70875561 -0.38948438 -1.5068233 -0.97965884 -0.42103744 2.7439642 1.66708159 -0.39170688 -1.65594971 1.62523258 -0.3822552 -1.80559993 1.57313299 -0.40326095 -1.84830904 -0.98162198 -0.44508123 2.80580783 1.54722261 -0.41442117 -2.08464527 -0.94586581 -0.42229056 2.74603033 -0.95061374 -0.43563092 2.79433608 -0.98308271 -0.44783676 2.83957076 2.24728847 -0.39769989 0.41953433 -0.9119761 -0.43344045 2.77868509 2.18095684 -0.39676994 0.18223771 2.15050459 -0.39585653 0.07320936 2.69165397 -0.32821444 2.00892043 2.39459324 -0.35418117 2.27355194 2.37388754 -0.36762342 2.29564166 2.37927747 -0.35968956 2.29412818 2.37697935 -0.37323833 2.28506112 1.39436531 -0.40444946 2.52559543 1.46840191 -0.40954152 2.54878497 -0.95168167 -0.44203997 2.8377111 -0.9535318 -0.45470488 2.89718795 -0.90372539 -0.44240355 2.81595755 -0.88458574 -0.42818272 2.74741936 -1.87707806 -0.39928713 -0.16534284 -0.9207598 -0.43826866 2.83869267 -2.26155877 -0.51334703 -1.55329847 -2.25920415 -0.52098453 -1.53218472 -0.94106025 -0.44677901 2.93218112 -0.85695273 -0.44817042 2.77881217 -2.1842947 -0.56468225 -2.3500123 -0.91843373 -0.43616509 2.86971974 -0.9224298 -0.44258928 2.90109229 -0.88231188 -0.43582356 2.83955407 -0.8579343 -0.44588137 2.80973411 -0.83524978 -0.45487893 2.77685809 -2.34538698 -0.53916705 -2.30495048 -2.34172177 -0.53298771 -2.27208471 -2.19086957 -0.55908751 -2.3481741 -2.18650007 -0.55987549 -2.34110117 -2.1842947 -0.56468225 -2.3500123 -2.19086957 -0.55908751 -2.3481741 -0.89527476 -0.43344045 2.93751907 -0.89069045 -0.42355955 2.87238193 -0.80189431 -0.44452965 2.84204936 -0.85989749 -0.42009783 2.87157798 -0.82263374 -0.43237209 2.85957122 -0.82353818 -0.4501369 2.6843195 -0.8516221 -0.43862665 2.65726209 -0.87860847 -0.42936254 2.71984434 -0.78234035 -0.46339631 2.65723705 -0.88549501 -0.43450165 2.68621135 -0.84326708 -0.44778848 2.62637186 -0.71613604 -0.47428524 2.69567633 -0.88433558 -0.43445551 2.6541307 -0.92429864 -0.42648005 2.70473862 -0.80952263 -0.46711886 2.59788513 -0.72758824 -0.47719526 2.64038491 -0.90791357 -0.42923212 2.62693 -0.87037462 -0.45118678 2.59322 -0.78058815 -0.47369146 2.59951711 -0.65694076 -0.48290157 2.68425751 -0.81086016 -0.47338653 2.51960397 -0.72651494 -0.48105633 2.54551816 -0.64924753 -0.48786116 2.614079 -0.94555491 -0.42607486 2.68312001 -0.91174591 -0.43422163 2.58681297 -0.84633255 -0.46230674 2.5321548 -0.74138427 -0.48275101 2.49170518 -0.94430441 -0.42430377 2.62065625 -0.88100356 -0.4481647 2.56137729 -0.84624594 -0.4726547 2.46464014 -0.97671407 -0.42420268 2.65119839 -0.91968352 -0.437585 2.51563525 -0.94002277 -0.42663586 2.56708455 -0.87276733 -0.46267939 2.46877933 -0.88019204 -0.44554389 2.5210731 -1.00540853 -0.43011343 2.59059596 -0.94186586 -0.4282124 2.52849197 -0.97475094 -0.42669725 2.58935404 -0.87914819 -0.46749938 2.4074831 -0.94093436 -0.4347136 2.4991467 -0.97831434 -0.42064142 2.56071067 -0.90808022 -0.45130384 2.44050431 -0.97186238 -0.43537045 2.4983592 -0.97278774 -0.42054033 2.5275104 -0.90701765 -0.44982243 2.40578556 -1.0356133 -0.4189744 2.55646944 -0.94055027 -0.43787718 2.46681046 -1.02855027 -0.41923153 2.52718401 -0.90603608 -0.45550323 2.3748641 -0.96683103 -0.43339312 2.40287495 -0.54188484 -0.51199394 -2.80916882 -1.00133157 -0.43419194 2.49534798 -0.95945758 -0.4334811 2.4370358 -1.06555355 -0.41816902 2.5245657 -1.00174642 -0.44349337 2.4646852 -0.9703474 -0.43437767 2.45063353 -1.03365016 -0.42943335 2.49462509 -1.00076485 -0.42012477 2.43376303 -1.00121927 -0.43437767 2.44807863 -1.02965963 -0.43280613 2.463799 -0.99978322 -0.40369964 2.40284085 -1.06457198 -0.41997218 2.49364352 -0.99287033 -0.49605966 -2.67202282 -1.06359041 -0.42228842 2.46272206 -1.03425622 -0.40358377 2.40166855 -1.09549379 -0.41637778 2.49266195 -1.04019666 -0.42317915 2.43459368 -1.09459579 -0.41280484 2.43423557 -1.09369767 -0.39996934 2.40611482 1.34903967 -0.44920766 -2.79345536 1.31279206 -0.44740343 -2.77110386 -1.12364101 -0.40132368 2.4042654 -1.12248957 -0.39523983 2.36799288 -1.121508 -0.39871216 2.33707094 -1.09156752 -0.38354754 2.36897469 -1.1121074 -0.4023757 2.30555129 -1.09076905 -0.40156496 2.3245151 -1.06064558 -0.38594532 2.36995625 -1.11954486 -0.4079957 2.27522707 -1.05188537 -0.43153393 2.30833864 -1.05899358 -0.40278697 2.33865523 -1.0270493 -0.40181899 2.36455488 -1.11736178 -0.4024806 2.24809647 -1.08538377 -0.42704189 2.27570915 -0.47755867 -0.51260352 -2.82714605 -1.02677906 -0.44413161 2.27817202 -1.02736461 -0.4311341 2.33754134 -0.99602145 -0.43296957 2.37090111 -1.11758161 -0.37881255 2.21338344 -1.08764112 -0.42273808 2.2452867 -1.01900172 -0.44594765 2.23505163 -0.99683851 -0.45388985 2.31007504 -1.14795411 -0.37256742 2.1814661 -1.08519936 -0.40146983 2.21573663 -1.04580247 -0.43603992 2.22706747 -0.96403182 -0.46104383 2.2722435 -0.99782008 -0.45213866 2.34099722 -0.96787983 -0.44567871 2.37290096 -1.17747927 -0.37262106 2.15011215 -1.11660004 -0.37776136 2.18246126 -1.05573773 -0.42684221 2.21534657 -1.04048252 -0.43437767 2.18487763 -0.99232143 -0.46482623 2.15703869 -0.96030414 -0.46219957 2.31314135 -0.93695796 -0.44537354 2.37388253 -1.1465404 -0.37631392 2.15055776 -1.11561847 -0.388551 2.15153933 -1.08567798 -0.39009476 2.18344307 -1.06607747 -0.40359128 2.18405056 1.87950289 -0.36784399 -0.71451354 1.92845488 -0.34714043 -0.72088009 -1.02171421 -0.45543873 2.12546778 -0.95143354 -0.47595894 2.15552807 -0.8952381 -0.48225856 2.27016306 -0.93922812 -0.46322417 2.33153081 2.34077144 -0.34142593 0.75379723 -1.12610412 -0.39880943 2.11835241 2.3338027 -0.34156537 0.74711394 2.33856249 -0.35294318 0.74589604 -1.0465461 -0.43260491 2.13838005 -0.87854069 -0.48165405 2.32024193 -0.89779449 -0.46386898 2.36535597 -1.17648065 -0.38777685 2.11865449 -1.08469641 -0.39660835 2.1525209 -1.06399465 -0.40766323 2.16288233 -0.92806745 -0.48005664 2.1085372 -0.89456075 -0.48651421 2.16122675 -0.85578763 -0.48930395 2.27222037 -1.2064209 -0.39487767 2.08675075 2.51017046 -0.38471508 1.36761141 -1.0823077 -0.40188372 2.11977005 -0.83701307 -0.48004222 2.39226532 -0.87394249 -0.47743464 2.35028434 -0.87122899 -0.48609149 2.06809711 -0.79509109 -0.48526824 2.39058256 -1.20543933 -0.39051199 2.05582881 -0.72380316 -0.49786508 2.30171824 -0.70237422 -0.49563062 2.39959431 2.33648658 -0.43437767 2.30609298 -0.4796344 -0.35890496 1.55391824 -0.54839349 -0.36030579 1.52381158 -0.42844003 -0.36052716 1.6572876 -0.48191875 -0.35566652 1.44876933 -0.41650799 -0.35565162 1.56019282 -0.45457283 -0.3579098 1.50439572 -0.38388133 -0.35998273 1.59398258 -0.41780597 -0.35795128 1.47625756 -0.43687049 -0.40337825 2.24831057 -0.40180999 -0.39733493 2.23927212 -0.43325502 -0.40274298 2.19454479 -0.46792099 -0.41285431 2.1933167 -0.38596672 -0.39719188 2.17726827 -0.42717153 -0.40128028 2.14284945 -0.35274655 -0.38996005 2.14224553 -0.51311094 -0.43530273 2.13312173 -0.46332547 -0.41079617 2.13080454 -0.57150054 -0.46889055 2.14697075 -0.43433881 -0.38775897 2.03681183 -0.35622883 -0.37583673 2.04888248 -0.28584066 -0.37782884 2.08721113 -0.57052177 -0.46217287 2.10772753 -0.50098997 -0.42408359 2.09861803 -0.47984707 -0.4036988 2.03753138 -0.39837003 -0.38131356 2.04640412 -0.58464777 -0.47841275 2.19505548 -0.64498639 -0.48838043 2.10457373 -0.50112569 -0.38802254 1.93539548 -0.44210261 -0.3773694 1.95710635 -0.39240572 -0.37295127 1.96174991 -0.62220335 -0.48780537 2.17853856 -0.62001097 -0.47920191 2.09809446 -0.58927089 -0.45658004 2.05157137 -0.52606297 -0.40384042 1.9609344 -0.30735651 -0.37072623 1.99128461 -0.67428219 -0.49837029 2.16601372 -0.48964331 -0.37964773 1.87689948 -0.56973994 -0.4141382 1.92301881 -0.45956638 -0.37489855 1.86788905 -0.29674762 -0.37138426 1.952438 -0.65141666 -0.47492802 2.01678276 -0.67942524 -0.49656606 2.1156106 -0.52891064 -0.38889039 1.86787605 -0.39637288 -0.37216687 1.91753411 -0.33480713 -0.36808896 1.92871583 -0.22284146 -0.37311685 1.98512888 -0.67821944 -0.49055028 2.05597281 -0.71460176 -0.50017393 2.13957024 -0.54641265 -0.38700092 1.7652688 -0.45654851 -0.37000155 1.78379869 -0.56021577 -0.40045726 1.86611521 -0.38938853 -0.36819017 1.81220829 -0.30379567 -0.36989546 1.92968512 -0.26965904 -0.37359083 1.8981849 -0.67429751 -0.4678123 1.93308949 -0.67753977 -0.47848642 1.98696446 -0.70967019 -0.49534345 2.05479074 -0.42299515 -0.3641839 1.73356104 -0.60815078 -0.41946125 1.8387419 -0.36367646 -0.36021423 1.86587822 -0.36465803 -0.36391807 1.8967998 -0.3028141 -0.35459018 1.89876294 -0.81924236 -0.49426937 2.2361145 -0.74769068 -0.49735737 2.06273866 -0.58429545 -0.39633977 1.72214699 -0.49374354 -0.37256253 1.7414794 -0.38195854 -0.36566079 1.75084114 -0.36269489 -0.36242676 1.83495605 -0.33410206 -0.34156537 1.90931511 -0.69353414 -0.46659243 1.86690807 -0.70507765 -0.48255289 1.96385241 -0.81376237 -0.49499512 2.16801596 -0.85578763 -0.48930395 2.27222037 -0.57199597 -0.38296914 1.668715 -0.55260324 -0.36968112 1.62113845 -0.53204328 -0.36325455 1.59095728 -0.64804709 -0.42775977 1.72321022 -0.38194939 -0.36298788 1.6797626 -0.36007413 -0.36572886 1.80225551 -0.34810677 -0.34156537 1.89732528 -0.34929967 -0.34156537 1.86633456 -0.30490404 -0.34156537 1.89551711 -0.67338312 -0.45149517 1.80333757 -0.89456075 -0.48651421 2.16122675 -0.73627174 -0.48877323 1.97751498 -0.61619163 -0.39112747 1.59758115 -0.33190459 -0.34501147 1.84009027 -0.33373594 -0.31311369 1.89778137 -0.70363152 -0.46324944 1.78313005 -0.74263453 -0.48082209 1.86753523 -0.77825671 -0.49571776 2.04321861 -0.68823934 -0.44194543 1.65692544 -0.33275437 -0.32897305 1.86685979 -0.76425511 -0.48641253 1.89620495 -0.78994083 -0.48997343 1.96182609 -0.60178721 -0.37131143 1.51187849 -0.71438742 -0.4602735 1.71751177 -0.65498334 -0.40679228 1.57429111 -0.3018325 -0.33246756 1.86784136 -0.7514472 -0.47774565 1.76647532 -0.63432997 -0.38466692 1.52076566 -0.59251249 -0.36224115 1.44388449 -0.72814804 -0.45967853 1.64397144 -0.69824779 -0.4359616 1.57971931 -0.79656386 -0.48869324 1.87129188 -0.64764148 -0.37336946 1.41959548 -0.76441658 -0.4766376 1.70060277 -0.65744966 -0.38698936 1.47367942 -0.72800022 -0.43449903 1.49717247 -0.7911756 -0.48512506 1.73919523 -0.75268495 -0.46698642 1.59397674 -0.72776198 -0.45482993 1.58961117 -0.6975956 -0.39774728 1.42632675 -0.78969002 -0.48152828 1.65169215 -1.06660533 -0.47966671 0.6241982 -1.0312103 -0.46878099 0.64483595 -1.02608562 -0.46494913 0.59922791 -1.0453124 -0.47533178 0.72932792 -0.98519552 -0.44328475 0.62338781 -1.06588554 -0.48057508 0.55718732 -1.07095003 -0.48266697 0.7528255 -1.01080132 -0.46132863 0.71630979 -1.05485678 -0.47391725 0.51130199 -0.96497023 -0.4379133 0.68883514 -1.10233235 -0.48710287 0.65657258 -1.07465386 -0.48757255 0.86392641 -0.9890452 -0.46372736 0.83154583 -0.94197226 -0.4038434 0.53125906 -0.94470435 -0.42228508 0.64446115 -1.12084568 -0.49778616 0.51576781 -1.10475993 -0.48725843 0.80096221 -1.04495919 -0.4841311 0.86939597 -0.9600476 -0.40804029 0.47884727 -0.9104811 -0.41739619 0.7552979 -1.11755538 -0.49482572 0.47800255 -1.13073897 -0.49188411 0.65577865 -1.14463663 -0.48889267 0.71926713 -1.11256433 -0.48913443 0.90288532 -1.06226444 -0.48997462 0.9521569 -1.01295507 -0.47560358 0.860888 -0.88540357 -0.39585888 0.6483767 -0.88459665 -0.37459803 0.50593662 -1.04960084 -0.4630661 0.46404195 -0.82931125 -0.37918127 0.74702835 -1.15679991 -0.50427306 0.50049782 -1.16940093 -0.50099111 0.57016301 -1.14234281 -0.48750019 0.79350138 -1.01493597 -0.48277569 0.93490589 -0.93327421 -0.43321252 0.80386043 -0.94084489 -0.3848654 0.39009452 -1.01969111 -0.4259795 0.36992311 -0.83069307 -0.38123524 0.78491879 -1.15439701 -0.50299382 0.44788885 -1.12218571 -0.49111652 0.43210721 -1.21076179 -0.48316908 0.77974248 -1.14687061 -0.48863769 0.97141552 -1.01051903 -0.48544371 1.011204 -0.86409062 -0.39700902 0.84600973 -0.95569807 -0.46337879 0.94126785 -0.98532045 -0.47874629 0.97498262 -0.85555005 -0.37476945 0.57714534 -0.82599783 -0.37287772 0.64087796 -0.89949083 -0.37315464 0.44158792 -0.97423351 -0.39803278 0.36921811 -1.07983589 -0.45537245 0.36166263 -0.79151601 -0.3673296 0.7636776 -1.19867837 -0.50645268 0.4469943 -1.24350786 -0.49393463 0.64452887 -1.27490854 -0.48395801 0.73350763 -1.2620455 -0.48015666 0.88666308 -1.07172275 -0.49013329 1.04179859 -0.89231163 -0.41567147 0.87468517 -0.84523773 -0.3629241 0.50974703 -0.90635318 -0.37212765 0.37000823 -0.87407935 -0.36555874 0.44566154 -0.97201258 -0.3870275 0.32672095 -1.04005802 -0.41448641 0.29447579 -0.8233813 -0.37831938 0.89384377 -0.76482856 -0.3559531 0.92121053 -1.26783037 -0.50541246 0.40031672 -1.15238369 -0.49688375 0.40200758 -1.11616087 -0.47202802 0.33241057 -1.24828184 -0.49859035 0.52208614 -1.08643937 -0.49097204 1.11372006 -1.03097868 -0.49149573 1.12989342 -0.98881698 -0.48549783 1.08854175 -0.92184174 -0.45559001 1.00014031 -0.94080037 -0.46749735 1.02346003 -0.79795283 -0.36357737 0.624686 -0.80972219 -0.36147881 0.54103565 -0.93521279 -0.37325704 0.30976295 -0.87336498 -0.36703527 0.38019562 -1.07954907 -0.44442475 0.30740499 -0.74967742 -0.3557682 0.7887845 -1.1841023 -0.50497973 0.40873075 -0.83306956 -0.39320481 0.96992195 -0.88786012 -0.42883694 0.96799052 -0.84451771 -0.36133385 0.45390677 -0.75902981 -0.35949969 0.71596456 -0.90609032 -0.36992824 0.31459308 -0.97179043 -0.37738001 0.28026223 -1.04760861 -0.40372801 0.22118425 -0.7801047 -0.37471235 1.03740704 -0.73611164 -0.34743273 0.92151225 -1.18055153 -0.49697614 0.3139565 -1.15054917 -0.4900924 0.33551216 -1.07775974 -0.43614972 0.26210284 -1.03852451 -0.49487114 1.22260141 -0.9579975 -0.47649539 1.05465913 -0.89490348 -0.44766486 1.03688955 -0.75302875 -0.35710466 0.60825872 -0.80906922 -0.36175168 0.44981551 -0.9209007 -0.3639034 0.24404812 -0.87017739 -0.36814332 0.29803491 -0.84032905 -0.36574101 0.37530708 -1.02233362 -0.38844633 0.21564674 -0.72974914 -0.35577714 1.02555227 -0.72467124 -0.35629737 0.72613168 -0.7038759 -0.34820008 0.82525826 -1.14817905 -0.48461902 0.27943349 -1.11621189 -0.46450889 0.23828411 -1.10946393 -0.49114299 1.22340405 -0.98195165 -0.49380243 1.25074291 -0.95916396 -0.48238683 1.13394594 -0.80996311 -0.39592099 1.0738641 -0.89567298 -0.46171868 1.13628292 -0.86719644 -0.43335795 1.06100512 -0.72404933 -0.35915351 0.52787375 -0.77244997 -0.36379802 0.49076962 -0.96723032 -0.36773264 0.18342876 -1.08987188 -0.42937589 0.15065885 -0.73960304 -0.36347938 1.09873319 -0.70666271 -0.34320259 0.92125809 -0.70357394 -0.34824121 1.00862873 -1.13958323 -0.47136319 0.14621496 -1.00940073 -0.49582517 1.28902519 -0.92776412 -0.47407079 1.13527048 -0.75810027 -0.37496126 1.13116157 -0.70847154 -0.35772598 0.65281749 -0.75227737 -0.36774087 0.37953067 -0.71846688 -0.36902916 0.45120573 -0.89688051 -0.35952771 0.14969802 -0.8094005 -0.37055135 0.27481413 -0.69808924 -0.35577631 1.15491068 -0.65433609 -0.34884036 0.82617235 -0.67481863 -0.34681618 1.07886934 -1.18075752 -0.49534273 0.18503261 -1.14628243 -0.4808917 0.18977118 -1.09282088 -0.49085462 1.35014164 -0.94256431 -0.49420726 1.33581853 -0.94192135 -0.48618186 1.21295226 -0.85411632 -0.43751121 1.11727571 -0.7780599 -0.38967431 1.1440593 -0.63018763 -0.36391199 0.56387472 -0.7726627 -0.37182117 0.30856609 -0.58834028 -0.3546294 0.73125124 -0.84410661 -0.36300707 0.17727923 -0.80869186 -0.36766291 0.21185946 -0.6537298 -0.34486008 1.15497863 -0.67782021 -0.34292734 0.93470299 -0.66341031 -0.34572959 1.05391836 -0.99874705 -0.49549663 1.35625148 -0.93301272 -0.48975646 1.27347457 -0.74660772 -0.39217556 1.22380245 -0.86999792 -0.47078526 1.25391018 -0.90228027 -0.48094976 1.24775767 -0.6691075 -0.36546075 0.49026585 -0.71815097 -0.3714664 0.29896402 -0.66363025 -0.37164795 0.37097907 -0.77646303 -0.36521268 0.24321413 -0.7774446 -0.36980224 0.2741363 -0.69786739 -0.36568785 1.22327316 -0.63489747 -0.34872949 1.21657395 -0.55112481 -0.35072696 0.81388545 -0.61341584 -0.34914935 0.92598331 -0.61758518 -0.34066784 1.15238512 -0.93665755 -0.49471235 1.39244211 -0.80789387 -0.42358792 1.19004047 -0.83343691 -0.44813013 1.23201478 -0.60899091 -0.3634522 0.58499098 -0.74652278 -0.36561918 0.27511787 -0.56669188 -0.3531816 0.86974156 -0.54576391 -0.36251807 0.66721821 -0.64443022 -0.34595037 0.96563876 -0.61603391 -0.34592819 1.05681288 -0.94376975 -0.49314594 1.51043963 -0.90443456 -0.48936093 1.3378253 -0.72534436 -0.39494419 1.29871845 -0.83975041 -0.4659009 1.31269038 -0.57180536 -0.3600117 0.65525293 -0.71461904 -0.36272502 0.24517727 -0.68772519 -0.37393773 0.29539824 -0.74554116 -0.35403895 0.2441957 -0.64574033 -0.35936582 1.28665495 -0.57540619 -0.34558725 1.21392286 -0.51719296 -0.35457158 0.82876062 -0.51396269 -0.35747743 0.77659869 -0.61635327 -0.34425664 1.01184821 -0.57014745 -0.34913933 0.8980695 -0.57989895 -0.34875214 1.06189632 -0.8824333 -0.48969185 1.40215945 -0.67271024 -0.37474084 1.31909907 -0.87198508 -0.48282123 1.34592366 -0.78074449 -0.42890823 1.30066383 -0.57465428 -0.34743357 1.283584 -0.58320469 -0.34127641 1.15715969 -0.51669264 -0.35128641 0.89390767 -0.58806324 -0.33966887 0.96111572 -0.55203432 -0.33520937 0.93002808 -0.72544301 -0.40352535 1.34874833 -0.62583399 -0.36092162 1.34076285 -0.59605587 -0.35614252 1.35104525 -0.52755225 -0.34715056 1.23235917 -0.5468744 -0.34662092 1.18859887 -0.48591939 -0.36182737 0.83814383 -0.58767438 -0.34140885 1.0015887 -0.54351902 -0.35065711 1.10122097 -0.69041562 -0.38765371 1.38227618 -0.64764148 -0.37336946 1.41959548 -0.56736827 -0.35714233 1.39412737 -0.53019083 -0.34718299 1.28747749 -0.50654644 -0.3544426 1.15222585 -0.48389333 -0.35582924 0.89937794 -0.55202341 -0.3322978 0.96110284 -0.55319029 -0.34164643 0.99284172 -0.52171123 -0.34258699 0.93226874 -0.54018533 -0.34890008 1.01291347 -0.50827157 -0.35432446 1.0157305 -0.75330389 -0.43934751 1.42878187 -0.6975956 -0.39774728 1.42632675 -0.59251249 -0.36224115 1.44388449 -0.53525317 -0.3550421 1.36366642 -0.50015861 -0.35136271 1.29693711 -0.47106177 -0.35868621 0.93227541 -0.4936533 -0.35317409 1.07820821 -0.46426073 -0.35878849 1.13736403 -0.54839349 -0.36030579 1.52381158 -0.48191875 -0.35566652 1.44876933 -0.45801353 -0.35954583 1.31726909 -0.48142433 -0.35423875 1.21245229 -0.48982012 -0.35648251 0.96423435 -0.46113735 -0.36173034 0.97881484 -0.46346658 -0.35661161 1.06266952 -0.50295508 -0.3561312 1.34759796 -0.43305284 -0.36337197 1.28169608 -0.43597022 -0.35999954 1.22277904 -0.45042554 -0.35873866 1.39269924 -0.38118431 -0.36982751 1.3614018 -0.42587548 -0.37217116 0.94557214 -0.42973205 -0.36580181 1.04696059 -0.42665294 -0.37063897 1.11202502 -0.43363777 -0.36226964 1.15743124 -0.41780597 -0.35795128 1.47625756 -0.37849939 -0.37247849 1.28130686 -0.38219923 -0.37357295 1.25109971 -0.40510559 -0.37088561 1.19048333 -0.41338465 -0.36014998 1.41965711 -0.34557167 -0.38026488 1.31521833 -0.39687058 -0.38548875 0.9943403 -0.39860427 -0.38594162 1.07195687 -0.40632874 -0.3808198 1.13523984 -0.38004851 -0.36129916 1.45432663 -0.33805957 -0.3973881 1.24806345 -0.34323287 -0.37482035 1.41256797 -0.33242947 -0.38736606 1.29428196 -0.37398508 -0.38334942 1.215536 -0.36942154 -0.40004301 1.18472803 -0.38271159 -0.36053967 1.50062299 -0.31678444 -0.38891673 1.34777856 -0.33967763 -0.43390393 1.07868004 -0.37564903 -0.40368295 1.14268255 -0.38388133 -0.35998273 1.59398258 -0.34507298 -0.36947918 1.46226811 -0.28971934 -0.40883946 1.3126148 -0.28527224 -0.40331078 1.41302109 -0.28779453 -0.40531588 1.34208453 -0.3369059 -0.44301593 0.98710024 -0.32931614 -0.43761587 1.18196988 -0.3225221 -0.38018024 1.53948832 -0.29079077 -0.44127727 1.25040948 -0.34084633 -0.43474877 1.14282119 -0.30427983 -0.46435153 1.03275681 -0.32418782 -0.37216961 1.64231455 -0.29075 -0.39366043 1.52261078 -0.28006792 -0.40015113 1.46708703 -0.22270466 -0.46735764 1.32213593 -0.23425376 -0.43971682 1.39497983 -0.30828682 -0.45799792 1.12104297 -0.31246364 -0.46832573 0.95874572 -0.27717423 -0.4634769 1.21660054 -0.25083452 -0.46325839 1.27901411 -0.2786009 -0.47603667 1.11563563 -0.27478042 -0.4831785 1.01928127 -0.28563303 -0.3828094 1.66901302 -0.22714043 -0.4336549 1.46240366 -0.25060266 -0.47338498 1.24904895 -0.20434748 -0.48384821 1.29993355 -0.18838666 -0.47819889 1.36378539 -0.27506065 -0.49001718 0.9494797 -0.26032522 -0.40411413 1.57531893 -0.21110328 -0.43652928 1.51399148 -0.1960706 -0.45356464 1.46214473 -0.22397183 -0.48435485 1.24882376 -0.24352136 -0.49552953 1.01542747 -0.23410344 -0.40887928 1.61275697 -0.24825993 -0.48712695 1.14034009 -0.21489443 -0.49843454 1.12944627 -0.18941344 -0.49377394 1.26539004 -0.14930604 -0.49591577 1.35296547 -0.16525967 -0.48647225 1.39396405 -0.24228701 -0.50101876 0.93077397 -0.20248246 -0.41392398 1.64618909 -0.16275495 -0.47361028 1.48678553 -0.1896589 -0.49634814 1.20208955 -0.15970491 -0.4983952 1.28159475 -0.21049067 -0.50407171 0.95309353 -0.28277466 -0.4966079 0.86993241 -0.19560944 -0.43126166 1.59271169 -0.15060605 -0.46428919 1.57362032 -0.18431816 -0.50378036 1.13791978 -0.13027208 -0.49584281 1.4289124 -0.12938662 -0.50057364 1.30170083 -0.13463271 -0.48785913 1.49847829 -0.19416699 -0.50500715 1.03515434 -0.23955908 -0.50360084 0.85745692 -0.15315369 -0.44622338 1.65330732 -0.15547039 -0.50352621 1.18267787 -0.10259749 -0.50267661 1.3953644 -0.12569588 -0.50233018 1.21875501 -0.20756166 -0.50235903 0.83758497 -0.18078552 -0.50430584 0.98048043 -0.26748088 -0.50147271 0.83288622 -0.10625023 -0.49719453 1.51136005 -0.15367682 -0.50608587 1.11510241 -0.10155024 -0.50090218 1.30666292 -0.08538601 -0.49729097 1.2084285 -0.2225147 -0.5009855 0.76587844 -0.16921708 -0.49863684 0.85251105 -0.15162015 -0.50469971 1.04851711 -0.26432991 -0.50164723 0.75268292 -0.30300251 -0.49718869 0.75813365 -0.12830117 -0.47200787 1.60224664 -0.12473017 -0.50333285 1.14937139 -0.07324362 -0.50524068 1.47419381 -0.0729368 -0.50308537 1.38733852 -0.09367588 -0.49645829 1.1412313 -0.16170453 -0.49296844 0.7424264 -0.15080597 -0.49796915 0.94501412 -0.09049612 -0.48117554 1.65932417 -0.08000299 -0.49660635 1.57218456 -0.11965369 -0.50079679 1.0766257 -0.04719448 -0.50604618 1.5531106 -0.06515521 -0.49600422 1.27482092 -0.0597963 -0.48773813 1.17393541 -0.24061041 -0.50660002 0.668504 -0.20943896 -0.50345218 0.65558815 -0.1077814 -0.48355997 0.78110361 -0.1045164 -0.48476303 0.90824354 -0.32281578 -0.50894749 0.64584875 -0.04081357 -0.50397217 1.42526615 -0.03052408 -0.49486542 1.34809983 -0.03191778 -0.48816919 1.25784171 -0.01183873 -0.46547818 1.13291287 0.02768749 -0.46712196 1.20550513 -0.16800348 -0.49584413 0.66495538 -0.13266405 -0.48565137 0.72092223 -0.09143487 -0.48300242 0.84096265 -0.04806119 -0.50220287 1.62537146 -0.09244925 -0.49478757 1.11514664 -0.01610699 -0.50462711 1.51236689 -0.27622831 -0.50961483 0.62901282 -0.2114387 -0.49916494 0.58952618 -0.0759688 -0.46568096 0.70523882 -0.04074568 -0.46247911 0.76251197 -0.00731421 -0.4631449 0.86084795 -0.08920085 -0.48419774 0.99521494 -0.01648003 -0.50571167 1.64208233 -0.00528815 -0.49724054 1.40654957 0.04309642 -0.49614048 1.47409213 0.06426039 -0.46415746 1.24733782 -0.03458965 -0.46380651 1.07862437 0.02515584 -0.45474386 1.10869658 -0.29021171 -0.50838745 0.58071351 -0.16465674 -0.48756194 0.58456326 -0.05870762 -0.47214806 0.97733963 -0.05305815 -0.46700466 1.04946685 0.07846504 -0.46818578 1.32839525 0.03503853 -0.50123143 1.55391204 0.06951249 -0.45659769 1.18271434 -0.08619589 -0.46672332 0.63475132 -0.01809722 -0.45133245 0.68151879 0.08683187 -0.44393718 0.81712937 -0.02632591 -0.46637774 0.92488992 0.05141595 -0.4885577 1.41017318 0.02580926 -0.50337255 1.66078818 0.08211654 -0.49484742 1.52795017 0.12905702 -0.45758915 1.2912699 -0.02734539 -0.45990074 1.03609407 0.10651028 -0.45169675 1.165712 -0.02843237 -0.45022404 0.61354017 0.11903131 -0.44120765 0.86306322 0.11461475 -0.46609139 1.36150408 0.09750208 -0.47826743 1.42326689 0.01983029 -0.50293064 1.71412241 0.06282073 -0.49771357 1.61606061 0.15253359 -0.45089579 1.21598172 0.01094943 -0.45427227 1.02093863 0.06159887 -0.44809186 1.06463921 0.07628265 -0.43565607 0.67670536 0.12758854 -0.43847692 0.79674149 0.06982279 -0.45090425 0.96025026 0.09179085 -0.49760878 1.75172186 0.09209237 -0.4967469 1.67597735 0.13138798 -0.47926533 1.58404386 0.14060727 -0.47310865 1.50639415 0.14781997 -0.4618082 1.37073386 0.19702166 -0.45484722 1.32335579 0.14199811 -0.44756484 1.10547459 0.1806066 -0.43746674 0.93568063 0.14895612 -0.46941566 1.49560142 0.26113027 -0.44665456 1.19651639 0.09710851 -0.44649112 1.02929962 0.23580748 -0.44309509 1.12228346 0.1535272 -0.44079399 0.97733688 0.14246008 -0.48137128 1.65699923 0.2212007 -0.45558584 1.41612482 0.25207818 -0.45180964 1.29645801 0.24233693 -0.43700624 1.01331747 0.18569064 -0.46573317 1.47425973 0.13235271 -0.49325454 1.78636217 0.19378018 -0.46508646 1.61111605 0.25364417 -0.45252538 1.40438545 0.2863583 -0.45150089 1.34299767 0.22350949 -0.46086895 1.57293463 0.19758958 -0.46938324 1.77507591 0.20720303 -0.4627285 1.72677934 0.26034057 -0.45467222 1.49586666 0.23610294 -0.45831871 1.63938236 0.34236389 -0.44142592 1.45825195 0.32282025 -0.45081258 1.59326673 -0.06755501 -0.41027534 2.23075914 -0.06915563 -0.4072057 2.18544626 -0.09798819 -0.39664471 2.19488859 -0.01635441 -0.43731892 2.19424844 -0.09421328 -0.39786243 2.15300989 -0.03384209 -0.43140602 2.14339304 -0.02395117 -0.42947984 2.23732209 -0.12611671 -0.38850856 2.18295002 -0.06189334 -0.41146886 2.14608669 0.00609118 -0.45828187 2.16778469 0.02709115 -0.46430314 2.23897409 -0.12513514 -0.38351297 2.15202832 -0.08902583 -0.40426505 2.1098547 -0.00553727 -0.46000719 2.09240055 -0.05549499 -0.42879987 2.07775688 0.03089976 -0.4773922 2.13603425 0.05932322 -0.48602819 2.18638277 -0.12928955 -0.38355887 2.11520219 -0.09257206 -0.41656375 2.02691031 0.02904683 -0.48207355 2.04443073 -0.08947214 -0.42126691 1.99653554 -0.15520611 -0.37421107 2.12423468 -0.00072402 -0.47050393 2.03342843 -0.0273892 -0.46737087 1.9627223 -0.15224415 -0.38670933 2.03213382 -0.18239558 -0.37084627 2.08387876 0.00480521 -0.47879136 1.9944191 0.06303886 -0.49150991 2.07582521 -0.07161883 -0.43886602 1.94633627 -0.14882173 -0.38858724 1.95684421 0.03416651 -0.4865309 1.99611831 0.09189636 -0.49398506 2.03773022 0.09443906 -0.49784696 2.10117817 -0.05998662 -0.46606028 1.85672462 -0.11995247 -0.4028393 1.94865191 -0.18518735 -0.37817168 2.02567863 -0.02468514 -0.48692596 1.86894763 0.00689587 -0.49935794 1.877859 -0.10737005 -0.42418814 1.86828113 -0.24272728 -0.37279618 2.05580115 -0.13771306 -0.39836216 1.89225829 -0.18085076 -0.37882602 1.94758105 0.03884298 -0.50526118 1.89506567 0.06530416 -0.48898768 2.00330782 -0.05210224 -0.48397732 1.79724634 -0.08257365 -0.46622586 1.78562009 -0.22284146 -0.37311685 1.98512888 -0.01971683 -0.49644244 1.80417407 0.03937003 -0.50725126 1.83093929 0.0682489 -0.50509691 1.91054201 0.06964359 -0.4952085 1.95483685 0.09622625 -0.48888659 2.00428939 -0.1340306 -0.42825425 1.76131248 -0.1443432 -0.40204191 1.83027995 -0.17906237 -0.37893367 1.89012957 -0.20948854 -0.37386894 1.87929058 0.0106203 -0.50415123 1.7823621 0.07005745 -0.50886297 1.87381101 0.09720781 -0.48713183 1.97336769 -0.1010008 -0.46475923 1.71424901 -0.04782972 -0.49293733 1.73671627 -0.17741239 -0.38602483 1.82644093 -0.26965904 -0.37359083 1.8981849 -0.01968375 -0.50034809 1.73636866 0.05831704 -0.50498867 1.79261827 0.09959921 -0.49637413 1.91195536 0.09818941 -0.48941779 1.94244564 0.13278615 -0.46818137 1.97449708 -0.16954266 -0.40249658 1.77313936 -0.24191192 -0.37443364 1.88660383 0.10442406 -0.504457 1.84746456 0.11354387 -0.50109923 1.87679577 0.13484815 -0.46566379 1.9394927 -0.0790548 -0.47938192 1.71225631 -0.17267048 -0.41415 1.71463871 -0.20881905 -0.37800038 1.82140756 -0.2646932 -0.37065661 1.86902022 0.15936327 -0.45583844 1.94462156 -0.20375782 -0.40175283 1.70091736 -0.20514037 -0.39087915 1.74709821 -0.3028141 -0.35459018 1.89876294 -0.24379891 -0.37343323 1.83873034 0.13747028 -0.49779975 1.8508333 0.18617678 -0.47860181 1.88327897 -0.23506427 -0.38560688 1.73183143 -0.29227054 -0.34156537 1.86814499 -0.26992905 -0.36470079 1.83790088 -0.26051885 -0.37189054 1.80429125 0.20832276 -0.4651438 1.91599894 -0.25597185 -0.38865125 1.68897545 -0.30490404 -0.34156537 1.89551711 -0.27845722 -0.37905025 1.71516252 -0.30091298 -0.3430115 1.83887446 -0.3018325 -0.33246756 1.86784136 -0.30278462 -0.36328197 1.80369163 -0.30662087 -0.3750025 1.68340135 -0.30289337 -0.37047327 1.77156687 -0.31632373 -0.37215626 1.73611224 -0.33190459 -0.34501147 1.84009027 -0.36007413 -0.36572886 1.80225551 -0.38194939 -0.36298788 1.6797626 -0.38195854 -0.36566079 1.75084114 -0.37839419 -0.36332178 1.6355294 -0.42844003 -0.36052716 1.6572876 2.01391268 -0.39255559 -0.06912589 2.0525198 -0.37876976 -0.12089586 2.05145121 -0.39438868 -0.0217998 2.01813793 -0.39761662 -0.03500605 1.98931944 -0.39815807 -0.03713083 2.01971769 -0.39781809 0.03435731 2.07689142 -0.40011036 0.0524044 1.97678745 -0.4010222 0.01534534 2.06375599 -0.39914751 0.08617282 1.41585326 -0.40182266 2.56344223 1.97169936 -0.40069342 0.08070183 1.39436531 -0.40444946 2.52559543 2.09222269 -0.39987147 0.11513543 1.95350063 -0.40092516 0.05129623 2.01422596 -0.39797318 0.11556888 2.15333748 -0.39612401 0.09075069 1.92570269 -0.39013135 0.02925992 1.90393102 -0.4050262 0.08973527 2.01025105 -0.39995909 0.1558671 2.07228041 -0.40519369 0.16068029 1.92044032 -0.4086839 0.13308287 1.95609176 -0.4051106 0.15877271 0.58169907 -0.3106277 2.79668331 1.88334811 -0.4069674 0.16593218 2.043221 -0.40472662 0.17156243 1.98806369 -0.40625954 0.19478083 2.09823513 -0.40739155 0.19877863 1.85925376 -0.40068758 0.15182114 2.03724337 -0.41021085 0.21323538 1.92238986 -0.40745318 0.22876954 2.15912247 -0.39921463 0.21322894 1.85317934 -0.4122467 0.22039819 2.00613976 -0.40807176 0.26066494 2.1038084 -0.41418588 0.31974363 1.8243016 -0.39808536 0.15486193 1.95204079 -0.41208482 0.28803158 2.00905371 -0.4100821 0.34350252 1.90370429 -0.40930712 0.2814889 1.79936826 -0.40275848 0.18739629 1.85255182 -0.41521847 0.29666686 1.77498996 -0.40911973 0.25079513 1.93382275 -0.41806674 0.34052181 1.84983504 -0.42107379 0.36872649 1.81184018 -0.41678679 0.2803371 1.87946999 -0.41642094 0.33557439 0.72049987 -0.37774909 0.26600599 0.76654029 -0.34609747 0.25421405 0.72284031 -0.37225533 0.22830534 0.77877212 -0.346264 0.30410576 0.74991083 -0.34527183 0.17799592 0.68649065 -0.40536654 0.31659794 0.73259056 -0.37367666 0.32977009 0.80205953 -0.32115304 0.2367835 0.71619821 -0.37733042 0.19773769 0.68006778 -0.40390265 0.19229436 0.79804909 -0.34118223 0.35376334 0.83590901 -0.32315367 0.32571673 0.78280592 -0.32197589 0.13572049 0.70955515 -0.37009966 0.1354351 0.70557129 -0.40762818 0.3860445 0.64598221 -0.42572427 0.3123467 0.76306427 -0.36145592 0.37038088 0.7425983 -0.34103775 0.12554955 0.74469507 -0.37627137 0.3844986 0.67382526 -0.42244148 0.36760044 0.64451683 -0.42910385 0.35518026 0.7955687 -0.34042275 0.45544267 0.82979047 -0.32768041 0.35655165 0.74399745 -0.33456182 0.063447 0.71797097 -0.35467768 0.09075189 0.73223352 -0.40237796 0.43500829 0.67294133 -0.42555356 0.41303635 0.76149213 -0.36550081 0.41455913 0.82415068 -0.32608777 0.47125387 0.88749731 -0.31086713 0.34564614 0.70346856 -0.42844772 0.47139049 0.65442669 -0.43385029 0.44790864 0.80419624 -0.34236324 0.50767779 0.86748183 -0.31625098 0.40961719 0.73282182 -0.41869426 0.47684336 0.76189041 -0.40333092 0.49335957 0.82544041 -0.32664973 0.51125669 0.85749137 -0.31710672 0.44984794 0.89465475 -0.31131399 0.3890326 0.69988668 -0.4359864 0.53673291 0.66842723 -0.43437946 0.47775936 0.82306743 -0.34081292 0.5421021 0.86346138 -0.31125033 0.48165512 0.79420149 -0.37461686 0.53294206 0.93697727 -0.30815297 0.45301509 0.92184913 -0.31075799 0.41889071 0.92227972 -0.2993989 0.35904527 0.72740686 -0.42967522 0.54775715 0.62610483 -0.43980038 0.54622293 0.86198485 -0.3396771 0.58422828 0.86872184 -0.31222165 0.51313114 0.783324 -0.40160322 0.56712627 0.95031321 -0.30302763 0.39428854 0.66548932 -0.44415355 0.61201739 0.69665301 -0.44671011 0.65963078 0.76161647 -0.41257024 0.54442048 0.84127605 -0.36655188 0.59440184 0.88647568 -0.32163793 0.57332349 0.93843675 -0.30719525 0.48343611 0.95320189 -0.29551601 0.36002684 0.72997487 -0.44056094 0.65331268 0.76157129 -0.42298472 0.61856151 0.52487439 -0.43094051 0.62924528 0.90774333 -0.34779465 0.64125156 0.91442704 -0.32782888 0.60642076 0.91341174 -0.31108403 0.52988315 0.84934378 -0.37574017 0.62652874 0.98926938 -0.30082029 0.45572543 0.98495591 -0.29234749 0.41440988 0.95642483 -0.28079343 0.32917595 0.68780506 -0.44832277 0.71859741 0.56805104 -0.44022763 0.72075605 0.98284936 -0.32255614 0.62520838 0.98226273 -0.31911463 0.59136224 0.98839188 -0.3113817 0.54591298 0.79106832 -0.40881932 0.62330437 1.07396841 -0.30609006 0.48862171 0.98517787 -0.28092462 0.35865521 0.72595072 -0.44477129 0.69329691 0.75740147 -0.43651867 0.69030523 0.88340759 -0.37147629 0.67881179 0.96340334 -0.33052433 0.6598506 0.81889212 -0.40682423 0.67597055 1.01496053 -0.2830013 0.41386628 1.01360679 -0.27312207 0.39234614 0.62651294 -0.44845295 0.7629261 0.72633159 -0.44555104 0.73205304 0.94122255 -0.34113598 0.6686697 1.06903422 -0.31661069 0.59481716 1.06500018 -0.32229191 0.6764102 0.78457713 -0.43322527 0.71617365 0.71267927 -0.45302331 0.79380798 0.86758935 -0.39979076 0.75081038 0.94099391 -0.35619354 0.73054314 0.96947813 -0.3450141 0.72939849 1.01949334 -0.33416736 0.71314526 0.81865788 -0.43367624 0.78131175 0.75440478 -0.45248616 0.80428576 0.73436844 -0.45737243 0.85509753 0.93330538 -0.37475562 0.77770615 1.11109519 -0.31183374 0.69169474 1.06550491 -0.3300243 0.71262002 0.78455806 -0.44939172 0.81305313 0.65002167 -0.45299256 0.91059697 0.84716523 -0.43398416 0.83159518 0.89662743 -0.39629269 0.7977035 1.01671946 -0.34188616 0.76244688 1.07363629 -0.33388364 0.78879094 0.81328738 -0.44731212 0.83506894 0.77067947 -0.45999157 0.92370594 0.91089427 -0.40798759 0.90458143 0.99049175 -0.35508692 0.79446959 1.10029793 -0.32352555 0.74597883 0.78229761 -0.45582306 0.86161494 0.7522496 -0.46066785 0.99730623 0.81265891 -0.45551407 0.89693582 0.96073043 -0.38931227 0.9389267 1.01266968 -0.36658204 0.92341697 1.12357175 -0.30891228 0.70789695 1.12978303 -0.31441963 0.74074149 0.80996394 -0.45996535 0.95956624 0.84215438 -0.44760144 0.90223968 0.87843466 -0.43644118 0.94087052 0.98692858 -0.38411188 1.00148046 1.02975118 -0.35504425 0.87931764 1.1512543 -0.30697662 0.70223665 1.17903793 -0.32323557 0.7990253 0.79893231 -0.46295488 1.06254804 0.9139384 -0.42862856 1.01252794 1.00492895 -0.37414467 0.97960579 1.0866735 -0.34726799 0.96420622 1.11634266 -0.33017588 0.85503376 1.16082084 -0.28963995 0.64519501 1.22868061 -0.31898302 0.74147439 0.83923602 -0.45994103 1.01959729 0.84190834 -0.45522857 0.96300209 0.86994553 -0.44831824 0.99138403 0.96988475 -0.40848839 1.08193696 1.07162166 -0.35490227 1.02890313 1.12101984 -0.33412492 0.89915347 1.19076133 -0.30212736 0.67709851 1.15457737 -0.32875121 0.83176255 1.23939943 -0.32132965 0.76957035 0.83905971 -0.46188486 1.08150876 0.8691752 -0.45530677 1.0609808 1.04292452 -0.37289536 1.09255147 1.12106073 -0.34267378 1.00695789 1.15141153 -0.33117497 0.92372262 1.22537637 -0.30959016 0.68979406 1.1917429 -0.28983831 0.64617658 1.18585336 -0.32803988 0.83170819 1.27890658 -0.3169989 0.72193956 1.21584547 -0.32405752 0.82719183 1.08960354 -0.35710108 1.08984506 1.22266459 -0.3038733 0.64715815 1.1844486 -0.33861148 0.86121607 1.30276048 -0.31759435 0.71845651 1.24153066 -0.3211996 0.82265687 1.12990332 -0.35048556 1.10495794 1.06185997 -0.36894393 1.1265856 1.1763792 -0.3335017 0.99104643 1.18630576 -0.34075367 0.89294314 1.27869236 -0.31486011 0.85910106 1.24845231 -0.32158345 0.8658421 1.20873368 -0.33778334 1.08626091 1.20075095 -0.33061332 0.95888042 1.21531868 -0.34156537 0.87856984 1.30856979 -0.31407076 0.85638726 1.16201591 -0.34819031 1.18315089 1.20834231 -0.33280337 1.00819504 1.32260811 -0.31799251 0.89691138 1.34347892 -0.31940413 0.73125124 1.27665603 -0.31842899 0.89649701 1.22551537 -0.33802676 1.1411525 1.27362692 -0.33340788 1.11357999 1.23165357 -0.34108949 0.89527822 1.33926177 -0.31511575 0.85494661 1.24307966 -0.33658922 0.92599905 1.26240516 -0.32862806 1.16943967 1.36813056 -0.31960064 0.85407269 1.26880336 -0.33181405 1.14387238 1.32802296 -0.33088398 1.17637002 0.81479383 -0.4429431 2.05300617 0.78764033 -0.44218373 1.99825239 0.69468558 -0.43045163 2.05679536 0.84713137 -0.44951868 1.96201372 0.68798137 -0.43603647 1.99857414 0.78340435 -0.43916297 2.11011076 0.8235395 -0.45288813 1.89139867 0.91431546 -0.44891238 2.03866935 0.6081776 -0.42484725 2.03108072 0.74356818 -0.44717216 1.8610481 0.70672679 -0.42997944 2.14211297 0.87311959 -0.44052005 2.11684752 0.89414573 -0.45376873 1.92185867 0.63847214 -0.42372108 2.09936285 0.6274119 -0.43310893 1.96124995 0.62163383 -0.43807399 1.87438762 0.76945674 -0.42874098 2.21646667 0.86396563 -0.43542504 2.19225788 0.8496567 -0.46011555 1.80701411 0.73049104 -0.45231199 1.76647568 0.55594105 -0.42401099 2.05680227 0.58573771 -0.43235636 1.93701243 0.61176008 -0.44057238 1.82468617 0.62948471 -0.4246155 2.19797873 0.54100132 -0.4319464 1.93847966 0.58478677 -0.42220628 2.16764641 0.54531813 -0.43924129 1.80778277 0.78903019 -0.45918202 1.69303501 0.70116735 -0.45183611 1.72501826 0.47810566 -0.43482971 1.97178483 0.54179806 -0.424227 2.18053699 0.44001776 -0.44172668 1.78090715 0.55171889 -0.43939304 1.7782079 0.55668205 -0.42732871 2.2420702 0.62363386 -0.4450798 1.71521091 0.4572649 -0.43589067 1.92540622 0.48826665 -0.43313682 2.02729225 0.49158323 -0.43043089 2.10732508 0.43274027 -0.43982577 1.86356282 0.70420098 -0.4517163 1.6115371 0.60201061 -0.44398868 1.60713422 0.3802197 -0.44467866 1.93108058 0.408912 -0.44659257 2.0353837 0.47423875 -0.43671215 2.17184448 0.46788794 -0.43832684 2.24768901 0.32849061 -0.44756079 1.81144488 0.47191268 -0.43555546 1.65374792 0.54794979 -0.4383384 1.68542874 0.82007277 -0.46572328 1.569731 0.35138935 -0.45252573 1.9888134 0.38733816 -0.45227993 2.12962985 0.33287579 -0.44790852 1.757388 0.36454272 -0.44714391 1.88876951 0.35629821 -0.444839 1.72174573 0.52348548 -0.43475974 1.59497929 0.76383102 -0.46008968 1.53047884 0.60043699 -0.44377327 1.52774632 0.28351307 -0.46548903 1.929739 0.3569963 -0.45603716 2.0627892 0.2692107 -0.45659566 1.77100551 0.30148363 -0.45266068 1.84502149 0.38116777 -0.44263935 1.64705706 0.49962378 -0.43377507 1.51698589 0.69873798 -0.45118666 1.50102782 0.65723324 -0.44676268 1.48873973 0.28729355 -0.46549058 2.00585866 0.30930126 -0.47403741 2.11137104 0.32820654 -0.44611812 1.6755234 0.40166217 -0.44027734 1.60397756 0.65816879 -0.44897139 1.39824128 0.55335909 -0.44289804 1.47750902 0.25613904 -0.46593678 1.88072991 0.2519924 -0.47015011 1.95939243 0.29302227 -0.46734023 2.04215598 0.31433195 -0.46880853 2.07440281 0.22003889 -0.47075129 1.82806063 0.43977886 -0.43572187 1.48033583 0.23219526 -0.46593916 1.94060516 0.24909317 -0.46967387 2.02962494 0.26277709 -0.47729063 2.07078457 0.52014267 -0.44045341 1.43466747 0.41362053 -0.43590796 1.43589497 0.5611949 -0.4395119 1.40405834 0.21385193 -0.47446871 1.85373354 0.45703411 -0.43781257 1.40548503 0.57438415 -0.44036877 1.3467052 0.22384 -0.47004128 1.88452828 0.49008226 -0.43939662 1.35210443 0.40559304 -0.43984258 1.37752986 1.88428485 -0.43406415 0.66990542 1.90392888 -0.42577076 0.63783121 1.87269676 -0.43392754 0.63789368 1.96160948 -0.4162308 0.64008665 1.90491045 -0.41846561 0.60690928 1.9864217 -0.41994393 0.67194128 1.93546021 -0.40344024 0.61961174 1.92403972 -0.40344024 0.60751653 1.99669468 -0.41028285 0.64077592 1.95407617 -0.42758822 0.70953536 1.96930444 -0.40252066 0.61319232 2.02828169 -0.40111661 0.64873934 1.99503434 -0.42253768 0.70290995 1.93583214 -0.39102268 0.60789084 2.02686119 -0.4028765 0.61078048 1.99767625 -0.40645242 0.60985398 1.99866831 -0.42439342 0.73714757 2.06087446 -0.40277278 0.68497109 2.05951977 -0.39783716 0.61181712 2.08183098 -0.4058696 0.74197578 2.05853844 -0.39622569 0.64273906 2.0760808 -0.4050256 0.7057147 2.06237364 -0.40415561 0.58518624 2.07175398 -0.40685809 0.78586769 2.0894599 -0.40079498 0.64372087 2.14576387 -0.395612 0.64629483 2.0904417 -0.39453292 0.61279869 2.14102173 -0.39679813 0.67756534 2.19246721 -0.39137769 0.77523208 2.09142303 -0.38896918 0.58187652 2.15080309 -0.38566434 0.6146009 2.1822257 -0.38839889 0.64666557 2.12234545 -0.37802625 0.58285809 2.18026257 -0.39353752 0.70850921 2.18124437 -0.39353585 0.67758703 2.21118498 -0.39193463 0.70949078 2.18265343 -0.37141287 0.61624765 2.20140648 -0.3725028 0.64727426 2.15157652 -0.37191892 0.58586597 2.21216631 -0.3853991 0.6785686 2.21020317 -0.39138818 0.74041295 2.21259069 -0.3725028 0.66521072 2.22741318 -0.3725028 0.67905259 2.24014378 -0.38696289 0.77231622 2.24398851 -0.37488163 0.70430541 2.19924593 -0.34156537 0.61625242 2.19005489 -0.34494567 0.58500743 2.20665979 -0.34156537 0.64744115 2.24112511 -0.38927603 0.74139452 2.21629858 -0.34156537 0.67515469 2.27217531 -0.37252486 0.7421236 2.21785307 -0.31536269 0.61684322 2.21485424 -0.31351995 0.64770126 2.23927355 -0.34089971 0.71588445 2.25846815 -0.34156537 0.74194503 2.24339247 -0.3106277 0.66996932 2.24308825 -0.32758427 0.67955017 2.27495003 -0.3151983 0.7124157 2.24210691 -0.33261991 0.71047235 1.18759298 -0.40366244 2.36940336 1.17336226 -0.41117764 2.32122636 1.06654191 -0.4040916 2.37918091 1.21202612 -0.41068053 2.29676247 1.03949308 -0.42319715 2.30854487 1.06315327 -0.42937946 2.25849152 1.19781554 -0.41551578 2.23678112 0.98424983 -0.43507862 2.24167275 1.12941003 -0.42514825 2.20962834 1.00798726 -0.43880689 2.20247889 1.17608654 -0.41892123 2.17080808 1.06228936 -0.43883669 2.17823219 0.94977582 -0.43994713 2.11824942 1.12442803 -0.43073261 2.15904093 1.05257714 -0.44309855 2.10142517 1.00269854 -0.44192243 2.09939885 0.9128598 -0.43933511 2.17795086 1.17672694 -0.41850305 2.11995959 1.08750474 -0.4454428 2.07187414 0.95911527 -0.45366538 2.01494837 1.1433357 -0.43069565 2.11458063 1.21918249 -0.39960408 2.11839509 1.11583018 -0.44199109 2.07027864 1.05671597 -0.45658731 1.99020052 1.08767009 -0.45498931 1.96811008 1.03006208 -0.46162152 1.94695592 1.17921412 -0.41752517 2.06099558 1.21060717 -0.39923429 2.06700301 1.2282151 -0.40586615 2.16798687 1.1194334 -0.44441438 1.99332297 0.9685328 -0.46308541 1.89991951 1.14525974 -0.43347776 2.05847859 1.2437712 -0.37319231 2.03568983 1.26930618 -0.37917018 2.11523438 1.05965018 -0.4610548 1.92216849 1.12983966 -0.44158077 1.9254694 1.01669919 -0.46681881 1.83025789 1.1791203 -0.41147268 1.96610284 1.22479999 -0.37952542 1.97154689 1.26877832 -0.36530828 2.05796766 1.14525318 -0.4327296 2.00579906 1.09101987 -0.45443285 1.85210967 0.91132557 -0.46583831 1.8291167 0.9776938 -0.46795106 1.84367001 1.27361703 -0.35396898 1.98667192 1.32743347 -0.34313405 2.03923917 1.06111836 -0.46120429 1.82558429 1.14038849 -0.43772697 1.86673307 1.00307691 -0.47048533 1.74903882 1.18825877 -0.41130722 1.88825154 1.27629399 -0.35275221 1.91710865 1.308779 -0.34294188 2.00275159 1.03446579 -0.46589339 1.76751256 1.09259868 -0.45165038 1.81924677 1.14049792 -0.4338032 1.83870769 0.93857288 -0.4727087 1.76595056 0.90109563 -0.47226822 1.70623803 0.97249174 -0.47337544 1.73739409 1.24075568 -0.37172532 1.90195215 1.30759072 -0.34166384 1.92065501 1.34545302 -0.33546817 2.00543237 1.06467628 -0.4571445 1.7749598 1.09921038 -0.44390905 1.78802466 1.18336594 -0.40953875 1.84351289 0.84489095 -0.46587098 1.70779181 1.03474927 -0.46120286 1.70890856 1.00253713 -0.46581066 1.62785268 1.22617686 -0.37563419 1.82615173 1.28181624 -0.34439301 1.85458255 1.30396342 -0.3376714 1.86213851 1.3354665 -0.33678389 1.9429878 1.06118417 -0.44305003 1.67738903 0.94003618 -0.47389305 1.68259847 0.88069165 -0.47359705 1.65109038 0.97373414 -0.47233868 1.64909005 1.249367 -0.35787666 1.80254424 1.33718586 -0.33330214 1.87142515 1.38545203 -0.33345222 2.00137782 1.09574461 -0.43541336 1.74799562 1.21075153 -0.37385035 1.76967168 1.03896713 -0.44316483 1.55025506 0.97833633 -0.46578097 1.54319942 1.31445599 -0.33449912 1.83385432 1.27970338 -0.34402525 1.79669261 1.3767612 -0.33126533 1.84247005 1.41566014 -0.33597207 1.94799352 1.12799358 -0.40292358 1.70288205 0.93857956 -0.47451377 1.61984074 1.00897574 -0.4528079 1.49151134 1.08261085 -0.41881013 1.56889427 1.24872375 -0.34945965 1.75177383 1.11293149 -0.40648568 1.6661042 0.86453617 -0.46915531 1.53072703 1.01940405 -0.44100928 1.42740595 1.09934163 -0.40535212 1.5279845 0.93270433 -0.46998787 1.5213455 0.98153913 -0.45809627 1.43033504 1.208763 -0.3642 1.73017001 1.25835216 -0.34122372 1.69591939 1.15948641 -0.37966311 1.65586913 1.16676879 -0.36591589 1.53527498 1.18017471 -0.36518455 1.59311998 0.94757605 -0.46478212 1.42398489 1.21600592 -0.35492063 1.6949774 0.88886452 -0.46735764 1.42089438 0.78037322 -0.46053731 1.37379396 1.070171 -0.4111743 1.43531418 1.01315486 -0.43435204 1.37530994 1.1466831 -0.36145365 1.44239235 0.92003763 -0.46513891 1.35744643 0.98198271 -0.45090866 1.37234473 1.22409379 -0.34750199 1.58700132 0.85839105 -0.4649241 1.32955563 1.10080636 -0.38351536 1.39662981 1.19517159 -0.35308933 1.53598559 0.95247853 -0.46052051 1.36604273 1.26536989 -0.33996975 1.59864616 0.89188969 -0.46489525 1.30754709 0.66712701 -0.44850111 1.24206114 0.78173065 -0.46005666 1.24321425 0.99001968 -0.43389058 1.31197882 1.13659251 -0.3599807 1.34211159 1.18786252 -0.34196484 1.42228675 0.95391762 -0.45220006 1.31311834 1.23030472 -0.34166312 1.51697981 0.89412105 -0.46250296 1.23219347 0.92373085 -0.4604156 1.30038285 0.86212909 -0.46449053 1.24478841 1.10354435 -0.37396109 1.33557272 1.2937026 -0.33938742 1.55177116 0.92572987 -0.45474339 1.24193537 0.76149321 -0.45782852 1.18399203 1.03869045 -0.40112615 1.2886169 1.09386969 -0.37473285 1.28910458 1.19554234 -0.34119236 1.35617924 1.22949803 -0.33465981 1.43251622 0.95761466 -0.43867636 1.23301697 1.26380599 -0.3380053 1.49755752 0.89591515 -0.45820618 1.17352772 0.93075776 -0.44144046 1.15351176 0.86481726 -0.46251929 1.18093693 1.14368534 -0.35633719 1.27108216 1.30099833 -0.33845854 1.51306546 0.83706021 -0.46200716 1.13943923 1.04356217 -0.39074612 1.22915339 1.09844112 -0.36845887 1.21719646 1.21984828 -0.33879375 1.29745746 1.24137414 -0.33381915 1.36681199 1.32040083 -0.33476424 1.42839444 1.31938779 -0.33462656 1.47997248 1.36192203 -0.3375504 1.52818429 0.89808321 -0.45189941 1.1190325 0.96988475 -0.40848839 1.08193696 0.86724806 -0.46014524 1.11492574 0.79893231 -0.46295488 1.06254804 1.01331365 -0.39224494 1.14617836 1.16201591 -0.34819031 1.18315089 1.23247647 -0.33194327 1.26686513 1.24101496 -0.33717346 1.32692289 1.35757709 -0.33079398 1.48304605 1.38857448 -0.339059 1.57431638 0.90071166 -0.44130349 1.0535264 0.9139384 -0.42862856 1.01252794 0.83905971 -0.46188486 1.08150876 1.06185997 -0.36894393 1.1265856 1.19425452 -0.33945584 1.21652746 1.29579878 -0.33381724 1.26854134 1.32167923 -0.3368237 1.33123994 1.33661711 -0.33351934 1.37342834 1.41791296 -0.33433402 1.47288716 1.04292452 -0.37289536 1.09255147 0.8691752 -0.45530677 1.0609808 1.23550594 -0.32684767 1.233863 1.26585865 -0.32053638 1.23663819 1.29570317 -0.33955312 1.29891193 1.38376105 -0.33108181 1.4432472 1.26240516 -0.32862806 1.16943967 1.29630065 -0.31027746 1.23802233 1.33422923 -0.31321263 1.2677325 1.35666144 -0.33487272 1.30142665 1.29087663 -0.31279296 1.205688 1.3277024 -0.29934001 1.23860133 1.32193649 -0.30955905 1.20891571 1.35753942 -0.30700266 1.27376831 1.35862458 -0.28759432 1.2395829 0.27479261 -0.44776058 2.844069 0.21865374 -0.44976592 2.83578372 0.2087881 -0.45430338 2.87133718 0.28153747 -0.44834912 2.81179476 0.13283348 -0.44974577 2.84185362 0.22077966 -0.45498109 2.76423645 0.31810665 -0.45241976 2.84596014 0.30269957 -0.45099723 2.78311801 0.11728942 -0.45900106 2.76096129 0.28689593 -0.45159757 2.74215651 0.19670773 -0.45856035 2.69713092 0.34165072 -0.44720376 2.76460958 0.2384038 -0.4546392 2.7195015 0.07431078 -0.46029258 2.70237303 0.37726676 -0.45169425 2.78454566 0.35126156 -0.4369936 2.70487809 0.23881495 -0.45320737 2.69645047 0.17371285 -0.46056306 2.64895678 0.38188732 -0.44637632 2.75623155 0.19391125 -0.45805132 2.6217804 0.09983921 -0.46478701 2.61532235 0.3815968 -0.43765771 2.70540214 0.31248182 -0.43620253 2.66020274 0.26459461 -0.44236314 2.61553288 0.14023593 -0.46572733 2.59553742 0.0411939 -0.45724845 2.66653371 0.17042321 -0.46486485 2.53294802 0.36801153 -0.43161571 2.6164968 0.20855719 -0.45928252 2.54595804 0.12621081 -0.46602702 2.50842953 0.0800142 -0.46156192 2.55473399 0.4360007 -0.43428528 2.64166784 0.32575411 -0.43539166 2.57942557 0.1678313 -0.47790301 2.44396996 0.46324933 -0.43074822 2.58953643 0.36885113 -0.43307638 2.55861449 0.26099551 -0.4532156 2.52108979 0.0848217 -0.46119297 2.49819517 0.21411765 -0.47759199 2.42828274 0.44153947 -0.42946374 2.55821896 0.50860518 -0.43766785 2.6330297 0.32777768 -0.45388782 2.42463732 0.20874959 -0.48388839 2.37327528 0.49684966 -0.43193913 2.53904891 0.48848224 -0.43339145 2.66618967 0.5366199 -0.43855762 2.60259223 0.41976964 -0.44191742 2.44045115 0.17704344 -0.49089217 2.36577034 0.28774625 -0.4672662 2.34901571 0.55661482 -0.44383371 2.67046571 0.37522143 -0.45369172 2.38851929 0.12528083 -0.48232675 2.40602946 0.15889752 -0.49866641 2.30889559 0.20980442 -0.49055362 2.29814386 0.49134177 -0.43556547 2.47478437 0.54521096 -0.43116248 2.53063297 0.57976031 -0.43909311 2.62340331 0.48348725 -0.43653393 2.38970184 0.11605436 -0.49241221 2.3515625 0.14562261 -0.49466503 2.35460567 0.31253225 -0.46605229 2.30461454 0.38174385 -0.45633709 2.33411741 0.11579511 -0.49606729 2.30891752 0.18822312 -0.49152327 2.19005632 0.34561688 -0.46092641 2.25410938 0.56258404 -0.43387783 2.43968439 0.62656653 -0.42655337 2.56443977 0.47603732 -0.43933392 2.33605957 0.08260006 -0.48488474 2.30371809 0.14982086 -0.49361086 2.21320629 0.2149902 -0.48968184 2.25337672 0.53832173 -0.43392229 2.33964801 0.62934017 -0.42444885 2.511379 0.63997698 -0.43190587 2.6041851 0.09813058 -0.49034131 2.23752117 0.12254399 -0.49174905 2.19016981 0.2266748 -0.48685467 2.14966297 0.61582917 -0.43213451 2.41085863 0.64021486 -0.42670894 2.48585725 0.67015755 -0.43334758 2.5779655 0.06388831 -0.48140621 2.24895859 0.18097979 -0.49169385 2.13089228 0.31433219 -0.46839285 2.19411087 0.64444613 -0.4303776 2.44869852 0.61186612 -0.43022406 2.34176588 0.69706619 -0.43303335 2.50056481 0.70939064 -0.43979454 2.64151239 0.12712473 -0.49878037 2.09954405 0.2438513 -0.48379076 2.10367036 0.71372044 -0.43175793 2.45576859 0.68400836 -0.42553115 2.29780054 0.68897939 -0.43188059 2.40724945 0.74833858 -0.44455338 2.60470462 0.69748402 -0.43806791 2.56344032 0.77809858 -0.42427957 2.34963036 0.75008035 -0.44256926 2.57175994 0.13035309 -0.49561429 2.06527185 0.20174962 -0.48264575 2.06940746 0.81030142 -0.42461181 2.44866061 0.74510324 -0.43372321 2.50216246 0.79280353 -0.42428577 2.31554556 0.83809817 -0.42452145 2.35920238 0.82657325 -0.42227602 2.39891052 0.80081069 -0.44346976 2.60478497 0.80178773 -0.43019855 2.51305485 0.12940252 -0.48979688 2.0365057 0.19786763 -0.46960616 2.0310092 0.81518674 -0.4289248 2.25605226 0.90548885 -0.41305935 2.45918179 0.12714812 -0.48318601 2.00527096 0.92379737 -0.41407526 2.52105904 0.88776505 -0.43103087 2.31065202 0.87325418 -0.41718245 2.4041419 0.85180235 -0.42946374 2.55904841 0.18866056 -0.46052325 2.00896955 0.1615442 -0.46606934 2.0050106 0.22118509 -0.46494496 2.01232219 0.8832916 -0.42138028 2.52838302 0.89446807 -0.42655849 2.34334278 0.89869964 -0.43152654 2.24754047 0.98306072 -0.40781736 2.40147185 0.8254844 -0.43989909 2.61385536 0.88730872 -0.42139637 2.55416346 0.93682182 -0.42960131 2.29090166 0.94920278 -0.41379237 2.36971354 0.88252795 -0.42094278 2.58640528 0.22360474 -0.46414447 1.97738004 0.18997365 -0.45228291 1.97631252 0.15905154 -0.45543933 1.97533083 0.95404792 -0.42332363 2.32083654 0.19095522 -0.45486975 1.94539046 0.61882502 -0.40344024 2.73279977 0.59796828 -0.43346798 2.72794032 0.63056499 -0.40344024 2.72305822 0.61323279 -0.40344024 2.76357555 0.63035071 -0.37243605 2.7334199 0.6615597 -0.40344024 2.72174978 0.66136575 -0.3725028 2.72786045 0.31647262 -0.45210099 2.87081218 2.15717316 -0.39603081 0.09706257 0.34900254 -0.45574522 2.81709385 0.30269957 -0.45099723 2.78311801 0.37992418 -0.45190859 2.81807542 0.37726676 -0.45169425 2.78454566 -1.84997714 -0.38504076 -0.06838447 -1.84139693 -0.37938958 -0.03776619 0.44258887 -0.4357686 2.79419088 0.41182786 -0.44385123 2.78813529 -1.97445858 -0.44751951 -0.51383811 -1.96874094 -0.45097831 -0.49328357 -1.84139693 -0.37938958 -0.03776619 0.38188732 -0.44637632 2.75623155 0.44311386 -0.43727076 2.75022697 0.3815968 -0.43765771 2.70540214 0.51051778 -0.44649148 2.73818183 0.41879654 -0.43579042 2.70372534 0.44129986 -0.43427551 2.72791481 -1.84997714 -0.38504076 -0.06838447 0.4360007 -0.43428528 2.64166784 0.53620756 -0.44706821 2.76171064 0.47903723 -0.43368959 2.70308828 0.44565374 -0.42958319 2.68424201 0.53846049 -0.44493937 2.69929576 0.48848224 -0.43339145 2.66618967 0.56840056 -0.44248056 2.73119903 0.56938213 -0.44503593 2.70027733 0.55661482 -0.44383371 2.67046571 0.60030425 -0.44210601 2.70125914 0.61104375 -0.44352317 2.67074013 0.6304639 -0.43376708 2.70172024 0.57976031 -0.43909311 2.62340331 0.64763391 -0.43722963 2.64164805 0.66613436 -0.4347142 2.67449903 0.66214788 -0.42717457 2.70322227 0.63997698 -0.43190587 2.6041851 0.6942296 -0.4320792 2.66767645 0.70939064 -0.43979454 2.64151239 0.69307005 -0.41265559 2.70420384 0.69225347 -0.40094995 2.72992563 0.72806406 -0.43113041 2.66867399 0.72031629 -0.40352058 2.70558882 -1.5997622 -0.42281422 0.82660252 -1.59705031 -0.42418626 0.83622724 -1.53529751 -0.30364522 1.05720901 -1.34384382 -0.37905163 1.74194908 -1.31140637 -0.38446587 1.85801291 -1.53529751 -0.30364522 1.05720901 -0.57013053 -0.45170608 3.11867332 2.41754341 -0.34549546 2.24071479 2.408319 -0.34156537 2.2634027 2.39459324 -0.35418117 2.27355194 2.4433732 -0.33591664 2.20861197 2.39990425 -0.34156537 2.20122957 2.41754341 -0.34549546 2.24071479 2.47444677 -0.32685322 2.17758512 2.41242552 -0.32354617 2.17067385 2.63084602 -0.34426713 2.02497721 2.58374596 -0.34162331 2.03852344 2.64504862 -0.29710525 2.05087662 -1.53944993 -0.4030025 0.86880922 -1.53822088 -0.42368054 0.83809471 -1.51024377 -0.32854557 0.93184209 -1.5092622 -0.33037782 0.90092003 -1.53669679 -0.34178007 0.9046061 0.72031629 -0.40352058 2.70558882 -1.47834003 -0.32940054 0.9019016 -1.50865948 -0.34156537 0.88193285 -1.47772598 -0.34156537 0.88255942 -1.47602487 -0.36588025 0.86431229 -1.51051342 -0.36482871 0.86785984 -1.47637689 -0.39238739 0.84005785 -1.54000378 -0.3725028 0.89426172 -1.51094198 -0.40069044 0.83896065 2.28446436 -0.46531534 2.30137801 2.34763718 -0.38689566 2.26147652 2.31748009 -0.38559854 2.22543073 2.31729174 -0.398965 2.26447916 2.28513193 -0.43437767 2.28035164 2.2855072 -0.40344024 2.26853061 2.25465059 -0.40118957 2.29083157 2.26384401 -0.43437767 2.28976989 2.28446436 -0.46531534 2.30137801 2.28481197 -0.45723057 2.29043531 2.3156004 -0.46187878 2.29560757 0.72806406 -0.43113041 2.66867399 0.82094002 -0.43125784 2.67024112 2.25465059 -0.40118957 2.29083157 2.26384401 -0.43437767 2.28976989 -2.27270985 -0.51354444 -1.65328264 -2.26556206 -0.49650395 -1.59943533 -2.26476812 -0.48928285 -1.63054514 0.78688931 -0.43275452 2.67396355 0.6615597 -0.40344024 2.72174978 0.66136575 -0.3725028 2.72786045 0.99605322 -0.21781516 0.29948068 1.01748943 -0.21781516 0.28500247 1.0179919 -0.24875283 0.29927707 2.30296898 -0.37772965 0.74335766 0.98599148 -0.27329981 0.30216074 1.01674581 -0.27969027 0.30842733 1.01700866 -0.28772664 0.30014586 1.03171909 -0.27881271 0.30103207 0.9842509 -0.24765182 0.33205271 1.01453578 -0.24864191 0.36215234 0.98599148 -0.27329981 0.30216074 0.98608661 -0.23222423 0.2991643 0.98351038 -0.24875283 0.29632545 0.78655279 -0.44545114 2.64440513 0.81848168 -0.44050539 2.64622569 0.88056481 -0.4265666 2.64824915 2.24493647 -0.37372756 0.58674955 2.24147224 -0.34156537 0.58958364 2.21222591 -0.37372839 0.55728889 2.28080845 -0.30610919 0.61884165 2.24561501 -0.3106277 0.59996057 2.24505138 -0.2902205 0.61770654 2.21785307 -0.31536269 0.61684322 2.21485424 -0.31351995 0.64770126 2.24342585 -0.2788161 0.64374924 2.27237177 -0.27969027 0.64952707 2.28080845 -0.30610919 0.61884165 2.24342585 -0.2788161 0.64374924 0.70939064 -0.43979454 2.64151239 2.30591393 -0.3264401 0.65059185 2.30641413 -0.34156537 0.63482404 2.27634287 -0.34156537 0.60705113 2.27631998 -0.3106277 0.60777164 2.29080582 -0.34156537 0.61915898 0.92324197 -0.41840124 2.64876103 2.27563429 -0.3084712 0.65561891 0.80081069 -0.44346976 2.60478497 0.74833858 -0.44455338 2.60470462 0.88154638 -0.42518139 2.61732745 0.91246796 -0.41374969 2.61830902 0.97029233 -0.40212965 2.6510973 0.67885435 -0.34156537 2.73470521 0.8254844 -0.43989909 2.61385536 0.94066763 -0.40309525 2.61995125 0.66110158 -0.31294763 2.73618054 -1.34238064 -0.42326403 1.49432647 0.88252795 -0.42094278 2.58640528 0.91301477 -0.40344024 2.60108232 0.66145384 -0.34156537 2.72508454 0.6302191 -0.31273484 2.73395348 0.62650996 -0.34156537 2.73025393 1.24317741 -0.3725028 0.97605467 1.24377084 -0.35931897 0.95735919 1.27371478 -0.3725028 0.98915231 0.59877092 -0.3106277 2.74956155 1.24475241 -0.35148239 0.92643714 1.21383035 -0.35119748 0.92545545 1.2142055 -0.34156537 0.91363776 1.27469289 -0.35641336 0.95834076 1.30020237 -0.3725028 0.95915055 1.29589748 -0.3725028 0.92806065 1.27567446 -0.37027454 0.92741871 1.27708149 -0.36493456 0.89623141 1.23165357 -0.34108949 0.89527822 1.1832217 -0.3725028 0.9146117 1.18630576 -0.34075367 0.89294314 1.34674919 -0.39994562 2.47355056 1.19775903 -0.3725028 0.92494535 1.21358693 -0.3725028 0.93312299 1.38921058 -0.40096653 2.46817255 1.24228549 -0.37522542 0.95731199 1.28403032 -0.40457046 2.41757631 1.18630576 -0.34075367 0.89294314 1.18487179 -0.34296703 0.86263025 1.21531868 -0.34156537 0.87856984 1.21579349 -0.34686279 0.86361182 1.18585336 -0.3478744 0.83170819 1.27708149 -0.36493456 0.89623141 1.23165357 -0.34108949 0.89527822 1.24162567 -0.3725028 0.86890006 1.24144638 -0.40233433 2.4686799 1.21622002 -0.3725028 0.85017467 1.22805238 -0.39814293 2.50484657 1.1857028 -0.37267292 0.82286692 1.1975143 -0.3725028 0.83207822 1.22114873 -0.40337896 2.41782355 1.20113194 -0.39530516 2.56245542 1.1981945 -0.39327204 2.53531408 1.29053319 -0.40344024 0.95884359 1.27469289 -0.40869975 0.95834076 1.27424157 -0.40344024 0.97255862 1.30020237 -0.3725028 0.95915055 1.27371478 -0.3725028 0.98915231 1.18181014 -0.40279782 2.4749794 1.1832217 -0.3725028 0.9146117 1.16567278 -0.3725028 0.89297402 1.18630576 -0.34075367 0.89294314 1.18487179 -0.34296703 0.86263025 1.1493932 -0.40084696 2.50810003 1.16721582 -0.3725028 0.86206973 1.18585336 -0.3478744 0.83170819 1.1857028 -0.37267292 0.82286692 1.18585336 -0.40006328 0.83170819 1.18487179 -0.39841557 0.86263025 1.13524926 -0.40026951 2.41537046 1.16050839 -0.39277935 2.56523681 1.15753448 -0.39858806 2.53104162 1.18389022 -0.39564228 0.8935523 1.18759298 -0.40366244 2.36940336 1.27567267 -0.40336955 0.92747414 1.24005866 -0.40107858 0.89533532 1.24475241 -0.38259244 0.92643714 1.21383035 -0.38750529 0.92545545 1.08497512 -0.4060843 2.52966118 1.21234512 -0.40359616 0.89513612 1.0786618 -0.40014923 2.4200747 1.21564746 -0.40100336 0.86821473 1.24228549 -0.37522542 0.95731199 1.21358693 -0.3725028 0.93312299 1.06654191 -0.4040916 2.37918091 1.09984589 -0.40338874 2.56097984 1.07483947 -0.40370977 2.60053635 1.18389022 -0.39564228 0.8935523 1.16567278 -0.3725028 0.89297402 1.19775903 -0.3725028 0.92494535 1.04352593 -0.40754569 2.4987011 0.98306072 -0.40781736 2.40147185 1.06904066 -0.41110206 2.56137276 1.24317741 -0.3725028 0.97605467 1.25962198 -0.40344024 0.95786238 0.98858261 -0.40896285 2.43557429 1.03910053 -0.40845966 2.52946949 1.1975143 -0.3725028 0.83207822 1.1857028 -0.37267292 0.82286692 1.18585336 -0.40006328 0.83170819 1.18487179 -0.39841557 0.86263025 1.21622002 -0.3725028 0.85017467 0.98215055 -0.41949582 2.49705482 1.00446701 -0.40305483 2.53495741 0.94097877 -0.41258633 2.45103574 1.03811896 -0.41003752 2.56039119 1.21564746 -0.40100336 0.86821473 1.03246784 -0.40254736 2.59282899 1.24162567 -0.3725028 0.86890006 1.24005866 -0.40107858 0.89533532 1.27708149 -0.36493456 0.89623141 1.27665603 -0.38224578 0.89649701 1.29053319 -0.40344024 0.95884359 1.27567267 -0.40336955 0.92747414 1.27469289 -0.40869975 0.95834076 1.00727606 -0.39793682 2.5594821 0.90548885 -0.41305935 2.45918179 1.03615582 -0.38927221 2.6222353 1.29589748 -0.3725028 0.92806065 1.30020237 -0.3725028 0.95915055 0.63035071 -0.37243605 2.7334199 0.66145384 -0.34156537 2.72508454 0.66136575 -0.3725028 2.72786045 0.95706952 -0.41224921 2.52787161 0.94745314 -0.40333545 2.55770779 1.00523376 -0.39690161 2.62125373 0.62650996 -0.34156537 2.73025393 0.5874384 -0.3106277 2.76275659 0.92379737 -0.41407526 2.52105904 0.97540998 -0.40348065 2.59465885 0.94437158 -0.40066481 2.58836842 0.97431219 -0.40339351 2.62027216 0.59877092 -0.3106277 2.74956155 0.88730872 -0.42139637 2.55416346 0.91206002 -0.40231609 2.57608795 0.94066763 -0.40309525 2.61995125 1.22380662 -0.43071699 -1.76537418 1.12651026 -0.4511652 -1.75202703 1.2099216 -0.4359442 -1.67990208 0.91301477 -0.40344024 2.60108232 1.29953051 -0.4202019 -1.68768787 1.14799619 -0.44708157 -1.7926755 0.88252795 -0.42094278 2.58640528 1.14521158 -0.44461596 -1.82979107 1.07359004 -0.45639527 -1.76777792 0.76620305 -0.42253041 -1.94671679 0.69070351 -0.38794637 -1.99463558 0.68530238 -0.37477171 -1.9219203 0.77076471 -0.41513586 -1.90766144 1.29670382 -0.42076755 -1.757195 1.40865159 -0.40012455 2.41079473 1.44423747 -0.4014405 2.44772553 1.45402968 -0.39929795 2.38624549 1.38921058 -0.40096653 2.46817255 1.43828678 -0.39405167 2.34757495 1.34702504 -0.40415263 2.39106202 1.44367635 -0.40582883 2.47619963 1.46769667 -0.38894224 2.32942724 1.34674919 -0.39994562 2.47355056 1.36256218 -0.39862168 2.29652452 1.47575831 -0.38100696 2.30030251 1.28403032 -0.40457046 2.41757631 1.41801655 -0.39099598 2.29387331 1.32704246 -0.40000463 2.30049753 1.51821649 -0.36977112 2.27084994 1.277385 -0.39995408 2.34092784 1.42857921 -0.38063574 2.25590634 1.3654213 -0.39178443 2.24444747 1.47684658 -0.36835754 2.2505486 1.23601902 -0.40281081 2.36340427 1.32358658 -0.40036833 2.26136208 1.51274562 -0.36217928 2.23497391 1.26008713 -0.40213621 2.31503749 1.22114873 -0.40337896 2.41782355 1.42641032 -0.36671472 2.1994195 1.30920136 -0.40086007 2.22792864 1.47743618 -0.35832369 2.19203138 1.21202612 -0.41068053 2.29676247 1.18759298 -0.40366244 2.36940336 1.33998942 -0.38757813 2.19841886 1.26208198 -0.40683091 2.24539757 1.51438463 -0.35686421 2.1851685 1.39643133 -0.34347594 2.11887264 1.42214775 -0.33772016 2.114856 1.24023449 -0.40753472 2.19711566 1.29129148 -0.39505506 2.18146038 1.53805637 -0.35129404 2.14529395 1.55059016 -0.36140203 2.18809748 1.19781554 -0.41551578 2.23678112 1.32780564 -0.36976206 2.13242626 1.4630897 -0.34329867 2.13552856 1.32743347 -0.34313405 2.03923917 1.38391221 -0.33315861 2.06169152 1.45928466 -0.33733177 2.1034658 1.17608654 -0.41892123 2.17080808 1.2282151 -0.40586615 2.16798687 1.26930618 -0.37917018 2.11523438 1.53366089 -0.34659612 2.1144743 1.41964221 -0.32995749 2.06453085 1.34545302 -0.33546817 2.00543237 1.49174452 -0.34073758 2.03007865 1.4608413 -0.33607244 2.02461767 1.38545203 -0.33345222 2.00137782 1.43682265 -0.33316576 1.99543476 1.36603057 -0.41893411 -1.67621279 1.36027622 -0.4163214 -1.78587627 1.17866087 -0.43881381 -1.83798552 1.25664806 -0.42383552 -1.85347939 1.0859288 -0.44501233 -1.85739136 1.00593054 -0.46181393 -1.79226303 0.65830898 -0.37249541 -1.98867083 0.76425946 -0.42804384 -2.00120592 0.81105793 -0.4363668 -1.93019199 1.44356596 -0.41077316 -1.80006075 1.48135066 -0.40451789 -1.83584881 1.43019235 -0.41244853 -1.85499859 1.299124 -0.41895759 -1.85661364 1.15186739 -0.44120038 -1.90824747 1.13790035 -0.43956423 -1.94743061 1.02685714 -0.45049667 -1.94714212 0.68403292 -0.40343833 -2.07122326 0.71865904 -0.41191149 -2.04824448 0.81162035 -0.44559002 -1.99013472 1.52370441 -0.40474093 -1.85683441 1.48605132 -0.41273737 -1.93454027 1.41524327 -0.41918945 -1.92396498 1.57838762 -0.35124767 2.11684966 1.53366089 -0.34659612 2.1144743 1.53805637 -0.35129404 2.14529395 1.5753721 -0.34641492 2.08293223 1.55059016 -0.36140203 2.18809748 1.60800147 -0.36052239 2.12772751 1.61456287 -0.34705901 2.06362009 1.60471284 -0.37079179 2.19078326 1.66528213 -0.37662494 2.1320858 1.63948691 -0.34955275 2.05906343 1.67903745 -0.38526773 2.21151376 1.63841617 -0.33998346 2.00673461 1.70091665 -0.37276316 2.08464766 1.70072997 -0.3837229 2.1790247 1.6732446 -0.35676646 2.05435014 1.70220292 -0.37794399 2.11717582 1.73775613 -0.38598764 2.20334244 1.67630875 -0.34973359 2.00841141 1.72081006 -0.37380612 2.0543139 1.73255193 -0.37798858 2.08850312 1.73213327 -0.37787044 2.15662837 1.65066564 -0.33970952 1.94797969 1.72281587 -0.37242222 2.02569079 1.7608093 -0.37153208 2.15262818 1.67699707 -0.34956193 1.94827056 1.72342288 -0.37117565 1.99826145 1.76550877 -0.38492846 2.06946898 1.77592838 -0.39391828 2.02686477 1.76328909 -0.37232566 2.11758256 1.690539 -0.36899781 1.87061429 1.71765316 -0.36813307 1.96136355 1.78998268 -0.40344393 1.99577785 1.72179663 -0.37405241 1.93317091 1.76984942 -0.40121722 1.95808458 1.568555 -0.40438879 -2.0052948 1.52006149 -0.41525114 -2.03901196 1.52372658 -0.41392732 -1.95898581 1.18703437 -0.43838334 -1.90609503 1.25896025 -0.42572415 -1.9198966 1.08746552 -0.44333196 -1.90564728 0.97043729 -0.46319211 -1.83535957 0.74446452 -0.42208469 -2.08757687 1.6295619 -0.36201477 2.45535374 0.80814612 -0.44524121 -2.01943111 0.8464936 -0.45196235 -1.99661064 1.63217449 -0.35478055 2.39404941 1.56771815 -0.38681436 2.4533906 1.36706412 -0.42190886 -1.93557453 1.60333407 -0.37662804 2.42356801 1.52118015 -0.40284252 2.43978 1.29087591 -0.42316651 -1.9256897 1.60426927 -0.37278283 2.36322689 1.57124496 -0.40398145 2.42379141 1.5376668 -0.40458274 2.42498112 1.46632707 -0.41609144 -1.98336315 1.47414863 -0.40563488 2.45926785 1.51094115 -0.40257919 2.38698959 1.00788963 -0.44969189 -1.97651529 1.44367635 -0.40582883 2.47619963 1.57221282 -0.40390146 2.38885331 1.53875923 -0.40706205 2.39056492 1.45402968 -0.39929795 2.38624549 1.44423747 -0.4014405 2.44772553 1.57155097 -0.39130962 2.33048058 1.53623593 -0.40046716 2.3539176 1.46769667 -0.38894224 2.32942724 1.60256612 -0.38407707 2.33068419 1.50980079 -0.3890512 2.32773972 1.57262599 -0.38484454 2.29878116 1.51821649 -0.36977112 2.27084994 1.40502954 -0.42205465 -1.99473572 1.21434915 -0.42752445 -2.00645256 1.46267223 -0.41518688 -2.03814173 1.14974892 -0.43380213 -1.99826002 1.07438266 -0.44426811 -1.98955345 0.80312061 -0.43668771 -2.0885663 0.70620441 -0.41829681 -2.12369061 0.60986555 -0.40239835 -2.13484907 0.850896 -0.45038939 -2.02541828 1.28669965 -0.42243743 -1.98825502 1.45794022 -0.41616654 -2.0946846 1.40510583 -0.42150033 -2.06430149 1.05506968 -0.44020963 -2.02608347 0.77846348 -0.43389356 -2.12302017 0.68803859 -0.42989826 -2.18077755 0.93327188 -0.44890285 -1.99380016 1.36376011 -0.42322063 -2.03614807 1.23651075 -0.42016375 -2.07712221 1.18101525 -0.42739987 -2.03347349 1.66156709 -0.37244499 2.42483044 0.98316824 -0.44031966 -2.04031754 1.69238722 -0.36171341 2.42639494 0.84200656 -0.4399066 -2.08632708 1.75423133 -0.36921287 2.42835808 0.80615997 -0.43742859 -2.13966179 0.8866272 -0.43569779 -2.1022768 1.72330916 -0.36131191 2.42737651 1.7861346 -0.36308861 2.39841747 1.69336879 -0.36273789 2.39547276 1.72429073 -0.35917664 2.39645433 1.7552129 -0.35365582 2.3974359 1.780635 -0.37383938 2.36988807 1.84797871 -0.39149666 2.40038061 1.39671743 -0.41552329 -2.15888548 1.19690633 -0.41783547 -2.09944582 1.13837075 -0.41638327 -2.07860851 1.66244709 -0.36707258 2.3944912 1.81803811 -0.38264203 2.36847758 1.12271166 -0.42438698 -2.04616499 1.03530765 -0.43089676 -2.07530689 1.69395077 -0.34156537 2.37714291 1.66250026 -0.37265575 2.37159395 1.75620615 -0.36093187 2.36659813 1.78656209 -0.40253115 2.33584023 1.84896028 -0.38586473 2.36945915 0.72614527 -0.43493187 -2.1819706 1.72691548 -0.34749436 2.36552382 1.63250661 -0.36044145 2.36258793 1.84994185 -0.39379811 2.33853698 1.87988198 -0.38253188 2.37044072 1.37751734 -0.41265464 -2.31984472 1.38445175 -0.40827811 -2.27971268 1.69206583 -0.34103227 2.3622632 1.63345587 -0.37281597 2.33268642 1.75713933 -0.40443206 2.33675241 1.73225844 -0.40219712 2.33378887 1.83417261 -0.39848423 2.30894089 1.29263699 -0.41484571 -2.15412998 1.88086355 -0.38315296 2.33951855 1.42696309 -0.40897787 -2.26235008 1.66750801 -0.3725028 2.36369896 1.69530451 -0.3740133 2.33449316 1.66441023 -0.37441826 2.33264756 1.77015221 -0.41457522 2.30689001 1.91080391 -0.38064742 2.37142229 1.08462811 -0.42353272 -2.08603191 1.66342866 -0.37791729 2.3635695 1.6653918 -0.39027643 2.30172586 1.69418728 -0.40424943 2.30678821 1.79026926 -0.40732324 2.26943946 1.88184512 -0.39000082 2.30859685 0.98840904 -0.42610586 -2.1388464 1.38681376 -0.41342688 -2.34970093 1.94172609 -0.39196444 2.37240386 1.91178548 -0.38457656 2.34050012 0.6708765 -0.43048537 -2.23723745 0.63777995 -0.42988026 -2.24629354 0.85251617 -0.43432105 -2.15111732 1.63446975 -0.38469386 2.3007443 1.60354769 -0.38634253 2.29976273 1.72723544 -0.41383958 2.303689 1.76000607 -0.4098978 2.26763511 1.82920945 -0.39880073 2.28073359 0.77038395 -0.43785918 -2.18033409 0.92250896 -0.43330956 -2.10056591 1.66637337 -0.39425039 2.27080369 1.72025907 -0.40827954 2.2732923 1.82196438 -0.39603972 2.2447896 1.89978659 -0.39489603 2.27217484 1.92451918 -0.3915298 2.31049538 1.34650493 -0.40351307 -2.2879324 1.94270766 -0.39293694 2.34148169 1.62741947 -0.38494384 2.27366114 1.71939766 -0.39604545 2.23808765 1.79202402 -0.38901973 2.21288633 1.85288656 -0.39771843 2.24577117 1.32027197 -0.40036905 -2.25898647 1.97264779 -0.39782524 2.37338543 1.24461818 -0.41497457 -2.14387035 1.15492809 -0.41352701 -2.1091218 1.65668428 -0.38609767 2.24062443 1.79891288 -0.37188876 2.16084576 1.83104551 -0.39404011 2.21873617 1.88266075 -0.40390301 2.22004533 1.94320858 -0.39898193 2.27844357 1.97461092 -0.38462543 2.31154156 1.97362936 -0.38874745 2.34246325 1.33193588 -0.40863776 -2.37572718 1.55842006 -0.36582947 2.23679519 1.82392752 -0.38556767 2.18294573 1.93684947 -0.40787888 2.25150275 0.67170489 -0.4258945 -2.28617907 0.91272581 -0.41906762 -2.17413807 0.82457149 -0.43354571 -2.18265438 0.72726595 -0.43551636 -2.22007704 1.51274562 -0.36217928 2.23497391 1.86315787 -0.39978659 2.19286752 1.97554052 -0.4109236 2.25749397 2.00553274 -0.38860822 2.31252337 2.02719498 -0.3876698 2.3436718 0.9411695 -0.41721058 -2.17119217 1.31673849 -0.39695156 -2.30222464 2.00651455 -0.39562702 2.28160119 1.36620343 -0.40535903 -2.22629309 2.0370388 -0.38310564 2.3025763 1.22927225 -0.41266596 -2.20413494 1.16051948 -0.41141224 -2.14823866 2.07110548 -0.37477255 2.31351376 1.12450087 -0.41177607 -2.15884733 1.01766694 -0.42131758 -2.17828274 0.72132719 -0.4322046 -2.24506092 0.77770579 -0.43438113 -2.21271515 2.09829855 -0.36520243 2.31546807 2.12922049 -0.36473727 2.31644964 1.28519714 -0.39618063 -2.32971954 1.2887013 -0.40617466 -2.38397837 1.32136452 -0.40376699 -2.42251158 0.72120404 -0.41993594 -2.29560757 0.8563422 -0.41767967 -2.21024752 0.76237774 -0.4286375 -2.24419451 0.90622807 -0.39672661 -2.23913002 1.02308798 -0.41444361 -2.20756626 0.94790208 -0.40566468 -2.21389961 1.27747679 -0.40102029 -2.26299381 1.28499317 -0.3960495 -2.29140615 1.16172934 -0.40708947 -2.19464302 1.09566259 -0.40038443 -2.22660303 1.28891957 -0.40878129 -2.41509438 0.7163204 -0.41065466 -2.34417439 0.75921428 -0.41095829 -2.30500746 2.27945375 -0.38721693 2.22885323 2.26630783 -0.38373077 2.18740582 2.25487137 -0.39290476 2.25853181 2.30323505 -0.37403917 2.13149786 2.19227362 -0.39708066 2.22246289 2.22394943 -0.39305925 2.25755024 2.34783792 -0.36779869 2.14622688 2.16329002 -0.4000001 2.18491793 2.302248 -0.37223303 2.07690334 2.17081451 -0.39917254 2.25602961 2.22296762 -0.38827729 2.28847218 2.16308737 -0.39956665 2.2246654 2.19204617 -0.39067984 2.28749061 2.24017477 -0.40344024 2.31997156 2.27390337 -0.37781847 2.05226111 2.14181566 -0.40211987 2.17577481 2.16112423 -0.38830638 2.28650904 2.11980581 -0.39337182 2.22325921 2.22198629 -0.38431263 2.31939435 2.19958878 -0.3936733 2.12438393 2.15930223 -0.40660703 2.10050368 2.16000366 -0.36687541 2.31335187 2.13118362 -0.39167833 2.25460529 2.19040251 -0.37290168 2.31973219 2.22517872 -0.39262831 2.01426888 2.10338402 -0.40326703 2.18620539 2.10783529 -0.41520083 2.13063407 2.13001919 -0.37507522 2.29128361 2.09578133 -0.37614548 2.27791977 2.07032156 -0.38561654 2.2217207 2.1115942 -0.42211795 2.08257198 2.12922049 -0.36473727 2.31644964 2.06933975 -0.38396382 2.25264215 2.18968344 -0.4026407 1.98247576 2.07130289 -0.39317131 2.19079852 2.07210875 -0.40718377 2.16541815 2.07888412 -0.43724787 2.05634594 2.09829855 -0.36520243 2.31546807 2.06835842 -0.38159132 2.28356433 2.20215845 -0.40750325 1.93092847 2.03939915 -0.3875401 2.22073889 2.03693247 -0.42998815 2.13040328 2.10758781 -0.42919183 2.03807545 2.03525066 -0.44220757 2.08003068 2.07110548 -0.37477255 2.31351376 2.03841782 -0.38790131 2.25166059 2.17372751 -0.40972948 1.95747614 2.2472477 -0.40236747 1.94132495 2.03912973 -0.40126193 2.18844819 2.04136229 -0.42220974 2.15889478 2.07826614 -0.44942296 1.99040389 2.03376865 -0.45597792 2.03329563 2.0370388 -0.38310564 2.3025763 2.16653538 -0.41562927 1.91458321 2.21199894 -0.40637255 1.85767651 2.01273537 -0.4078027 2.2198925 2.0100956 -0.424806 2.18920708 1.96141589 -0.44449806 2.09588146 2.11429596 -0.43882024 1.95358348 1.98561347 -0.46483409 2.036376 2.00651455 -0.39562702 2.28160119 2.0083127 -0.40371335 2.25164461 1.9444288 -0.43583429 2.13508725 2.05630112 -0.4562887 1.93258345 2.02457428 -0.46749759 1.98120093 2.17077112 -0.41480136 1.82645917 2.10902786 -0.43984103 1.91803694 1.97784293 -0.42771697 2.18804407 1.95154202 -0.4571681 2.06318426 1.92114437 -0.45167935 2.07808328 1.98578775 -0.47097337 1.98154449 1.97554052 -0.4109236 2.25749397 2.12421799 -0.42918098 1.85904932 1.93327034 -0.41558373 2.21061039 1.95229971 -0.4653573 2.03187943 1.91725075 -0.43523073 2.12516665 2.01838589 -0.46971285 1.94172955 2.09775209 -0.43526483 1.8283453 1.95610249 -0.46561491 1.97897696 1.93684947 -0.40787888 2.25150275 1.92113078 -0.42524981 2.16229844 1.91620481 -0.45447254 2.03181553 1.88339436 -0.43909276 2.06914163 2.01953411 -0.46552062 1.90939713 2.08364725 -0.43331766 1.77152026 1.98638999 -0.47451067 1.94047844 1.9554683 -0.47211528 1.93949687 2.16417313 -0.41532278 1.7819066 1.88266075 -0.40390301 2.22004533 1.89613497 -0.43793344 1.99609637 1.8871783 -0.42151976 2.12592649 1.99276483 -0.46430004 1.85736442 1.92287862 -0.46552849 1.93887782 1.86315787 -0.39978659 2.19286752 1.85217464 -0.42363775 2.02805519 1.92356455 -0.45266366 1.96943688 1.86580741 -0.40301061 2.15413046 1.85733664 -0.42470169 2.058676 1.98737156 -0.47473693 1.90955639 1.95663559 -0.47474539 1.83033073 1.9116658 -0.47833192 1.90251684 1.8359915 -0.41915631 1.99922836 1.89154899 -0.43969905 1.96842384 1.82490909 -0.37963724 2.15202379 1.82589066 -0.3823061 2.12110209 1.95644987 -0.47791028 1.90857482 1.95743144 -0.4786005 1.87765312 1.89112031 -0.46303272 1.92618823 1.82392752 -0.38556767 2.18294573 1.77592838 -0.39391828 2.02686477 1.8234781 -0.40489256 2.06124544 1.92650926 -0.4827826 1.87667155 1.8169421 -0.42633724 1.95793295 1.78998268 -0.40344393 1.99577785 1.83061826 -0.43988538 1.93686199 1.79891288 -0.37188876 2.16084576 1.79331887 -0.39207113 2.06518412 1.79715788 -0.37193358 2.11689663 1.76550877 -0.38492846 2.06946898 1.7608093 -0.37153208 2.15262818 1.76328909 -0.37232566 2.11758256 2.44629288 -0.36062527 2.07888961 2.41537046 -0.36682558 2.07790804 2.41243982 -0.34601021 2.11425996 2.41635227 -0.36315536 2.04698634 2.38444042 -0.36543453 2.07689977 2.44767666 -0.34235644 2.11248255 2.44727421 -0.35713792 2.04796791 2.48471832 -0.34204781 2.08286142 2.37025881 -0.36501801 1.97254097 2.41394663 -0.36361122 2.01228666 2.47541332 -0.3577677 2.02296543 2.49931812 -0.34420907 2.05477405 2.4315052 -0.36996794 1.90115905 2.47974634 -0.37141752 1.91400075 2.50878048 -0.38323903 1.865955 2.45120049 -0.37046003 1.92428005 2.56424093 -0.37278974 1.90580249 2.45857811 -0.38039243 1.84097588 2.45121145 -0.3714658 1.98423243 2.48114061 -0.36843419 1.95618367 2.56817627 -0.38302159 1.85955191 2.51026964 -0.35700357 1.95264864 2.55009842 -0.39051819 1.81347859 2.39785242 -0.37904584 1.8349359 2.5213728 -0.38858151 1.77420592 2.47282362 -0.38086021 1.7980547 2.38930273 -0.36870599 1.90507972 2.48015881 -0.37191725 1.98710537 2.51108122 -0.35726118 1.98808694 2.52621889 -0.39499271 1.72646308 2.42630863 -0.38185 1.79255497 2.36120319 -0.37326884 1.88822055 1.26538861 -0.40360725 -2.44216776 2.48703003 -0.38019371 1.77065217 2.49538279 -0.39415038 1.71120942 2.45610857 -0.37822151 1.76967061 2.37825346 -0.39273953 1.77233791 2.33045721 -0.38946056 1.82758796 0.83357167 -0.39771509 -2.27575827 2.48955536 -0.39727747 1.65957737 2.45086098 -0.39034593 1.72596872 2.32382536 -0.39421928 1.78452611 2.2771306 -0.40113711 1.82939339 1.03066349 -0.40199804 -2.23812771 1.22015035 -0.40852177 -2.24876261 1.25942147 -0.398054 -2.30752134 1.17063773 -0.40356934 -2.26178074 2.41668653 -0.39781737 1.70439816 2.36219883 -0.39940035 1.71679497 2.28775501 -0.39700735 1.78999865 1.13032556 -0.40094507 -2.22490454 1.23147881 -0.39993978 -2.35997963 1.22547948 -0.39990044 -2.37317753 0.79285133 -0.40071929 -2.39072561 0.78643012 -0.40014815 -2.43031263 1.22662008 -0.40368092 -2.41695023 2.49704075 -0.4020704 1.59125376 2.31623697 -0.39626575 1.72656274 2.25586176 -0.39429629 1.71400988 1.21218562 -0.40417266 -2.47534227 1.18028533 -0.41051543 -2.45124674 1.1671474 -0.41529298 -2.48626709 1.2180568 -0.39935005 -2.51474524 1.06641698 -0.40192556 -2.23141193 2.40367937 -0.40885711 1.61894059 2.33575439 -0.40290797 1.65653551 2.22083139 -0.40172446 1.73270428 1.22385359 -0.40149999 -2.29188871 1.10148525 -0.39671504 -2.26468563 0.76786947 -0.40437055 -2.33992767 2.43538809 -0.41009927 1.56947243 2.4965663 -0.40362489 1.55482066 2.35499334 -0.41036642 1.62148988 2.27692795 -0.3932296 1.67596447 2.21199989 -0.39292431 1.66164505 0.82625818 -0.40399694 -2.42019129 1.16402721 -0.40674734 -2.37706709 0.89245248 -0.38905239 -2.27270412 0.83255816 -0.3906877 -2.30370331 1.0245558 -0.39351583 -2.2706275 1.14207017 -0.40001953 -2.2902751 1.20693171 -0.39930618 -2.33205652 2.245296 -0.39555073 1.63809991 2.24259949 -0.39179945 1.67003369 0.84037912 -0.38849699 -2.33694887 0.79646337 -0.406618 -2.46474981 0.82312727 -0.3954103 -2.3679738 1.13374078 -0.41243243 -2.43638515 2.46300602 -0.40290725 1.52332115 2.34411669 -0.4152807 1.55628288 2.25992537 -0.41035473 1.56745505 0.8260721 -0.4085803 -2.46073961 0.85382915 -0.40923905 -2.41913843 1.1364156 -0.42355013 -2.50329351 0.83043206 -0.41584277 -2.49772072 0.89425457 -0.38691795 -2.30476141 0.98466134 -0.39381635 -2.29960918 1.07374716 -0.39507306 -2.30507565 2.4221139 -0.41113245 1.51988101 2.49488258 -0.39338326 1.52327681 1.14813125 -0.40074873 -2.32478905 2.20811939 -0.41188896 1.56368411 0.86425507 -0.39455247 -2.36767673 1.10672164 -0.4160614 -2.46075201 1.10356069 -0.40693772 -2.40193796 0.88104773 -0.41410267 -2.43059969 0.89333391 -0.38979447 -2.33503532 2.43390989 -0.40504301 1.47999036 2.46494293 -0.38909888 1.49137318 2.36255026 -0.41273546 1.46564257 2.24415684 -0.41370726 1.47700262 0.90072954 -0.40514135 -2.39130497 2.49545336 -0.3725028 1.505301 2.23469353 -0.41341352 1.52601147 0.88203144 -0.41608024 -2.50090122 0.9595803 -0.40126753 -2.34853888 1.02900553 -0.39596128 -2.31871319 1.04829597 -0.40734935 -2.45053673 1.02702832 -0.41571414 -2.48419571 0.95819497 -0.40862703 -2.4456172 1.07362032 -0.40125442 -2.38430262 2.40092945 -0.41148424 1.47235417 0.91785634 -0.41079068 -2.42687321 1.04219973 -0.40059829 -2.419734 0.99420857 -0.40761089 -2.45603895 0.9531976 -0.41400456 -2.4901967 0.96650147 -0.40686214 -2.38616085 1.04249287 -0.39890313 -2.36910677 2.46920252 -0.37616825 1.46055555 2.40902567 -0.40503538 1.43217063 2.47804165 -0.3725028 1.49178898 1.17499352 -0.43457758 -0.79567122 1.2148633 -0.43521321 -0.75314879 1.20553529 -0.43941534 -0.81265569 1.14915562 -0.43329203 -0.84496713 1.14210486 -0.42025328 -0.78104353 1.23754764 -0.43766165 -0.78196573 1.1786375 -0.44031167 -0.86543822 1.11336029 -0.4147867 -0.82640266 1.05440509 -0.37267268 -0.79008269 1.26870048 -0.43507433 -0.76018786 1.22060812 -0.44048166 -0.88141584 1.14945173 -0.44098318 -0.91180468 1.12138689 -0.43208456 -0.90089297 1.08503819 -0.40761399 -0.8893609 1.00243044 -0.34479833 -0.82203364 0.95947015 -0.32054394 -0.83457589 0.9911443 -0.34112477 -0.86379242 1.24743855 -0.43598354 -0.92938519 1.38480592 -0.42337358 -0.70006084 1.37624907 -0.42342937 -0.84592915 2.43598366 -0.3975575 1.42854786 1.18559909 -0.44241607 -0.91957068 0.9670018 -0.33243573 -0.91600513 0.92647314 -0.3102963 -0.83855939 1.14769971 -0.43939161 -0.96905804 1.11604166 -0.43467021 -0.95659328 1.08673561 -0.41867661 -0.94075036 0.93202722 -0.31709999 -0.90586591 1.32409489 -0.42694855 -0.96938276 1.37957048 -0.42126071 -1.01095939 1.18965518 -0.43591893 -0.99101472 0.9022162 -0.31107092 -0.91753292 2.46690607 -0.38353634 1.42952943 2.43696547 -0.38679767 1.39762568 0.96638894 -0.33958268 -0.94850278 1.34140956 -0.42321289 -1.07495022 1.25796115 -0.43013406 -1.01387048 1.09291661 -0.4331429 -1.00476646 1.15145421 -0.43912017 -1.02921557 1.12037802 -0.43914533 -1.01666594 1.01296222 -0.38677633 -1.01071644 1.06053352 -0.41374207 -0.98828793 0.93167305 -0.32297558 -0.96312141 1.06039584 -0.43043959 -1.04518294 0.94109583 -0.33926928 -1.00637937 0.90340769 -0.31776142 -0.98529673 1.48698676 -0.40917206 -1.12196183 1.31584442 -0.42504942 -1.10779333 1.43469834 -0.41423202 -1.04144549 2.4678874 -0.38114071 1.39860737 1.22786343 -0.43602121 -1.08164668 1.09193647 -0.44386315 -1.06838059 1.12392402 -0.44624472 -1.10308099 0.98886299 -0.37512171 -1.02820873 1.01028574 -0.41304743 -1.08096313 1.40079355 -0.41515136 -1.18455267 1.43850696 -0.41191113 -1.25542879 1.06298983 -0.44527698 -1.10552597 0.92000246 -0.36126077 -1.10563564 0.90295732 -0.33235514 -1.04007959 0.46023917 -0.33508742 -1.43747425 0.42096817 -0.33716571 -1.42568493 0.45894313 -0.33650255 -1.3568635 0.39517051 -0.34139884 -1.5292778 1.37094033 -0.41631246 -1.28007317 1.3252157 -0.42499089 -1.21738672 1.19022608 -0.4395926 -1.16759729 1.09418571 -0.45096862 -1.13754606 1.02865636 -0.43390739 -1.11108708 1.00757027 -0.42923594 -1.13876176 0.52411568 -0.33686256 -1.4382267 0.49993354 -0.3369031 -1.47437048 0.78633952 -0.33230495 -1.17198086 0.75506949 -0.32968229 -1.16262674 0.80964303 -0.32411492 -1.11121154 1.42307317 -0.40737391 -1.40098524 1.2583344 -0.43021286 -1.2116394 1.06314301 -0.45135474 -1.15318441 1.03446221 -0.45096135 -1.20019054 0.85985768 -0.34202826 -1.13458061 0.95265138 -0.40487623 -1.18952751 0.56589705 -0.3447057 -1.34350538 0.42583811 -0.34094977 -1.54439306 0.81881034 -0.34137213 -1.198874 0.79141283 -0.34174025 -1.27605295 1.30796051 -0.42030072 -1.34866667 1.23225355 -0.42584133 -1.34410667 1.17574799 -0.43946683 -1.27939653 1.09469843 -0.45209777 -1.20329666 0.99836826 -0.43891656 -1.21593285 0.90973175 -0.3775717 -1.18734598 0.88049626 -0.3620615 -1.18381453 0.84821069 -0.35102963 -1.20289707 0.60044551 -0.33886242 -1.44267321 0.5184266 -0.34058583 -1.51084518 0.468494 -0.34044361 -1.54142523 0.70844615 -0.33519268 -1.28790426 0.75900853 -0.33764732 -1.29490566 1.34103847 -0.41347814 -1.49585581 1.06486607 -0.45485878 -1.20347309 1.12219679 -0.45107281 -1.33459568 0.97571981 -0.42766726 -1.24001503 0.88199627 -0.37238908 -1.27202797 0.60515499 -0.34511328 -1.33898783 0.53306079 -0.33882618 -1.55280972 0.65627348 -0.33893812 -1.36701584 0.64594072 -0.33559215 -1.42714262 0.72012961 -0.33422184 -1.36976433 0.78851473 -0.34165132 -1.36272287 0.82389343 -0.35205114 -1.33102465 0.84974015 -0.36143088 -1.30800104 1.41843092 -0.4128474 -1.58602905 1.31816006 -0.41639113 -1.59268713 1.38273799 -0.4174881 -1.62988329 1.48928177 -0.41114759 -1.63274765 1.27645099 -0.42122293 -1.40457106 1.16970789 -0.43996572 -1.33955574 1.06869745 -0.45627701 -1.32705259 1.03582764 -0.45709455 -1.31137228 1.00704825 -0.45072067 -1.29955196 0.91257834 -0.3939805 -1.2898531 0.56768507 -0.3422904 -1.54832458 0.76030564 -0.3366214 -1.36738348 1.27082002 -0.4219538 -1.57821751 1.28650761 -0.41835701 -1.46178055 1.17211473 -0.43490326 -1.40130997 1.11995113 -0.44134629 -1.42919922 1.05048263 -0.45556688 -1.38561106 0.96630538 -0.42979729 -1.28672647 0.85807431 -0.37297809 -1.35542297 0.6451934 -0.33873653 -1.51907015 0.5821346 -0.33474231 -1.60179663 0.60759598 -0.34238493 -1.56162739 0.55121255 -0.32231688 -1.60277843 0.70094812 -0.32810187 -1.46538353 0.75989473 -0.33482957 -1.43971109 0.82818353 -0.36531413 -1.42909193 1.32056344 -0.41828918 -1.64113474 1.00711799 -0.45723033 -1.36072588 0.97805893 -0.45002222 -1.3571744 0.9367975 -0.43562567 -1.39015865 0.55063885 -0.31662041 -1.6334753 0.58573812 -0.34021866 -1.66561174 0.54260319 -0.34231281 -1.69886637 0.55317569 -0.32703757 -1.66462231 0.73232138 -0.32997781 -1.44183969 0.78767574 -0.34326661 -1.40955353 1.22480571 -0.43088579 -1.64458132 1.19658363 -0.43052018 -1.57628775 1.17125356 -0.43440366 -1.49331951 1.05176163 -0.45278192 -1.44096994 0.68833423 -0.33605444 -1.52774286 0.6318568 -0.34218156 -1.59441328 0.61448205 -0.34145689 -1.6326189 0.56500602 -0.35024726 -1.71682549 0.52421671 -0.35132694 -1.72744751 0.73314106 -0.33081025 -1.48043203 0.79352069 -0.34728086 -1.44568253 0.76170397 -0.34110487 -1.48702812 0.87680125 -0.4042865 -1.44914246 1.14648688 -0.44134855 -1.60006142 1.00675392 -0.45911396 -1.42088604 1.09491503 -0.45249951 -1.58635378 0.97999561 -0.45896125 -1.42338562 0.94846749 -0.44764125 -1.42033195 0.61408836 -0.34985721 -1.67673492 0.5793252 -0.3525188 -1.7503891 0.73170245 -0.34632289 -1.55364418 0.81126082 -0.37883568 -1.53730154 1.1401819 -0.44962263 -1.65168524 1.01419055 -0.46424639 -1.52074242 0.94863296 -0.45708144 -1.48663998 0.89991379 -0.43649638 -1.51609039 0.69716489 -0.34116364 -1.56055641 0.64607561 -0.35004699 -1.66056252 1.03048229 -0.4713223 -1.65375996 0.58860582 -0.34531438 -1.87084579 0.55806595 -0.34505057 -1.88052893 0.5991993 -0.35134816 -1.79756737 0.61119443 -0.34822631 -1.89594364 0.70861971 -0.34889388 -1.59959555 0.67494941 -0.34573698 -1.60176182 0.64192915 -0.35322309 -1.74331427 0.77351475 -0.37051916 -1.59669733 0.80561447 -0.39216042 -1.6062479 1.09103525 -0.46133804 -1.67678022 1.02283299 -0.46736491 -1.62059689 0.98273718 -0.46769953 -1.54576349 0.92070162 -0.45271301 -1.53880453 0.62158209 -0.34879065 -1.84585285 0.73859584 -0.35743845 -1.61621237 0.67654395 -0.35508084 -1.71553993 0.88732529 -0.44663095 -1.59343863 1.02361298 -0.47561896 -1.68107939 0.98854983 -0.47720087 -1.67208242 0.95200884 -0.46562493 -1.55595541 0.65340841 -0.35247254 -1.8394556 0.65501809 -0.35627854 -1.8819766 0.74340332 -0.37082922 -1.70582151 0.70663095 -0.35936952 -1.71133947 0.86221039 -0.44401276 -1.66283894 0.77823818 -0.38586545 -1.67534542 1.02779031 -0.47339404 -1.70820141 2.24328566 -0.27969027 0.67333984 2.24339247 -0.3106277 0.66996932 2.21485424 -0.31351995 0.64770126 0.95362914 -0.4740032 -1.64712143 0.92356575 -0.4652741 -1.61250067 0.68123364 -0.35639691 -1.81424332 0.7109257 -0.36329699 -1.81037664 0.89277577 -0.45633292 -1.63218784 0.68254495 -0.3594873 -1.85437965 0.77604437 -0.39165282 -1.75704956 0.89700532 -0.46443367 -1.70969105 0.8376435 -0.43432784 -1.71229935 0.96868181 -0.47436559 -1.72590923 0.92893875 -0.47215831 -1.70764065 0.71366215 -0.37227213 -1.85862255 0.73769474 -0.37371576 -1.80509043 0.86552274 -0.45152652 -1.72218132 0.78279614 -0.39811301 -1.80320311 0.86499453 -0.45143569 -1.82603121 0.83338535 -0.43638098 -1.82926035 0.92763782 -0.46844482 -1.79639912 0.90003765 -0.464486 -1.77742386 0.75507355 -0.38978148 -1.8524971 0.81741691 -0.43264437 -1.87242508 0.89918017 -0.4612726 -1.84314251 0.94271016 -0.45696163 -1.91433525 0.84517765 -0.44275963 -1.89876175 0.89268661 -0.45068109 -1.93449593 0.89135993 -0.45163167 -1.96372032 2.30313778 -0.37232387 0.82350993 1.29087663 -0.31279296 1.205688 1.35945582 -0.30302674 1.20604181 1.32193649 -0.30955905 1.20891571 1.35862458 -0.28759432 1.2395829 1.36058772 -0.32417727 1.17773879 2.29080582 -0.34156537 0.61915898 2.27712107 -0.38265681 0.77331567 2.28382254 -0.37232745 0.88063741 2.27634287 -0.34156537 0.60705113 2.24701452 -0.39000297 0.5558629 2.21889877 -0.40292084 0.52069449 2.18615198 -0.39723444 0.52297759 2.18522787 -0.36976242 0.55209684 2.18129349 -0.40397346 0.49491644 2.15240669 -0.37634861 0.5337975 1.48406863 -0.40903044 -0.61163449 1.39422095 -0.42150521 -0.59967709 1.4826293 -0.41007435 -0.55093288 1.44960403 -0.41345489 -0.6982708 2.31398678 -0.37530041 0.92502391 2.24014378 -0.38696289 0.77231622 2.23661518 -0.37579978 0.88971114 1.73755467 -0.3868922 -0.97816706 1.68316185 -0.39185417 -0.91035795 1.73805749 -0.38990808 -0.84128165 1.6657294 -0.39219141 -1.00165486 1.76189291 -0.37562287 -1.05216551 1.61338425 -0.40043974 -0.77629328 1.52688551 -0.40634656 -0.76950669 1.68223894 -0.3851701 -1.05811691 1.54397976 -0.40260017 -0.89420772 1.46444511 -0.4117341 -0.79896069 2.21647024 -0.38713336 0.81733894 2.25939751 -0.37443244 0.92542768 1.67931974 -0.37664962 -1.16779232 1.61892724 -0.39521861 -1.04811668 1.46904039 -0.40905356 -0.94765353 1.63822305 -0.38697541 -1.11160016 2.33360004 -0.37940311 0.99074662 1.54744983 -0.40273237 -1.04133558 2.19246721 -0.39137769 0.77523208 2.21052217 -0.38227928 0.8983475 2.26137781 -0.38267648 0.9580965 1.5974369 -0.38754499 -1.21493244 2.28826094 -0.38807929 0.99829853 1.6441344 -0.38169348 -1.23897123 1.69024885 -0.37252915 -1.26773453 2.17179346 -0.39346743 0.82857442 2.20372438 -0.39260185 0.96829379 1.57791471 -0.39615297 -1.15236664 1.62447095 -0.38703597 -1.26972866 1.6731714 -0.381073 -1.32657194 1.5754478 -0.39478374 -1.2876358 1.54704177 -0.40208864 -1.1269238 2.32084608 -0.39196038 1.14420748 2.07175398 -0.40685809 0.78586769 2.17412901 -0.39018667 0.91814506 1.62562752 -0.39569378 -1.32104778 1.53478229 -0.40482223 -1.22605991 1.57224977 -0.39606559 -1.31052446 1.65996516 -0.38320005 -1.34774399 2.29150057 -0.39804316 1.13491666 1.53306103 -0.40706253 -1.27202559 2.10472059 -0.39698732 0.91178739 2.1575036 -0.40549433 1.03480339 1.62516415 -0.39639986 -1.35293722 1.50076234 -0.41038454 -1.2594943 1.49800694 -0.40678203 -1.31797743 1.56407976 -0.39495873 -1.35459852 1.62756419 -0.40292227 -1.40019703 1.58010519 -0.39675212 -1.37033463 2.25305653 -0.39973617 1.07563901 2.31730509 -0.39479065 1.22417057 2.35438538 -0.37562907 1.19908595 1.49633682 -0.4048723 -1.36006308 1.53948271 -0.39943182 -1.43087626 1.59877396 -0.40604591 -1.41222095 2.13038969 -0.39948452 0.97951043 1.59606612 -0.40803969 -1.45413303 1.4812417 -0.40559292 -1.4528923 1.50684738 -0.40112233 -1.47958326 1.50685728 -0.40033734 -1.51012659 1.56572127 -0.4082129 -1.5179472 1.447523 -0.40780485 -1.46472454 2.23131418 -0.40667152 1.16037679 2.28465748 -0.40269554 1.18375695 2.37669754 -0.37148476 1.17904127 1.57698107 -0.40875602 -1.54677629 2.12063646 -0.41039157 1.05631816 1.50306785 -0.40361094 -1.53605175 1.63395953 -0.40311682 -1.59800482 1.52458525 -0.40861654 -1.60230684 1.56564415 -0.40369606 -1.63954926 1.60494518 -0.40247297 -1.72566891 1.57752538 -0.40021586 -1.75591755 2.29020023 -0.40088499 1.2513603 2.32620192 -0.39705479 1.26089728 2.37406349 -0.37248015 1.21380639 1.5424211 -0.40472019 -1.69438648 1.54453981 -0.39988494 -1.74956512 1.5236218 -0.40289128 -1.78702927 1.47131324 -0.41301596 -1.68319368 1.48541069 -0.40810549 -1.77893877 2.17593575 -0.4111203 1.19469285 1.77093661 -0.38486755 -0.68612528 1.80746281 -0.38039804 -0.81781912 1.77403867 -0.38082004 -0.9246068 1.73805749 -0.38990808 -0.84128165 1.73755467 -0.3868922 -0.97816706 1.78859031 -0.37109303 -1.0077002 2.27125168 -0.40419376 1.32105327 2.21077347 -0.40668309 1.25949872 2.36533308 -0.39496434 1.27310789 1.76189291 -0.37562287 -1.05216551 1.80217063 -0.37359869 -1.03201628 1.77269375 -0.37014627 -1.11861253 1.67931974 -0.37664962 -1.16779232 1.74585116 -0.37218177 -1.14171982 1.73385823 -0.37237465 -1.20261621 1.69024885 -0.37252915 -1.26773453 1.71642959 -0.36813307 -1.25625896 2.32365608 -0.40114832 1.29719913 2.15938568 -0.41438806 1.24436259 1.71222293 -0.37206244 -1.28869581 1.6731714 -0.381073 -1.32657194 1.73698866 -0.3725028 -1.31751251 1.71839273 -0.38024831 -1.31810284 1.65996516 -0.38320005 -1.34774399 1.66562808 -0.39443862 -1.38543701 1.62756419 -0.40292227 -1.40019703 2.19928455 -0.41052306 1.333763 2.31475496 -0.39874578 1.35714436 2.42742682 -0.38865888 1.30151248 2.37815571 -0.40342665 1.31630456 1.63091516 -0.40650916 -1.45343685 1.59606612 -0.40803969 -1.45413303 1.52370441 -0.40474093 -1.85683441 1.52372658 -0.41392732 -1.95898581 1.34650862 -0.40312779 -2.42602205 2.25370646 -0.40950239 1.38774347 2.28334093 -0.4070822 1.39664698 2.37479258 -0.40385497 1.35110784 2.15738201 -0.41671479 1.37563217 1.35867631 -0.40039158 -2.47571707 1.38528657 -0.4031949 -2.4991827 1.3218044 -0.39183712 -2.47595644 1.34010589 -0.39523172 -2.50552559 1.28396714 -0.38986945 -2.47653484 1.33843899 -0.39914417 -2.53029871 1.34029317 -0.40182579 -2.56193829 1.29049063 -0.40536928 -2.58847475 1.28624189 -0.39057398 -2.51810837 2.18719959 -0.41275132 1.39481485 2.33650541 -0.39624548 1.38988996 2.40655899 -0.39582992 1.35481751 1.23527277 -0.40203953 -2.55477476 1.32796264 -0.40060687 -2.59885788 1.31812894 -0.40416861 -2.61555433 1.26408577 -0.41636074 -2.60748196 1.24016297 -0.43347609 -2.65068436 1.29477584 -0.43553734 -2.68939686 1.28287935 -0.44252813 -2.72463989 1.23762894 -0.44319451 -2.71624804 0.5793252 -0.3525188 -1.7503891 0.50817299 -0.35551393 -1.75886774 0.52421671 -0.35132694 -1.72744751 2.24415684 -0.41370726 1.47700262 2.27585506 -0.41142178 1.45184886 2.32313108 -0.40253758 1.42136467 2.37512159 -0.40024185 1.39566255 2.11769342 -0.42623818 1.47043085 2.44078541 -0.3792423 1.36319864 0.52792287 -0.35494506 -1.79058504 0.45303071 -0.34635866 -1.73936224 0.5991993 -0.35134816 -1.79756737 0.49242568 -0.35335493 -1.84214163 0.45827359 -0.35266221 -1.80376387 0.41809022 -0.35107577 -1.79693222 0.55806595 -0.34505057 -1.88052893 0.55326343 -0.34825158 -1.94209576 0.48720151 -0.34879136 -1.93486166 0.61119443 -0.34822631 -1.89594364 0.38645333 -0.35360408 -1.77062654 0.5325712 -0.34985197 -1.99158287 0.41289061 -0.35317981 -1.88459778 0.65830898 -0.37249541 -1.98867083 0.61879158 -0.36463726 -2.01057339 0.59428573 -0.35706556 -1.98884678 0.3709296 -0.35801446 -1.91733503 2.40902567 -0.40503538 1.43217063 2.40604353 -0.39829445 1.39664412 2.46886921 -0.37799501 1.36768568 0.54801792 -0.35684788 -2.04399252 0.44608444 -0.35220993 -1.90466928 0.49079067 -0.35093296 -2.01372862 0.65920591 -0.38738692 -2.04636955 0.33662981 -0.36351562 -1.78937721 0.68403292 -0.40343833 -2.07122326 0.60186267 -0.37771595 -2.08299541 0.33774012 -0.36480594 -1.93520451 0.50270456 -0.35570097 -2.05910635 2.23469353 -0.41341352 1.52601147 2.36255026 -0.41273546 1.46564257 2.43696547 -0.38679767 1.39762568 2.4678874 -0.38114071 1.39860737 0.53367931 -0.36886299 -2.11475325 0.35042959 -0.36628556 -1.99118423 0.47481781 -0.36330342 -2.13051605 0.43185127 -0.35767102 -2.03079796 0.60986555 -0.40239835 -2.13484907 0.56210935 -0.3676914 -2.08424044 0.50605863 -0.36361933 -2.11850929 0.19131887 -0.41845739 -2.16073513 0.15162295 -0.42805564 -2.14727354 0.20179588 -0.41343105 -2.10056114 0.27404469 -0.38710546 -2.03631735 0.26339638 -0.40265703 -2.1437645 0.50642514 -0.37450039 -2.16475105 0.57019794 -0.40408361 -2.1808753 0.10315779 -0.44011128 -2.22093678 0.07511166 -0.43993378 -2.20600033 0.1117385 -0.43926322 -2.18205452 0.04878864 -0.43626988 -2.23828745 0.16689587 -0.42328167 -2.17213392 0.28351456 -0.39246666 -2.09860611 0.43476599 -0.36683285 -2.13089323 0.1062434 -0.44403017 -2.28275919 0.02839342 -0.43703127 -2.2678256 0.47498524 -0.37285185 -2.17209101 0.43706697 -0.37186313 -2.1627059 0.13501281 -0.43630099 -2.2097578 0.18866402 -0.43402028 -2.23223114 0.24031693 -0.41357505 -2.17982864 0.32138318 -0.39389431 -2.17910767 0.07408777 -0.44424415 -2.29733801 0.43129396 -0.38221967 -2.19493246 0.83043206 -0.41584277 -2.49772072 0.88203144 -0.41608024 -2.50090122 0.89584136 -0.43236554 -2.56451082 0.62589955 -0.42117858 -2.1846323 0.49003619 -0.40234935 -2.22998428 0.54448539 -0.40825808 -2.21325636 0.36412001 -0.38810194 -2.18831348 0.08637804 -0.45393527 -2.32684231 0.86901867 -0.44409561 -2.61947918 0.83079863 -0.44408762 -2.58515739 0.83306336 -0.43497753 -2.55251455 0.68803859 -0.42989826 -2.18077755 0.1533708 -0.44325161 -2.27064705 0.22873008 -0.43119729 -2.25712395 0.14758795 -0.44719636 -2.32815933 0.37995416 -0.41044378 -2.25766659 0.77969337 -0.43311203 -2.549366 0.62444854 -0.4281553 -2.23071671 0.51771182 -0.41430366 -2.25788641 0.25900686 -0.42794669 -2.27529764 0.31066698 -0.41306031 -2.24693727 0.11867619 -0.45545185 -2.35843277 0.42846793 -0.40995371 -2.25768995 0.79646337 -0.406618 -2.46474981 0.63777995 -0.42988026 -2.24629354 0.21473008 -0.43894732 -2.37462854 1.73959005 -0.44304872 0.55808902 1.81945956 -0.43493974 0.57019019 1.79345691 -0.43049598 0.5032227 1.81863487 -0.44058526 0.63308907 1.73157132 -0.44648933 0.64957833 1.6788317 -0.44709837 0.64965749 1.78373134 -0.4443146 0.66060615 1.69084513 -0.44807816 0.67588091 1.65138495 -0.45731258 0.76216698 1.80453813 -0.44008648 0.72200155 1.6865567 -0.45646 0.78837156 1.62562513 -0.44804847 0.64929652 1.74328959 -0.44377077 0.74393725 1.91419756 -0.43422985 0.76984262 1.65928185 -0.45899332 0.84268594 1.59456658 -0.44616818 0.56616759 1.62131941 -0.45662427 0.7730875 1.79601562 -0.4435972 0.79190993 1.86137545 -0.44103169 0.79342127 1.69409001 -0.45875287 0.83580732 1.59021688 -0.44558156 0.64513254 1.90266621 -0.43739212 0.82844901 1.61838305 -0.45322669 0.82264328 1.73379123 -0.46059418 0.89722574 1.56563997 -0.44032896 0.63994479 1.59381938 -0.45143771 0.76699424 1.83712351 -0.4508791 0.8654803 1.7668854 -0.45515585 0.8556602 1.87306583 -0.44342673 0.84127164 1.98407614 -0.42082584 0.84213901 1.64942825 -0.45737112 0.90560186 1.68520892 -0.45999646 0.96030068 1.55848658 -0.4392668 0.70390081 1.87087452 -0.44636667 0.89203453 1.96965802 -0.42241716 0.90200543 1.56870496 -0.43627858 0.81404376 1.6188339 -0.44986868 0.90348685 1.70944393 -0.46361637 1.02300644 1.79448903 -0.45738959 0.88829148 1.53602731 -0.43127084 0.63791299 1.5317589 -0.42666757 0.73198748 1.93031108 -0.43510771 0.94239724 2.04232693 -0.40814877 0.86653554 1.64883828 -0.45218754 0.96939385 1.7324518 -0.4702003 1.10227156 1.78702295 -0.46358895 0.95430744 1.83977067 -0.45823741 1.01746714 1.90849888 -0.4437567 0.98425591 1.99735963 -0.42308307 1.00061369 2.10472059 -0.39698732 0.91178739 1.5231055 -0.41305566 0.79006171 1.55720055 -0.42707443 0.86087632 1.59827101 -0.43529952 0.94166648 1.69264352 -0.46035194 1.04604101 1.78197587 -0.46654308 1.06257844 1.65333927 -0.44745958 1.02414489 1.71136463 -0.46466911 1.14562023 1.76211488 -0.47214854 1.13636684 1.92581332 -0.44611526 1.08485746 2.13038969 -0.39948452 0.97951043 1.61244941 -0.42317867 1.04740644 1.6767894 -0.45318866 1.08040166 1.73176992 -0.47050452 1.16513455 1.79609764 -0.46881115 1.16110027 1.8689574 -0.45639193 1.16286492 1.99075878 -0.42923379 1.0483278 2.12063646 -0.41039157 1.05631816 1.76006305 -0.47613406 1.24199247 1.93608105 -0.4434768 1.17540944 1.9787885 -0.43645704 1.10035455 1.78921282 -0.47344124 1.25284076 1.84127867 -0.46460092 1.27044106 2.07010698 -0.42275918 1.12948966 2.01002598 -0.43395174 1.15178084 1.75066817 -0.47248912 1.3399384 1.92768657 -0.44874012 1.2245841 2.17593575 -0.4111203 1.19469285 1.79266346 -0.47153151 1.31602132 2.00029612 -0.44065094 1.24399257 1.88716424 -0.46498144 1.30598235 2.13479137 -0.41707814 1.18853128 2.06469059 -0.43385363 1.20735192 1.80280721 -0.47288764 1.36161947 1.85082495 -0.46777141 1.32840645 1.95929754 -0.44829679 1.26490843 2.15938568 -0.41438806 1.24436259 2.06386566 -0.43640518 1.23444557 1.95054758 -0.45675325 1.3679539 1.90462482 -0.46439517 1.37963021 2.02444983 -0.44148958 1.37515521 2.09755039 -0.4302218 1.23277903 2.07616425 -0.43566501 1.34858549 1.89516366 -0.46598208 1.45265138 2.07406187 -0.43603206 1.29960752 2.02127504 -0.44182408 1.46467888 2.07288837 -0.43404543 1.47537327 2.15738201 -0.41671479 1.37563217 1.9506768 -0.45772016 1.47389889 1.96364629 -0.45528901 1.51653898 2.11769342 -0.42623818 1.47043085 0.40831536 -0.41874802 -2.28904676 0.25696409 -0.43104553 -2.29908276 0.74692583 -0.4182744 -2.49302816 0.75194204 -0.43879473 -2.58548975 0.78643012 -0.40014815 -2.43031263 0.74463463 -0.41328299 -2.46973133 0.58868837 -0.42406511 -2.30499554 0.51902145 -0.41918516 -2.31785393 0.46584201 -0.41738689 -2.28974962 0.17345136 -0.44431043 -2.4120369 0.2290501 -0.44864678 -2.45081949 0.17660379 -0.44371068 -2.49975967 2.31595325 -0.31051773 0.77497292 2.27401018 -0.31685901 0.68053198 2.27530336 -0.31105751 0.74268317 0.72460961 -0.41100097 -2.42309332 2.24308825 -0.32758427 0.67955017 2.25846815 -0.34156537 0.74194503 0.7163204 -0.41065466 -2.34417439 2.27172852 -0.34156537 0.75241137 0.67138755 -0.41718447 -2.41015625 0.67170489 -0.4258945 -2.28617907 0.6300717 -0.42284822 -2.34769583 1.9274658 -0.48343861 1.82425094 1.93466938 -0.48107231 1.76690114 1.89636528 -0.48299897 1.86021495 1.89755046 -0.48739028 1.81384575 1.89875519 -0.48836255 1.75859022 2.03524685 -0.44637871 1.74702561 1.86749518 -0.48881102 1.77091622 1.84364593 -0.4567132 1.90231097 1.92304337 -0.47737968 1.67409694 1.9637531 -0.46502018 1.70591259 1.86740482 -0.47447026 1.86781526 1.89981496 -0.48668838 1.70730305 1.99349773 -0.45184779 1.69290936 1.83033335 -0.47622871 1.77287447 1.86850536 -0.49241233 1.70508444 1.97304547 -0.45789528 1.63664591 2.02623272 -0.44213092 1.68000174 1.83758891 -0.48702168 1.72944427 1.8020016 -0.45182645 1.81646764 1.79861748 -0.43521297 1.88988841 1.8722111 -0.48804557 1.65606081 1.9348737 -0.46389282 1.61231792 1.80018222 -0.48203731 1.68531752 1.76255143 -0.4343164 1.77935708 1.83963287 -0.49154496 1.68819523 1.97463953 -0.4572506 1.60378456 1.77475893 -0.45565498 1.73354232 1.69592607 -0.38120544 1.81071138 1.74179137 -0.40153527 1.87381518 1.76984942 -0.40121722 1.95808458 1.87588942 -0.47399628 1.57948864 1.83997881 -0.49103892 1.64942729 1.93149102 -0.45989513 1.57542527 1.81224 -0.48915362 1.6465627 1.74288881 -0.45269203 1.68669343 1.69082057 -0.38678563 1.77084768 1.96364629 -0.45528901 1.51653898 1.78067958 -0.47928524 1.65081084 1.65335619 -0.36447322 1.76757896 1.690539 -0.36899781 1.87061429 1.72179663 -0.37405241 1.93317091 1.88017404 -0.46756494 1.5177058 1.84522521 -0.47140384 1.51127982 1.81178486 -0.48223579 1.58621228 1.78161824 -0.47644293 1.58337021 1.65943396 -0.3913101 1.68794346 1.75165761 -0.46401811 1.64966416 1.8118273 -0.47218013 1.51134396 1.89516366 -0.46598208 1.45265138 1.69910395 -0.43154085 1.62929285 1.61759424 -0.35759449 1.72746778 1.79625452 -0.47325671 1.44953442 1.78654754 -0.47035587 1.50523746 1.7360028 -0.45908427 1.57080531 1.66273582 -0.40506923 1.63401616 1.600155 -0.36144292 1.67712641 1.74759161 -0.46343791 1.51186979 1.80280721 -0.47288764 1.36161947 1.65560472 -0.41209745 1.56105697 1.6863879 -0.43286979 1.55501032 1.75325286 -0.47092438 1.44221771 1.75066817 -0.47248912 1.3399384 1.72126019 -0.45486844 1.50902438 1.72846305 -0.4636488 1.45196331 1.6626786 -0.43234396 1.40605497 1.69353735 -0.45090604 1.41277695 1.65099418 -0.35564387 1.82365704 1.69592607 -0.38120544 1.81071138 1.62026179 -0.33918846 1.87532878 1.65335619 -0.36447322 1.76757896 1.61579752 -0.34471679 1.78088903 1.61515999 -0.33171129 1.95144558 1.57740629 -0.33440113 1.82661974 1.57470238 -0.33312595 1.92465067 1.61759424 -0.35759449 1.72746778 1.57634437 -0.33332431 1.8971647 1.59005082 -0.33967996 1.78124332 1.57166266 -0.33453822 1.99447417 1.52143431 -0.33526576 1.80772483 1.56079364 -0.34235775 1.72638738 1.5246377 -0.33910179 1.92445648 1.49325109 -0.33668184 1.98346758 1.5895226 -0.34790587 1.73140025 1.5781033 -0.34203124 2.04026914 1.52011633 -0.34262121 2.0322237 1.600155 -0.36144292 1.67712641 1.52955782 -0.34114051 1.68566585 1.47935569 -0.33778191 1.87760746 1.49097347 -0.34102666 1.92474568 1.49174452 -0.34073758 2.03007865 1.49927592 -0.33967412 1.74788725 1.56375074 -0.34977973 1.63037789 1.47138107 -0.3380115 1.78200448 1.46161222 -0.33819103 1.92280734 1.43682265 -0.33316576 1.99543476 1.46853566 -0.33730876 1.67858505 1.52049685 -0.3396256 1.65053201 1.43689835 -0.3349036 1.81959617 1.43612635 -0.33198524 1.70684505 1.40799439 -0.33525062 1.91385746 1.43470347 -0.32972646 1.7682004 1.41566014 -0.33597207 1.94799352 1.4271313 -0.31162822 1.67392933 1.46955144 -0.33247161 1.6454941 1.406232 -0.32772094 1.77108908 1.3767612 -0.33126533 1.84247005 1.38545203 -0.33345222 2.00137782 1.40476286 -0.3307786 1.73629677 1.43862987 -0.31925535 1.64451253 1.40608382 -0.3106277 1.69468653 1.50055134 -0.33494949 1.59186876 1.40574443 -0.31916881 1.70537472 1.40758717 -0.31361222 1.64732611 1.406726 -0.30503631 1.67445302 1.43961143 -0.33126187 1.61359048 1.37384081 -0.32891107 1.7353152 1.38310814 -0.33134687 1.76657534 1.38692021 -0.33500779 1.60843098 1.37896228 -0.313164 1.67357171 1.37482238 -0.31401348 1.70439303 1.46740472 -0.33339906 1.58344853 1.31445599 -0.33449912 1.83385432 1.37678564 -0.32815361 1.6425494 1.34291923 -0.33148956 1.73433363 1.30985284 -0.33827937 1.76859999 1.34616184 -0.33893168 1.60642076 1.34286094 -0.32855523 1.70208633 1.38857448 -0.339059 1.57431638 1.27970338 -0.34402525 1.79669261 1.34586406 -0.33686233 1.64156783 1.30889547 -0.33550775 1.71427321 1.2937026 -0.33938742 1.55177116 1.31768703 -0.33823347 1.65315306 1.25835216 -0.34122372 1.69591939 1.26536989 -0.33996975 1.59864616 1.38954616 -0.29731035 1.24056447 1.35862458 -0.28759432 1.2395829 1.35753942 -0.30700266 1.27376831 1.35945582 -0.30302674 1.20604181 1.39270377 -0.30888951 1.27341568 1.39003992 -0.3106277 1.21012974 1.35666144 -0.33487272 1.30142665 1.40183282 -0.3106277 1.24095452 1.38758302 -0.33423901 1.30240822 1.41948664 -0.33291483 1.27246773 1.42269444 -0.32839173 1.21561205 1.32167923 -0.3368237 1.33123994 1.41571712 -0.33682561 1.31188762 1.45343125 -0.3405571 1.25700271 1.33661711 -0.33351934 1.37342834 1.38376105 -0.33108181 1.4432472 1.47685647 -0.34321177 1.25785577 1.47063208 -0.33527446 1.41213465 1.48182988 -0.3384918 1.32702565 1.41791296 -0.33433402 1.47288716 1.51214862 -0.34736645 1.28706658 1.5098846 -0.34094739 1.42055249 1.47513604 -0.33290148 1.4643327 1.46662211 -0.33127832 1.52973294 1.54226696 -0.35831785 1.2943368 1.50554335 -0.33520401 1.51323295 1.38857448 -0.339059 1.57431638 1.54091585 -0.35407019 1.37603545 1.5324502 -0.34359682 1.4979012 1.50055134 -0.33494949 1.59186876 1.46740472 -0.33339906 1.58344853 1.57494521 -0.37222159 1.35251713 1.53702903 -0.34114718 1.58165014 1.57044423 -0.36807203 1.43954074 1.5648998 -0.35266602 1.55442321 1.52049685 -0.3396256 1.65053201 1.62001932 -0.40293074 1.40411973 1.56375074 -0.34977973 1.63037789 1.62809944 -0.39624321 1.52045083 1.5937624 -0.37161684 1.52647328 1.60107386 -0.36905026 1.59092772 1.62864614 -0.38609231 1.5918659 1.42413497 -0.33528793 1.08846939 1.46229947 -0.33738613 1.14322686 1.44547236 -0.34273112 1.05172551 1.42248297 -0.32805014 1.16887963 1.51259971 -0.37140977 1.03205121 1.39622188 -0.33244753 1.08037829 1.39249086 -0.3291595 1.14779866 1.45987391 -0.33696115 1.174788 1.54874873 -0.37686718 1.14957583 1.49491346 -0.36942363 0.95221591 1.39835727 -0.33307946 0.95918584 1.39150929 -0.32461834 1.17872036 1.51538086 -0.35932016 1.18235624 1.47093713 -0.34264159 1.21024323 1.61244941 -0.42317867 1.04740644 1.52634764 -0.38639379 0.95370364 1.43936229 -0.34544277 0.95554471 1.36391592 -0.33125663 1.11293864 1.36890876 -0.32939523 0.98377275 1.36058772 -0.32417727 1.17773879 1.57479739 -0.38996232 1.15366161 1.55719543 -0.4002533 0.99826121 1.54804313 -0.41298866 0.90243578 1.43778455 -0.34666085 0.89667797 1.33422804 -0.33523381 1.14684749 1.40185297 -0.33077955 0.88371468 1.57342505 -0.38478768 1.21286941 1.64030743 -0.43173444 1.13257492 1.59827101 -0.43529952 0.94166648 1.49094391 -0.376459 0.88981426 1.32663321 -0.32966107 0.99261808 1.30618107 -0.33129966 1.05623233 1.36813056 -0.31960064 0.85407269 1.32802296 -0.33088398 1.17637002 1.65466034 -0.43711996 1.26364398 1.6767894 -0.45318866 1.08040166 1.55720055 -0.42707443 0.86087632 1.4805094 -0.37437201 0.83433199 1.40310347 -0.3291527 0.79785156 1.33701015 -0.32645756 0.95662105 1.27362692 -0.33340788 1.11357999 1.67193544 -0.44736207 1.18628681 1.5231055 -0.41305566 0.79006171 1.43049634 -0.3428086 0.78655624 1.31128013 -0.32842928 0.95515776 1.25831878 -0.33142531 1.02630198 1.32260811 -0.31799251 0.89691138 1.66102016 -0.43512452 1.33060253 1.71136463 -0.46466911 1.14562023 1.70041478 -0.46322739 1.27329957 1.46893978 -0.37152052 0.76016855 1.27371132 -0.33638978 0.98926234 1.20834231 -0.33280337 1.00819504 1.70297658 -0.46284366 1.201244 1.27665603 -0.31842899 0.89649701 1.27469289 -0.33827424 0.95834076 1.24384892 -0.33540189 0.9584769 1.73176992 -0.47050452 1.16513455 1.72997773 -0.47406876 1.2418226 1.27567446 -0.32692456 0.92741871 1.20075095 -0.33061332 0.95888042 1.72469485 -0.46853352 1.34034288 1.24307966 -0.33658922 0.92599905 1.76006305 -0.47613406 1.24199247 0.33191186 -0.43129575 -2.33460522 1.77093661 -0.38486755 -0.68612528 1.85718381 -0.37444198 -0.66170168 1.72914636 -0.38986647 -0.57752562 1.68658626 -0.39591956 -0.64687395 1.81598794 -0.37982261 -0.58904314 0.22957897 -0.4490478 -2.474823 1.70744884 -0.39233899 -0.74940968 1.60640061 -0.4019717 -0.54069757 1.71379459 -0.39116693 -0.52016735 0.68840492 -0.42414999 -2.48769569 1.86373317 -0.37399399 -0.52392173 1.80746281 -0.38039804 -0.81781912 1.61338425 -0.40043974 -0.77629328 1.59347451 -0.40294015 -0.63559198 1.80579627 -0.38601863 -0.45462561 1.91330254 -0.36049676 -0.62325358 0.70223212 -0.4281348 -2.53681374 1.90843832 -0.3642503 -0.52860427 1.73805749 -0.38990808 -0.84128165 1.62937248 -0.39947855 -0.47647309 1.48406863 -0.40903044 -0.61163449 1.78099501 -0.38755333 -0.40395331 1.86326826 -0.37301719 -0.39177251 1.90387428 -0.36449504 -0.41986299 1.69680893 -0.39100647 -0.38423204 1.4826293 -0.41007435 -0.55093288 1.80836093 -0.38143742 -0.27149272 1.86022437 -0.37394369 -0.3429141 1.62097764 -0.40458536 -0.32543087 1.51000178 -0.40965486 -0.43880153 1.75942886 -0.38693666 -0.2313416 1.73384416 -0.38944519 -0.30389762 0.564237 -0.42356515 -2.34952545 1.89918983 -0.36666167 -0.29766726 1.64392591 -0.40196335 -0.27619338 1.83300006 -0.37925732 -0.22526455 1.86457217 -0.37094164 -0.2909143 0.51831174 -0.42337191 -2.35784245 0.31427187 -0.43918383 -2.41759634 0.27724683 -0.4449861 -2.4440484 0.36680299 -0.43675959 -2.38722324 1.55192804 -0.41087055 -0.32152653 1.7723881 -0.3898052 -0.12415528 1.6678983 -0.39512455 -0.13384008 0.20956933 -0.43954003 -2.53914165 0.17445189 -0.43836248 -2.57138395 1.53506362 -0.41162622 -0.24853611 1.47431147 -0.41996372 -0.35268664 1.72473848 -0.39863861 -0.05713391 1.6264919 -0.40366614 -0.17778444 0.59233093 -0.42689288 -2.4058814 1.47307539 -0.42074752 -0.29094934 1.7461189 -0.3970139 0.00250816 1.64395571 -0.40064609 -0.0789597 1.57746422 -0.41156566 -0.15805984 1.46997738 -0.41606545 -0.22017598 1.43453681 -0.42230308 -0.25497699 1.67836344 -0.40336418 0.04731154 1.64196253 -0.40388536 -0.03991985 0.27826667 -0.45000112 -2.47776937 0.26781207 -0.44938576 -2.50822401 1.43573356 -0.41892958 -0.1589427 1.73380601 -0.40159202 0.10480642 0.23403698 -0.44072795 -2.54935026 0.67329192 -0.4278928 -2.54137516 1.66304433 -0.40962672 0.10820746 0.6164971 -0.42660236 -2.48457241 0.44557726 -0.43384635 -2.4035182 0.37021995 -0.43869305 -2.46475315 0.29053789 -0.44372201 -2.54031134 0.27260607 -0.43420458 -2.57981777 0.58691365 -0.43347418 -2.52281857 0.52979183 -0.43656671 -2.48352861 0.3251605 -0.44608808 -2.51181221 1.90387428 -0.36449504 -0.41986299 1.93701184 -0.3637979 -0.35302782 1.9613446 -0.3596338 -0.50337029 1.89918983 -0.36666167 -0.29766726 0.4338752 -0.44263446 -2.52618933 1.93324983 -0.3677336 -0.30360246 1.99140704 -0.37160516 -0.32251835 1.92186344 -0.37684906 -0.23744464 0.59348333 -0.43282783 -2.57308769 0.54205722 -0.43942595 -2.52111816 0.37604982 -0.44357669 -2.51275015 1.86508858 -0.3769393 -0.2343533 1.98364389 -0.37641704 -0.2991755 0.33565301 -0.44975281 -2.56164408 0.5393641 -0.43849194 -2.57605743 0.37700844 -0.45429373 -2.59763956 1.86457217 -0.37094164 -0.2909143 1.90427387 -0.37942576 -0.17424083 1.98715127 -0.38590074 -0.24632645 0.48351228 -0.44244266 -2.58650827 0.58315575 -0.42217934 -2.64257288 1.83300006 -0.37925732 -0.22526455 1.87731802 -0.37831724 -0.10123277 0.52625424 -0.43133128 -2.64184475 0.47760856 -0.44362712 -2.62782669 0.37051672 -0.45623326 -2.63135004 0.54115927 -0.4226408 -2.68502283 0.45924544 -0.44011915 -2.66001225 1.84335101 -0.37916505 -0.03812551 1.97235143 -0.38557065 -0.14252615 1.99127543 -0.38796937 -0.20287752 0.42442578 -0.44581878 -2.65691805 0.49280208 -0.42145491 -2.68799019 0.49378365 -0.42133379 -2.71891212 0.4589659 -0.4295454 -2.68906975 1.7723881 -0.3898052 -0.12415528 1.94023287 -0.38119912 -0.06999063 1.89523113 -0.37751377 -0.02899361 2.02297497 -0.38848269 -0.20340466 0.44241691 -0.43468249 -2.72154522 0.10029128 -0.4511956 -2.12488222 0.06685495 -0.45550203 -2.14932251 0.04886961 -0.47393453 -2.10465431 0.00978377 -0.47170317 -2.14862394 1.81800425 -0.38239849 -0.04171252 2.01878595 -0.38455653 -0.12815666 1.92434275 -0.38023412 -0.03020978 1.96226346 -0.38334894 -0.10089779 1.86157286 -0.3854022 0.04199624 0.00834465 -0.48182678 -2.10703802 0.07413009 -0.44635201 -2.17507839 -0.20286807 -0.4691304 -2.11061525 -0.11930478 -0.47817147 -2.09512234 -0.17591189 -0.46654797 -2.14871931 0.04320821 -0.45071006 -2.1760602 -0.03818297 -0.47515595 -2.14730883 1.7461189 -0.3970139 0.00250816 1.79990232 -0.39138031 0.04465318 1.95615137 -0.38976026 -0.03210306 2.01391268 -0.39255559 -0.06912589 1.92570269 -0.39013135 0.02925992 1.89242566 -0.38559926 0.03730989 -0.14062993 -0.47131729 -2.14816999 -0.20293364 -0.46923864 -2.15919828 -0.03876048 -0.48410773 -2.1079998 1.98931944 -0.39815807 -0.03713083 1.82876098 -0.39178431 0.07961655 1.90393102 -0.4050262 0.08973527 2.0525198 -0.37876976 -0.12089586 -0.00626191 -0.46062732 -2.16980171 0.04418981 -0.4385674 -2.20698166 1.73380601 -0.40159202 0.10480642 1.97678745 -0.4010222 0.01534534 1.85885203 -0.39480627 0.10104203 -0.17324525 -0.46946764 -2.18293095 -0.10052377 -0.47429025 -2.14752054 1.8243016 -0.39808536 0.15486193 1.85925376 -0.40068758 0.15182114 -0.00919583 -0.4420737 -2.20912027 -0.04150745 -0.46237743 -2.17236376 1.79936826 -0.40275848 0.18739629 1.14496171 -0.27969027 0.30420756 1.17161822 -0.29922438 0.30505371 1.14117837 -0.27969027 0.2888844 1.13855898 -0.28279197 0.33285356 1.17259979 -0.30276299 0.27413225 1.13973153 -0.25492442 0.30404162 1.16992438 -0.30060786 0.34334421 1.20254028 -0.30460835 0.30603528 1.12781966 -0.27969027 0.27271056 1.1096648 -0.24819529 0.33484626 1.13873303 -0.28963518 0.36591649 1.11075091 -0.24928582 0.27233315 1.10781133 -0.2686193 0.36493468 1.10977447 -0.23088098 0.30309057 1.17375326 -0.30041754 0.39340758 1.12953413 -0.28213739 0.38231158 1.11102855 -0.27969027 0.26358414 1.07894349 -0.24919164 0.32373929 1.07983398 -0.26336718 0.27118731 1.07876289 -0.24864626 0.3011353 1.07688928 -0.27946377 0.36395311 1.10845017 -0.27454746 0.39459753 1.13676989 -0.2929132 0.42776012 1.04647088 -0.27929384 0.36132169 1.06903505 -0.27981943 0.40064526 1.05564809 -0.24875283 0.3323257 1.1696707 -0.29876703 0.42918539 1.04793084 -0.26860714 0.30112743 1.04557335 -0.27969027 0.37539506 1.12430346 -0.301992 0.45992827 1.07135439 -0.28815067 0.425493 1.04728293 -0.24875283 0.32153964 1.04393291 -0.24875283 0.35983968 1.01360679 -0.27312207 0.39234614 1.01496053 -0.2830013 0.41386628 1.04694927 -0.23678756 0.33204961 1.13265646 -0.30885053 0.51100969 1.0179919 -0.24875283 0.29927707 1.01453578 -0.24864191 0.36215234 0.98926938 -0.30082029 0.45572543 1.01617348 -0.22215319 0.32645679 1.07396841 -0.30609006 0.48862171 1.03200197 -0.21781516 0.30062175 0.9842509 -0.24765182 0.33205271 1.01748943 -0.21781516 0.28500247 1.01700866 -0.20561147 0.30014586 0.99605322 -0.21781516 0.29948068 0.92772126 -0.31445521 -0.769063 0.89866197 -0.30879533 -0.82530618 0.91191125 -0.31508213 -0.72560525 0.92647314 -0.3102963 -0.83855939 0.95828426 -0.31951326 -0.76892519 0.95947015 -0.32054394 -0.83457589 0.9022162 -0.31107092 -0.91753292 0.95617652 -0.31501311 -0.69616795 1.00243044 -0.34479833 -0.82203364 0.91362488 -0.31525356 -0.65861511 0.99439752 -0.33414531 -0.76979613 0.86590385 -0.31837171 -0.69407248 0.97019756 -0.31417769 -0.60601902 0.98664677 -0.32287753 -0.70181417 1.05440509 -0.37267268 -0.79008269 0.84682202 -0.31330687 -0.66481352 0.9066323 -0.30993062 -0.59586 0.98524714 -0.3179999 -0.64273238 1.02074122 -0.33473051 -0.67799973 0.83020854 -0.3119936 -0.69628263 0.89387679 -0.31020385 -0.63573074 0.96789849 -0.31024551 -0.53767204 1.01441455 -0.3227334 -0.61290765 1.04502714 -0.33639467 -0.61983347 0.81444967 -0.31011105 -0.6658442 0.82914257 -0.31308663 -0.72726941 0.86175978 -0.30257773 -0.63339496 1.01302791 -0.3165735 -0.55538583 0.87082481 -0.30917275 -0.52010846 0.81981575 -0.27969027 -0.69661236 0.79908085 -0.30478692 -0.63536429 0.85395575 -0.29942816 -0.60624599 1.0086664 -0.3109836 -0.493011 0.99271822 -0.30990928 -0.45460558 0.85896134 -0.30691457 -0.57155728 0.80046451 -0.27969027 -0.67895174 0.76815867 -0.3002224 -0.6363461 1.04454303 -0.3226555 -0.54362726 0.87261844 -0.31128317 -0.47162104 0.80120206 -0.30477279 -0.55653262 0.76914036 -0.30179119 -0.6672678 0.80049312 -0.24875283 -0.67985106 0.76624739 -0.30142212 -0.60220408 1.04187 -0.31593585 -0.49115324 0.77962244 -0.30560744 -0.50302815 0.76899791 -0.2728734 -0.69620037 0.83008265 -0.24875283 -0.69628644 1.04325891 -0.31390995 -0.41406989 0.77824271 -0.24875283 -0.69793224 0.80104411 -0.23623729 -0.6972084 1.50306785 -0.40361094 -1.53605175 1.51680207 -0.40836799 -1.57544661 1.52458525 -0.40861654 -1.60230684 1.56572127 -0.4082129 -1.5179472 1.57698107 -0.40875602 -1.54677629 -0.1335831 -0.46824443 -2.1870079 -0.1588985 -0.47178423 -2.21153021 -0.08125448 -0.46520805 -2.1793561 -0.05061591 -0.44953239 -2.20996189 -0.11149879 -0.46494138 -2.21055126 -0.02955526 -0.44067013 -2.23579311 -0.13762847 -0.46583891 -2.24635315 -0.07851627 -0.44636321 -2.24183035 -0.0783633 -0.44343638 -2.28746748 -0.37060934 -0.49689257 -2.80394459 -0.10620274 -0.44928885 -2.26605844 2.63601875 -0.37485969 1.95644689 2.63229322 -0.37530661 1.89525485 -0.33902791 -0.48854804 -2.8007164 2.60516596 -0.37216473 1.92691016 0.80381358 -0.316526 -0.90342402 0.7495811 -0.32223028 -0.92247939 0.72199059 -0.32143962 -0.89609265 0.82671118 -0.31518853 -0.96878982 0.72173977 -0.32479823 -0.9817369 0.74614787 -0.31421739 -0.85101891 0.86534166 -0.30948776 -0.90545654 0.69943285 -0.32193512 -0.87279987 0.80914009 -0.31378299 -0.82674789 0.80004454 -0.31370938 -1.00547457 0.86985397 -0.31626582 -1.0008502 0.68939269 -0.32232672 -0.95679545 0.69685984 -0.3183037 -0.79255104 0.71829343 -0.32210785 -1.0098846 0.89866197 -0.30879533 -0.82530618 0.90340769 -0.31776142 -0.98529673 0.64217591 -0.32317841 -0.85967445 0.86003876 -0.31952047 -1.03585553 0.77919698 -0.30856174 -1.03462291 0.9022162 -0.31107092 -0.91753292 0.90295732 -0.33235514 -1.04007959 0.68707812 -0.31071138 -1.0103569 0.63781124 -0.32365924 -0.94713712 0.67598414 -0.31926703 -0.75799513 0.80941939 -0.3111856 -1.03742647 0.75158536 -0.31080598 -1.04089451 0.68815351 -0.3193891 -1.04127574 0.65544355 -0.31284189 -0.985919 0.61163133 -0.32501584 -0.89970779 0.70945907 -0.32157093 -0.72117019 0.86703312 -0.32695425 -1.06274796 0.78666532 -0.30703843 -1.06659961 0.71989417 -0.31914926 -1.07118344 0.66044295 -0.31034929 -1.04270482 0.65625036 -0.30615354 -1.01133561 0.62277383 -0.32476449 -0.98526478 0.59157568 -0.33133781 -0.95139837 0.55775785 -0.32594347 -0.82183504 0.6745882 -0.31713074 -0.69628525 0.85985768 -0.34202826 -1.13458061 0.74762523 -0.30977905 -1.07034087 0.68913507 -0.3283608 -1.07219768 0.64226413 -0.3106277 -1.01177955 0.53039581 -0.33596611 -0.94373608 0.52427459 -0.33038419 -0.84131241 0.6244061 -0.32240927 -0.74055099 0.7076267 -0.31076533 -0.66792011 0.780231 -0.31216633 -1.09796119 0.72050285 -0.31029344 -1.10165048 0.6582135 -0.32700992 -1.07317924 0.69011676 -0.32566309 -1.10311961 0.63899928 -0.31088489 -1.04217982 0.59296727 -0.33253014 -0.98866677 0.5258249 -0.33539867 -0.77917767 0.68947172 -0.3112933 -0.63762951 0.73905265 -0.31299174 -0.69453406 0.59759825 -0.32946652 -0.65747905 0.80964303 -0.32411492 -1.11121154 0.75406039 -0.30852532 -1.10575914 0.48701453 -0.3407737 -0.90042043 0.56333423 -0.33679783 -1.01843357 0.49611741 -0.34205079 -0.80552483 0.55389744 -0.33883357 -0.68290019 0.73723662 -0.29830718 -0.63732767 0.73821831 -0.30190229 -0.66824937 0.69549775 -0.31237495 -1.13390183 0.7247833 -0.31036383 -1.13344145 0.62815607 -0.3231023 -1.07470274 0.65919507 -0.33159542 -1.10410118 0.59601647 -0.33016294 -1.06866837 0.49888635 -0.34193623 -0.98748541 0.4851799 -0.33978069 -0.86003542 0.47604471 -0.35034478 -1.08762312 0.49125266 -0.35719156 -0.74384236 0.52795649 -0.34533262 -0.7069335 0.72743392 -0.30290788 -0.60839987 0.6763916 -0.31241578 -0.5724287 0.76914036 -0.30179119 -0.6672678 0.75506949 -0.32968229 -1.16262674 0.46735501 -0.34762335 -0.89718938 0.46551681 -0.34963775 -0.85978341 0.5555256 -0.34082973 -1.10923529 0.46231991 -0.37040806 -0.75938988 0.52159876 -0.3555218 -0.67475128 0.76815867 -0.3002224 -0.6363461 0.75949097 -0.3106277 -0.69852734 0.70650411 -0.32967514 -1.16393948 0.66007721 -0.33918011 -1.16385508 0.62386143 -0.32770294 -1.12779021 0.47008604 -0.34722316 -0.99484038 0.46918535 -0.34807253 -0.95508671 0.48085028 -0.3468771 -1.16894722 0.45893252 -0.36954677 -0.8012085 0.49327534 -0.37325358 -0.69720387 0.50148183 -0.37199402 -0.61468816 0.76624739 -0.30142212 -0.60220408 0.76899791 -0.2728734 -0.69620037 0.722911 -0.33054918 -1.19566917 0.44098288 -0.35859609 -1.07716417 0.4349016 -0.37739968 -0.8711741 0.52705109 -0.34492958 -1.15873146 0.45959109 -0.3931582 -0.68846226 0.49341869 -0.37483883 -0.64506721 0.64258111 -0.34242857 -1.19129992 0.70844615 -0.33519268 -1.28790426 0.58591902 -0.34229696 -1.18142176 0.56082582 -0.3450557 -1.20525217 0.44461483 -0.35252714 -1.19443274 0.4688949 -0.40039313 -0.63017535 0.68282044 -0.3350805 -1.24147034 0.5154776 -0.34290719 -1.22032166 0.47476357 -0.33816981 -1.26083088 0.41641825 -0.36004317 -1.22085381 0.61119944 -0.34281504 -1.25060081 0.64654404 -0.34115863 -1.31025743 0.56990153 -0.34526026 -1.23746824 0.4495247 -0.34228873 -1.25813866 0.65627348 -0.33893812 -1.36701584 0.51296675 -0.33906841 -1.26761961 0.48006421 -0.3365885 -1.29538631 0.42217368 -0.34422719 -1.30865145 0.60515499 -0.34511328 -1.33898783 0.56589705 -0.3447057 -1.34350538 0.45083368 -0.33770418 -1.30589771 0.45894313 -0.33650255 -1.3568635 0.23002237 -0.45400536 -0.34997296 0.3112458 -0.4546299 -0.35732412 0.29533345 -0.46459889 -0.46725297 0.33433127 -0.44789946 -0.26815057 0.34600443 -0.4564116 -0.39959526 0.24152762 -0.46361101 -0.50310731 0.261114 -0.44732583 -0.26785254 0.36433262 -0.45405173 -0.36882305 0.33329618 -0.46207833 -0.45346403 0.30267441 -0.46853352 -0.57502747 0.20360202 -0.44897234 -0.30154705 0.32266015 -0.44696891 -0.21902537 0.39424819 -0.44560134 -0.31559205 0.35484785 -0.4647733 -0.51795435 0.38945782 -0.45870662 -0.51029754 0.38611108 -0.45464218 -0.41551137 0.25376266 -0.4691484 -0.61163592 0.13441613 -0.44191372 -0.32160759 0.2363171 -0.44191957 -0.20695829 0.42810726 -0.44882631 -0.36031604 0.41961676 -0.45128191 -0.40468097 0.34788698 -0.46516466 -0.57172608 0.30231273 -0.46839011 -0.61789465 0.16646284 -0.44586813 -0.28451872 0.17873466 -0.44762409 -0.26686692 0.25053203 -0.43928385 -0.13433695 0.44751996 -0.44012666 -0.1788826 0.44810301 -0.44623697 -0.36920881 0.42380279 -0.44873667 -0.46897793 0.1098536 -0.44112134 -0.26876664 0.16596276 -0.45007133 -0.20238137 0.31944954 -0.4401654 -0.11296749 0.19487143 -0.44414234 -0.14188766 0.39687699 -0.44094396 -0.13737726 0.44913459 -0.44374299 -0.30319643 0.39506441 -0.4569478 -0.57119322 0.42486888 -0.45087695 -0.54718351 0.45544797 -0.43753147 -0.44427872 0.36763829 -0.45750189 -0.63166308 0.13695964 -0.44831228 -0.25399256 0.05428839 -0.43553746 -0.27110481 0.25057864 -0.43877327 -0.1050415 0.18389601 -0.43442655 -0.08430433 0.43893665 -0.43867922 -0.07313991 0.47763222 -0.44008434 -0.29607201 0.48305243 -0.43543053 -0.34507322 0.41098082 -0.44841945 -0.59942222 0.46172041 -0.43631744 -0.49790549 0.13447475 -0.4529829 -0.20491672 0.02744702 -0.43728006 -0.31625295 0.07772017 -0.43508494 -0.23251224 0.16001195 -0.44364977 -0.13488817 0.21470559 -0.4349395 -0.06220055 0.38101715 -0.43864703 -0.04227805 0.50906998 -0.43492591 -0.1259923 0.49499542 -0.43552268 -0.19222474 0.47357571 -0.43274319 -0.41384888 0.45655632 -0.43473744 -0.5559597 0.48365241 -0.42142665 -0.48839498 0.39766699 -0.4425751 -0.64823508 0.00856614 -0.4340986 -0.24266744 0.0393711 -0.42760432 -0.18036151 0.13567954 -0.44397235 -0.15228462 0.28866231 -0.43401337 -0.0199132 0.11871696 -0.42983866 -0.06802583 0.49622548 -0.43838489 -0.02438092 0.5079875 -0.43054807 -0.30268192 0.50418538 -0.4329741 -0.2735045 0.51239377 -0.41916466 -0.36296582 0.44230092 -0.43399751 -0.58866572 0.48782963 -0.40758896 -0.52154541 0.07730943 -0.43295693 -0.19061923 -0.04902571 -0.43980122 -0.24304128 0.09710136 -0.43497026 -0.15715957 0.23190957 -0.43490076 0.03597355 0.36350852 -0.43465996 0.06103063 0.48947775 -0.43830788 0.0231607 0.53684574 -0.42968786 -0.12540221 0.5304758 -0.43439829 -0.00496125 0.54228437 -0.41660166 -0.24201393 0.51411706 -0.40266752 -0.44075441 0.48449862 -0.40005529 -0.58344412 0.4688949 -0.40039313 -0.63017535 0.52216554 -0.37726128 -0.5136025 -0.00983313 -0.43108404 -0.10774398 0.07299802 -0.42973971 -0.14459038 0.17019522 -0.43510723 -0.00551319 0.42635798 -0.436396 0.08880615 0.5376361 -0.42156434 -0.2047081 0.54022175 -0.40341187 -0.35430551 0.54291099 -0.41270256 -0.30251908 0.54285431 -0.41595972 -0.27310729 -0.07499775 -0.43785489 -0.15489507 0.07036138 -0.42712474 -0.07613206 0.09999514 -0.42880738 -0.07354021 0.25779855 -0.43206024 0.10496783 0.1082713 -0.43125343 0.04847169 0.34132206 -0.43317342 0.10440636 0.47992122 -0.43917012 0.13306451 0.52828288 -0.44064057 0.07641411 0.57051766 -0.41829371 -0.07872677 0.56976956 -0.40140915 -0.19409657 0.6037606 -0.36911988 -0.24309111 0.54376918 -0.36840475 -0.47481656 0.55159354 -0.37665749 -0.42001081 0.51612151 -0.37037718 -0.58244038 0.50148183 -0.37199402 -0.61468816 -0.05291003 -0.43562603 -0.0460844 0.03535721 -0.42918229 -0.03394651 0.13591272 -0.43134868 0.11897945 0.0390805 -0.43261802 0.03309798 0.3708263 -0.42913353 0.19002843 0.43350148 -0.43035996 0.20346737 0.55636537 -0.43423176 0.0660367 0.56289268 -0.42410064 -0.01694632 0.57259858 -0.41210437 -0.12857485 0.59165967 -0.37079442 -0.32514429 0.61091542 -0.37325144 -0.1897738 0.54368114 -0.36049402 -0.54208851 0.55312395 -0.34586895 -0.61081386 -0.1656124 -0.45239675 -0.02983117 0.27534288 -0.4320786 0.17338777 0.47746122 -0.43474293 0.18846011 0.54110467 -0.43971729 0.12659955 0.57330918 -0.43387902 0.11200786 0.59354889 -0.40276265 -0.04654121 0.6311267 -0.37460327 -0.12365723 0.59367883 -0.38718033 -0.16823602 0.65486634 -0.33971977 -0.28107643 0.62933993 -0.35233235 -0.23308706 0.57904005 -0.34763372 -0.48375034 0.60015279 -0.35176301 -0.38496637 -0.15810493 -0.45217764 0.04828763 0.14670014 -0.43118334 0.18997693 0.01420882 -0.43739223 0.1071887 0.31080687 -0.42807448 0.26747513 0.38239729 -0.42685199 0.30347776 0.47608536 -0.43168962 0.25250435 0.54423851 -0.43898535 0.16329956 0.60699636 -0.40356588 0.00712776 0.62268108 -0.41585052 0.11270738 0.63761777 -0.34067845 -0.34488726 0.62974763 -0.35731173 -0.17644358 0.5811215 -0.3421452 -0.56514645 0.55389744 -0.33883357 -0.68290019 -0.05757707 -0.44068503 0.03418636 -0.22825141 -0.46595144 0.01561165 0.10268441 -0.43416667 0.24906826 0.1899749 -0.42891026 0.3148911 0.06403744 -0.43587875 0.14759254 0.46519232 -0.42517018 0.32214141 0.54669172 -0.43511367 0.21286011 0.58737326 -0.43388867 0.16624951 0.58847624 -0.4198972 0.04988861 0.62483972 -0.38387847 -0.02183366 0.62896878 -0.38094771 -0.04734087 0.68401742 -0.32599604 -0.32466102 0.64767843 -0.34082007 -0.20921087 0.62403738 -0.32453245 -0.58292723 0.59923649 -0.34127188 -0.46906686 0.59759825 -0.32946652 -0.65747905 -0.19386764 -0.46022451 0.06983709 -0.10085826 -0.44628453 0.08896184 -0.06011063 -0.44626522 0.15191364 0.29342711 -0.42841733 0.34052849 0.39340138 -0.42768228 0.35390091 0.52402484 -0.43059778 0.28855014 0.64063632 -0.39929402 0.04052067 0.61895698 -0.42777395 0.1732533 0.65657747 -0.4040848 0.09715128 0.65023494 -0.37211442 -0.01004624 0.65732896 -0.35000288 -0.07943273 0.65664709 -0.32904673 -0.39871597 0.6973623 -0.3194083 -0.23476553 0.65882826 -0.33857381 -0.1307261 -0.24207261 -0.46653354 0.08837175 -0.16402377 -0.45852888 0.11789727 0.05865899 -0.43706417 0.32393193 -0.0140135 -0.44474614 0.25297403 0.2473706 -0.42656469 0.3978622 0.38735086 -0.42698455 0.41583896 0.56325364 -0.4329257 0.37787318 0.5830096 -0.43419015 0.28533149 0.66506195 -0.39928949 0.13392329 0.71064043 -0.32059598 -0.35397458 0.74689281 -0.311315 -0.27631068 0.69320667 -0.32341474 -0.11484885 0.6763916 -0.31241578 -0.5724287 0.66035378 -0.32114214 -0.50509429 0.63858187 -0.32923245 -0.45474076 0.08897921 -0.43394625 0.45489478 -0.11217549 -0.45393467 0.19277072 0.16779822 -0.42846763 0.46495938 0.2998594 -0.42874515 0.4197309 0.49851662 -0.42785299 0.38890219 0.6832391 -0.38342297 0.07271385 0.68329239 -0.370152 0.0441463 0.61555356 -0.4302187 0.2434926 0.64908612 -0.41987813 0.1897316 0.68275714 -0.3910327 0.10381675 0.67968976 -0.33530641 -0.08486247 0.69679093 -0.34225667 -0.03271365 -0.21081582 -0.46306121 0.13993025 -0.04821441 -0.44962478 0.30756831 -0.01651525 -0.443892 0.38171601 0.23785806 -0.42920852 0.52849603 0.50328672 -0.42978859 0.48642826 0.55050045 -0.4337846 0.47224045 0.61644852 -0.43278277 0.37002325 0.71387005 -0.34181273 0.01713705 0.61428499 -0.43346369 0.29949856 0.68006778 -0.40390265 0.19229436 0.70955515 -0.37009966 0.1354351 0.76194131 -0.31537217 -0.34145093 0.7207408 -0.31527638 -0.4433558 0.72850049 -0.32676166 -0.04520464 0.72525871 -0.30837494 -0.52232122 -0.31198344 -0.4859823 0.14146709 -0.18648995 -0.4595226 0.19252181 0.1071474 -0.43382227 0.53835368 -0.02278438 -0.44440508 0.45372915 -0.12157406 -0.45720387 0.31597018 0.16434878 -0.43133354 0.58366609 0.42474991 -0.42803299 0.48604131 0.59936422 -0.43659759 0.48568177 0.71797097 -0.35467768 0.09075189 0.64598221 -0.42572427 0.3123467 0.74399745 -0.33456182 0.063447 0.80686259 -0.31540853 -0.32734013 -0.23691678 -0.46792519 0.16258073 -0.15982428 -0.45937622 0.23744678 0.02446479 -0.44145572 0.55324197 -0.06930563 -0.45077145 0.40148449 0.36177117 -0.42761397 0.4934268 0.30945349 -0.4280405 0.61748743 0.46675068 -0.42895055 0.56315327 0.51958871 -0.42929912 0.57650685 0.62610483 -0.43980038 0.54622293 0.65442669 -0.43385029 0.44790864 0.76019764 -0.31502843 -0.39543462 0.82155943 -0.31773329 -0.36058307 -0.29866123 -0.48492074 0.19206762 -0.23139647 -0.4687866 0.19351625 -0.19333918 -0.46623313 0.23460269 0.11233222 -0.43187952 0.622787 -0.10945575 -0.45857239 0.48268628 -0.02843237 -0.45022404 0.61354017 -0.15799648 -0.46449292 0.31806397 0.22042912 -0.42803061 0.6776166 0.41335195 -0.42567408 0.54296827 0.64451683 -0.42910385 0.35518026 0.95609558 -0.31298393 -0.29119062 -0.3379952 -0.49811685 0.20294476 -0.16820219 -0.47040498 0.41025829 -0.08939013 -0.46067464 0.55451226 0.28798646 -0.42858648 0.67327857 0.52487439 -0.43094051 0.62924528 0.46483922 -0.42871737 0.64564943 0.8193959 -0.3168959 -0.39937949 0.90079546 -0.31556737 -0.39289999 -0.25813845 -0.48793256 0.22859907 -0.31467459 -0.49550009 0.23205781 -0.22298487 -0.48343861 0.30425477 0.07628265 -0.43565607 0.67670536 -0.13657732 -0.46578217 0.50125289 -0.16465674 -0.48756194 0.58456326 0.37075353 -0.42796874 0.70897889 0.26249546 -0.42930961 0.72893691 1.02806997 -0.31069475 -0.30158114 -0.33593509 -0.50919044 0.26328254 -0.23737726 -0.48415303 0.25615835 0.12758854 -0.43847692 0.79674149 -0.17824042 -0.47713947 0.49088311 -0.27961588 -0.49838436 0.37175393 0.51591092 -0.43346608 0.71703577 0.47467017 -0.4322499 0.76561332 0.99929392 -0.31192505 -0.37415743 -0.2809889 -0.49514437 0.2635138 -0.28264359 -0.50215101 0.50770521 -0.29964826 -0.50275481 0.42071533 -0.31645936 -0.50798833 0.3350637 0.1806066 -0.43746674 0.93568063 0.31893682 -0.42972982 0.82760692 0.56805104 -0.44022763 0.72075605 0.41285795 -0.42997444 0.85119188 -0.2114387 -0.49916494 0.58952618 -0.25378016 -0.50155103 0.5574863 0.49219143 -0.43308997 0.86055863 0.54739451 -0.43933308 0.87226117 -0.37151214 -0.51699114 0.31592298 -0.29021171 -0.50838745 0.58071351 -0.32267815 -0.50775325 0.49805045 -0.34769806 -0.51236057 0.36647272 0.32780075 -0.43112218 0.93507373 0.62651294 -0.44845295 0.7629261 0.46825731 -0.43412364 0.94723046 -0.35366172 -0.50828016 0.47965074 0.24233693 -0.43700624 1.01331747 0.39336693 -0.43311739 0.99108648 0.60134447 -0.44704974 0.87326908 -0.37912333 -0.51224327 0.39517784 -0.34190908 -0.51048207 0.56240034 -0.37961474 -0.50668037 0.47586441 0.35766709 -0.43857586 1.07412672 0.55881548 -0.44312823 1.00198793 0.65002167 -0.45299256 0.91059697 0.44316918 -0.43328774 1.02767015 -0.4072904 -0.50853515 0.40710115 -0.32281578 -0.50894749 0.64584875 0.23580748 -0.44309509 1.12228346 0.49139231 -0.43668818 1.06349814 -0.35049987 -0.50661135 0.63832808 -0.38375112 -0.50477338 0.546597 0.33863688 -0.44311714 1.17706847 0.56620139 -0.44214964 1.14082253 0.65419364 -0.45142937 1.08144116 -0.41381931 -0.49714923 0.48407125 -0.3552736 -0.49408877 0.69398999 -0.41294196 -0.49499047 0.54210067 0.39658028 -0.44243336 1.16418982 0.26113027 -0.44665456 1.19651639 0.46760505 -0.43793285 1.14451659 0.7522496 -0.46066785 0.99730623 -0.43986395 -0.49102378 0.44659376 -0.38383067 -0.49590886 0.64335585 -0.32807124 -0.4927454 0.74697614 0.4188382 -0.44101679 1.26860785 0.30616742 -0.44540989 1.2447598 0.50567496 -0.43860674 1.17109358 0.6654768 -0.44885564 1.16809642 0.73306811 -0.45792282 1.08556092 -0.44397378 -0.4813391 0.52139044 -0.38605818 -0.4717958 0.73666787 -0.30300251 -0.49718869 0.75813365 -0.36151665 -0.479509 0.75480318 -0.41521633 -0.48456347 0.61254215 0.33255017 -0.44642448 1.28326118 0.25207818 -0.45180964 1.29645801 0.52370054 -0.43953609 1.21633112 0.55582196 -0.44070053 1.21899354 0.79893231 -0.46295488 1.06254804 -0.49655268 -0.46119988 0.44508791 -0.41625401 -0.46207118 0.71538758 -0.33124858 -0.48417807 0.82252955 0.40559304 -0.43984258 1.37752986 0.66712701 -0.44850111 1.24206114 0.76149321 -0.45782852 1.18399203 -0.44341666 -0.46390176 0.61603093 -0.4710809 -0.46171427 0.53179097 -0.37700319 -0.46572566 0.78834581 -0.42680323 -0.43916428 0.75257254 -0.28277466 -0.4966079 0.86993241 0.49008226 -0.43939662 1.35210443 0.2863583 -0.45150089 1.34299767 0.57438415 -0.44036877 1.3467052 0.6420725 -0.44533157 1.27938199 -0.45041129 -0.42911386 0.71663022 -0.29946712 -0.48640168 0.90572214 -0.35079294 -0.46650529 0.85986745 -0.45724857 -0.43759656 0.68704605 0.65816879 -0.44897139 1.39824128 -0.49092597 -0.43731713 0.56354666 -0.42039639 -0.43264008 0.77508616 -0.45144534 -0.4026593 0.7299664 -0.27506065 -0.49001718 0.9494797 -0.398619 -0.43759573 0.82216692 -0.46727604 -0.43430853 0.63720655 -0.47901899 -0.43548775 0.59750128 -0.43220744 -0.40332711 0.79700017 -0.46883503 -0.40344024 0.68632269 -0.31246364 -0.46832573 0.95874572 -0.33269447 -0.46359944 0.91228211 -0.36987925 -0.44412923 0.87527144 -0.4769063 -0.39817154 0.6551137 -0.50006098 -0.4037801 0.58098269 -0.45202717 -0.39090514 0.74876261 -0.48249316 -0.3724618 0.7085824 -0.42263579 -0.40283132 0.83828735 -0.47882897 -0.40322447 0.62335014 -0.47858566 -0.37058425 0.74791956 -0.45496711 -0.3776027 0.78260612 -0.3369059 -0.44301593 0.98710024 -0.36405927 -0.42740548 0.92675209 -0.39254972 -0.39796901 0.92549944 -0.50994456 -0.38295603 0.62311149 -0.45773163 -0.37445128 0.81048751 -0.50555646 -0.36961913 0.67561507 -0.42709091 -0.37746847 0.90481627 -0.45670485 -0.37270761 0.85815763 -0.48393059 -0.36394191 0.77870274 -0.51396269 -0.35747743 0.77659869 -0.37379137 -0.40606713 0.98413765 -0.42587548 -0.37217116 0.94557214 -0.48591939 -0.36182737 0.83814383 -0.54576391 -0.36251807 0.66721821 -0.39687058 -0.38548875 0.9943403 -0.47106177 -0.35868621 0.93227541 -0.48389333 -0.35582924 0.89937794 2.61525726 -0.37203431 1.96175456 2.63476896 -0.36243939 1.99201322 2.56424093 -0.37278974 1.90580249 2.55934286 -0.3666333 1.92995143 2.63084602 -0.34426713 2.02497721 2.60384703 -0.363271 1.99103165 2.57453823 -0.36086452 1.97363997 2.51026964 -0.35700357 1.95264864 2.54298496 -0.35624456 1.95814693 2.56444931 -0.35245812 2.01909924 2.54200315 -0.3525486 1.98906851 2.58374596 -0.34162331 2.03852344 2.54031992 -0.34156537 2.04209232 2.51009941 -0.34883237 2.01900911 2.51108122 -0.35726118 1.98808694 2.49931812 -0.34420907 2.05477405 2.47541332 -0.3577677 2.02296543 1.96364629 -0.45528901 1.51653898 1.99558413 -0.45264554 1.52726567 2.02127504 -0.44182408 1.46467888 2.02696133 -0.44946635 1.53567529 2.02507353 -0.45403409 1.58316958 1.97463953 -0.4572506 1.60378456 2.06637955 -0.43827283 1.5161128 2.07288837 -0.43404543 1.47537327 2.05329084 -0.44621181 1.6311636 1.97304547 -0.45789528 1.63664591 2.05956554 -0.44807744 1.59101713 2.11346865 -0.43098712 1.56684172 2.13068914 -0.42494535 1.54111266 2.11769342 -0.42623818 1.47043085 2.02623272 -0.44213092 1.68000174 2.10151148 -0.43578279 1.61196971 2.23469353 -0.41341352 1.52601147 2.06092024 -0.43740451 1.6815511 2.1482873 -0.42021489 1.60788071 2.17008543 -0.4164871 1.57543647 2.20811939 -0.41188896 1.56368411 2.03524685 -0.44637871 1.74702561 2.1388793 -0.41808212 1.70629406 2.18979263 -0.39969754 1.65603435 2.08364725 -0.43331766 1.77152026 2.17032576 -0.40970623 1.71364284 2.21199989 -0.39292431 1.66164505 2.16417313 -0.41532278 1.7819066 2.22083139 -0.40172446 1.73270428 2.38248539 -0.35406661 2.13877058 2.41243982 -0.34601021 2.11425996 2.3834672 -0.36035156 2.10784864 2.38444042 -0.36543453 2.07689977 2.35668755 -0.3658042 2.09380293 2.28775501 -0.39700735 1.78999865 2.34783792 -0.36779869 2.14622688 2.27458048 -0.38573635 1.99636793 2.22517872 -0.39262831 2.01426888 2.27390337 -0.37781847 2.05226111 2.21521235 -0.40674448 1.79114854 2.17077112 -0.41480136 1.82645917 2.37025881 -0.36501801 1.97254097 2.302248 -0.37223303 2.07690334 2.33180046 -0.37332487 1.9700067 2.26361847 -0.39758575 1.95138514 2.2771306 -0.40113711 1.82939339 2.21199894 -0.40637255 1.85767651 2.2472477 -0.40236747 1.94132495 2.26653433 -0.39862156 1.88396549 2.29567575 -0.3916682 1.89225435 2.36120319 -0.37326884 1.88822055 2.32962513 -0.38081288 1.89121294 2.18129349 -0.40397346 0.49491644 0.4688949 -0.40039313 -0.63017535 0.45959109 -0.3931582 -0.68846226 0.39766699 -0.4425751 -0.64823508 0.39632273 -0.42875123 -0.71905327 0.42669612 -0.40444303 -0.72910523 0.46231991 -0.37040806 -0.75938988 0.36763829 -0.45750189 -0.63166308 0.41868019 -0.40475762 -0.78565335 0.80914009 -0.31378299 -0.82674789 0.74614787 -0.31421739 -0.85101891 0.74508333 -0.31556708 -0.82099938 0.69685984 -0.3183037 -0.79255104 0.76825237 -0.31170684 -0.77877712 0.74296677 -0.31686974 -0.78407264 0.80827856 -0.31394804 -0.79072213 0.70945907 -0.32157093 -0.72117019 0.77098942 -0.31026518 -0.72911549 0.80294645 -0.31122231 -0.75713634 0.89866197 -0.30879533 -0.82530618 0.74018145 -0.32169652 -0.73009348 0.86072683 -0.31730306 -0.72847581 0.91191125 -0.31508213 -0.72560525 0.73905265 -0.31299174 -0.69453406 0.80675459 -0.27969027 -0.73050904 0.82914257 -0.31308663 -0.72726941 0.75949097 -0.3106277 -0.69852734 0.77309334 -0.27969027 -0.7265389 0.86590385 -0.31837171 -0.69407248 0.80195439 -0.25627971 -0.72588396 0.81981575 -0.27969027 -0.69661236 0.76899791 -0.2728734 -0.69620037 0.83008265 -0.24875283 -0.69628644 0.77824271 -0.24875283 -0.69793224 0.80104411 -0.23623729 -0.6972084 1.17499352 -0.43457758 -0.79567122 1.14210486 -0.42025328 -0.78104353 1.17329073 -0.42377937 -0.73365092 1.16839063 -0.40541387 -0.63038731 1.2148633 -0.43521321 -0.75314879 1.10387504 -0.3766464 -0.65372133 1.21097946 -0.42235982 -0.63943863 1.22812903 -0.43031192 -0.67887306 1.12333453 -0.37719083 -0.60656261 1.19429028 -0.40376699 -0.51465154 1.26252854 -0.43159997 -0.62768173 1.07640195 -0.34452438 -0.58307505 1.22620738 -0.41684628 -0.51946235 1.26870048 -0.43507433 -0.76018786 1.10487866 -0.34126258 -0.51210809 1.1371702 -0.36812949 -0.5348258 1.21491933 -0.4056555 -0.46476221 1.26079988 -0.4279238 -0.54548669 1.30408633 -0.43093121 -0.66246748 1.07217038 -0.32736582 -0.51387525 1.27066231 -0.42654002 -0.44370246 1.28843224 -0.4319489 -0.56215429 1.38480592 -0.42337358 -0.70006084 1.08559346 -0.32528931 -0.46911573 1.13236582 -0.34239256 -0.45302105 1.17243636 -0.3596549 -0.42417765 1.2560122 -0.41950011 -0.41435361 1.29806221 -0.43167734 -0.4925549 1.39422095 -0.42150521 -0.59967709 1.32150948 -0.43025947 -0.58462429 1.2269156 -0.40429294 -0.42428923 1.28969979 -0.42438495 -0.35236835 1.31746864 -0.43340898 -0.39524722 1.1017803 -0.32663375 -0.42986488 1.13701069 -0.33722723 -0.4039762 1.19444442 -0.36939418 -0.38828039 1.25234962 -0.40370166 -0.3257854 1.34861362 -0.43248093 -0.48501658 1.07098281 -0.31882566 -0.43195963 1.15637732 -0.34459662 -0.37144113 1.22632408 -0.39262486 -0.36480832 1.27755785 -0.40530682 -0.24247599 1.315835 -0.42775881 -0.32758045 1.34893048 -0.43404019 -0.39236259 1.38442719 -0.43101287 -0.41979742 1.06237078 -0.31237781 -0.30311656 1.09911919 -0.32048184 -0.33354282 1.13085687 -0.33106363 -0.32690048 1.20179939 -0.36924851 -0.29289484 1.24619389 -0.38652074 -0.23219442 1.4826293 -0.41007435 -0.55093288 1.1600585 -0.3402549 -0.26931834 1.27819228 -0.39197195 -0.17507768 1.31447458 -0.4081738 -0.18957806 1.34745884 -0.42417049 -0.26500583 1.42412937 -0.42474926 -0.34675455 1.51000178 -0.40965486 -0.43880153 1.04496825 -0.30811292 -0.24475193 1.09665 -0.31109947 -0.26154947 1.12314773 -0.31092221 -0.20430112 1.22799766 -0.36588669 -0.18889141 1.34554482 -0.42194557 -0.24439216 1.44108546 -0.42424381 -0.3745594 1.15355587 -0.32020122 -0.17099786 1.31149852 -0.39939439 -0.119205 1.24004567 -0.35810661 -0.07282281 1.35053766 -0.41709328 -0.19599628 1.40063393 -0.42382514 -0.22468591 1.43453681 -0.42230308 -0.25497699 1.47431147 -0.41996372 -0.35268664 1.09377563 -0.30408806 -0.20756292 0.9728204 -0.31458747 -0.21623302 1.12847984 -0.30828136 -0.15749216 1.18530929 -0.3294974 -0.1241262 1.29536247 -0.38585973 -0.06677175 1.40354407 -0.4198941 -0.1624825 1.09300506 -0.30391711 -0.16254377 0.91388583 -0.30981725 -0.26268601 1.15253615 -0.31193417 -0.11595011 1.3366822 -0.40355396 -0.06245828 1.17947388 -0.31397957 -0.060884 1.29339004 -0.37226987 0.02722955 1.44283152 -0.41987467 -0.11899948 0.94129193 -0.31062925 -0.22251868 0.88021469 -0.31190908 -0.27881265 0.9786551 -0.31364095 -0.13007188 1.09397316 -0.30598319 -0.11618447 1.12153125 -0.30340064 -0.03840184 1.37195778 -0.40898013 -0.03041935 1.33895993 -0.39058602 0.05077362 1.1781981 -0.31185192 -0.01447868 1.20970619 -0.32846123 -0.01417851 1.43573356 -0.41892958 -0.1589427 0.9043262 -0.30374742 -0.212497 1.04777503 -0.30973953 -0.08687615 1.1508038 -0.30551672 -0.05313301 1.36566126 -0.40349448 0.02338982 1.25095701 -0.34162986 0.06426716 1.26593435 -0.33553314 0.13996768 1.43041563 -0.4125787 -0.02730751 1.51560438 -0.41676939 -0.14689827 0.93799114 -0.31062353 -0.16659927 0.87916374 -0.3090331 -0.23030472 0.84214509 -0.30898768 -0.26766562 1.00469768 -0.31124955 -0.06973481 1.15055871 -0.30508775 -0.00286674 1.39788783 -0.41037393 0.00270581 1.38487387 -0.40715086 0.07412624 1.1787343 -0.31104219 0.02670193 1.24056315 -0.3299436 0.10230851 1.21137452 -0.32373929 0.02773809 1.38883889 -0.39766407 0.15316248 1.43092668 -0.41555631 0.00240016 1.48541164 -0.42371619 -0.0887959 1.57746422 -0.41156566 -0.15805984 0.90770698 -0.3106668 -0.16785455 0.93798506 -0.31411457 -0.13570571 0.87810457 -0.30376744 -0.19951272 0.81198323 -0.30356485 -0.24106622 0.93484771 -0.31248826 -0.10429215 1.0628916 -0.30729866 -0.01774335 1.15054405 -0.30818027 0.04186296 1.41110623 -0.4155345 0.02992678 1.20972359 -0.31896383 0.08206582 1.23617005 -0.3200624 0.17313099 1.30165088 -0.34495544 0.17996383 1.4916352 -0.42514563 -0.02527165 1.57441342 -0.41601682 -0.09690332 1.52518785 -0.42762601 -0.04860783 0.90690756 -0.31069416 -0.13539338 0.82865477 -0.29910916 -0.2030282 1.00003815 -0.30601305 -0.0201292 1.07081127 -0.30672866 0.05234504 1.42476022 -0.41962981 0.06593728 1.42432261 -0.41402483 0.13605404 1.1763829 -0.31136119 0.06870794 1.20885277 -0.31743914 0.13161898 1.26649547 -0.3199476 0.22970009 1.30061042 -0.32673419 0.27338147 1.47135031 -0.4275291 0.03421807 1.64395571 -0.40064609 -0.0789597 0.877123 -0.3001442 -0.16859078 0.90409553 -0.30228263 -0.0631187 1.01099765 -0.30539459 0.0577426 1.16513824 -0.31339455 0.13071656 1.41302824 -0.39995694 0.21507382 1.20642662 -0.31266952 0.22600794 1.23715937 -0.30769503 0.28416753 1.41045976 -0.38951182 0.27236915 1.55734253 -0.42440546 -0.04041219 0.87614143 -0.2918489 -0.13766885 0.90608144 -0.3064034 -0.10576534 0.84620082 -0.29014301 -0.16957235 0.7757045 -0.30434799 -0.20841074 0.90452218 -0.2982707 -0.0104425 0.95432842 -0.30217165 0.04793954 1.07348716 -0.30938613 0.12509346 1.46923125 -0.42692935 0.06289005 1.46213293 -0.42226171 0.10491037 1.46347225 -0.420035 0.18703103 1.26336861 -0.31162906 0.2830317 1.33434522 -0.3366524 0.32241035 1.51775897 -0.42829573 0.02401257 1.5579989 -0.42439961 0.04794812 1.64196253 -0.40388536 -0.03991985 0.87272203 -0.29101038 -0.10955143 0.84521925 -0.28761458 -0.13865042 0.80667317 -0.29601228 -0.17378211 0.87417829 -0.29959989 -0.07582498 0.87103558 -0.29964966 -0.03384137 0.987082 -0.30213493 0.08162355 0.99957073 -0.29798448 0.10761881 1.08834136 -0.31185085 0.21341085 1.45111096 -0.41324663 0.23443604 1.42291427 -0.39811707 0.25787354 1.17324734 -0.31285363 0.21255636 1.20254028 -0.30460835 0.30603528 1.22443295 -0.30057144 0.40476203 1.29661143 -0.32015514 0.31623816 1.40004396 -0.36864173 0.37790489 0.74646676 -0.30978447 -0.16058683 0.87467051 -0.30176032 0.0625155 0.90694034 -0.30236113 0.0928371 0.93111396 -0.3014133 0.08074784 1.02582192 -0.30345869 0.15107822 1.53239918 -0.42710066 0.10610414 1.50608563 -0.42582345 0.16265154 1.478953 -0.42321479 0.23090053 1.45307291 -0.40433693 0.38766336 1.14247918 -0.30938983 0.2366302 1.17259979 -0.30276299 0.27413225 1.17375326 -0.30041754 0.39340758 1.26445448 -0.30771053 0.36125898 1.29315674 -0.30983692 0.41041875 1.33274984 -0.32597667 0.40131712 1.57812142 -0.42412162 0.10062695 0.80184317 -0.30655575 -0.11029887 0.82195747 -0.30496514 -0.07487559 0.8142972 -0.2974577 -0.13963199 0.84389043 -0.30262631 0.00714469 0.96105456 -0.2931602 0.11265111 0.99099457 -0.29411817 0.14455485 1.02418017 -0.3048085 0.2061677 1.53223956 -0.42912614 0.19643331 1.480304 -0.4256413 0.30318236 1.47776628 -0.42117763 0.36474276 1.1696707 -0.29876703 0.42918539 1.26115346 -0.30024755 0.46839094 1.37390912 -0.34649551 0.46165895 1.44362712 -0.39276302 0.48466492 1.66304433 -0.40962672 0.10820746 0.75948906 -0.31659424 -0.05621862 0.84470654 -0.30744225 0.13796067 0.79592204 -0.31594044 0.03625989 0.92651057 -0.30032998 0.13611507 0.97655618 -0.3009941 0.17417574 1.04989398 -0.29253531 0.2392838 0.98903143 -0.3061223 0.20639849 1.11173761 -0.30336595 0.24124694 1.51218903 -0.43459928 0.28461146 1.14167774 -0.29087687 0.27315068 1.22514153 -0.29933202 0.48096943 1.32058096 -0.31404012 0.48262119 1.60930955 -0.42252696 0.14441085 0.79859078 -0.3126449 -0.00990939 0.91789353 -0.30387133 0.17123175 0.81744385 -0.31087637 0.11374044 0.79222751 -0.31774461 0.06771326 0.96007299 -0.28995538 0.14357328 1.08081555 -0.30074477 0.24026537 1.0189718 -0.29599214 0.23830223 1.50927556 -0.43494093 0.34672546 1.54185152 -0.43882406 0.29830885 1.47784793 -0.41897058 0.46106935 1.14117837 -0.27969027 0.2888844 1.22097433 -0.30262774 0.57265139 1.25809526 -0.3020826 0.54730821 1.28886545 -0.30399096 0.48625207 1.3747381 -0.34119177 0.58698964 1.57705021 -0.43037713 0.22013736 1.64308727 -0.42366302 0.23560977 0.86918771 -0.30668783 0.18791056 0.80487943 -0.31508136 0.16467118 0.95865023 -0.31069613 0.21577024 1.04952693 -0.27969027 0.25084782 0.98804975 -0.30475092 0.23732066 1.12781966 -0.27969027 0.27271056 1.11102855 -0.27969027 0.26358414 1.50668895 -0.43538773 0.4261024 1.54054117 -0.44327104 0.37454247 1.50499654 -0.42195547 0.55892277 1.18945527 -0.30351537 0.5411458 1.29090929 -0.30636734 0.54690981 1.34775841 -0.32755828 0.55362058 1.42299306 -0.37088943 0.58238554 1.60871792 -0.43286753 0.28373575 1.69490516 -0.409302 0.18588686 0.82831597 -0.30895704 0.18360043 0.78280592 -0.32197589 0.13572049 1.08029652 -0.27969027 0.25661683 1.02195609 -0.28249705 0.26935005 1.573282 -0.44445169 0.37579131 1.50681055 -0.43404424 0.48118925 1.13265646 -0.30885053 0.51100969 1.20862973 -0.30086976 0.60238266 1.25520253 -0.31094545 0.64074731 1.3165189 -0.31331581 0.5471828 1.34694362 -0.3263194 0.61129308 1.39627433 -0.34228957 0.63946557 1.74213636 -0.4193089 0.29596782 1.73380601 -0.40159202 0.10480642 0.83593976 -0.31225598 0.24531174 0.89726985 -0.31021333 0.23847175 0.80205953 -0.32115304 0.2367835 0.94816017 -0.31095916 0.26225734 1.04891241 -0.26712704 0.27020574 0.98706818 -0.30137801 0.2682426 1.07983398 -0.26336718 0.27118731 1.53884614 -0.44430017 0.48439789 1.56922984 -0.44863629 0.49313664 1.49765265 -0.41165006 0.62596822 1.53205967 -0.43470871 0.55258965 1.11561453 -0.30853772 0.53163457 1.16278398 -0.29993749 0.58335114 1.31701696 -0.31834733 0.62308955 1.43833637 -0.35805273 0.67875075 1.64818823 -0.43488395 0.37970161 1.72556603 -0.42411411 0.3260324 1.79936826 -0.40275848 0.18739629 1.77498996 -0.40911973 0.25079513 0.86605942 -0.31104147 0.28521395 0.98608661 -0.29153895 0.2991643 1.62677348 -0.43942904 0.43569613 1.07396841 -0.30609006 0.48862171 1.22266459 -0.3038733 0.64715815 1.19272447 -0.29498053 0.61525488 1.27890658 -0.3169989 0.72193956 1.3460182 -0.32341939 0.65813804 1.40920496 -0.33523297 0.73300767 1.81184018 -0.41678679 0.2803371 0.83590901 -0.32315367 0.32571673 0.8933208 -0.30802679 0.29621959 0.95516503 -0.29841495 0.29818273 1.04793084 -0.26860714 0.30112743 1.57174039 -0.44417357 0.56010365 1.60156131 -0.44683385 0.48971891 1.46501744 -0.38116825 0.6634903 1.53602731 -0.43127084 0.63791299 1.08358848 -0.31155211 0.54708743 1.13186193 -0.30286121 0.58236957 1.22537637 -0.30959016 0.68979406 1.16180241 -0.29123497 0.61427331 1.30276048 -0.31759435 0.71845651 1.37494779 -0.33049089 0.66363621 1.37609053 -0.3237409 0.74355745 1.43660736 -0.34870219 0.73200727 1.68968117 -0.43310642 0.40610814 1.79297316 -0.42546344 0.33421564 0.88749731 -0.31086713 0.34564614 0.92424285 -0.30422425 0.29720116 1.0179919 -0.24875283 0.29927707 1.59456658 -0.44616818 0.56616759 1.65407622 -0.44277406 0.50029325 1.46893978 -0.37152052 0.76016855 1.49786699 -0.40920544 0.65479183 1.56563997 -0.44032896 0.63994479 0.98839188 -0.3113817 0.54591298 1.1917429 -0.28983831 0.64617658 1.16082084 -0.28963995 0.64519501 1.34347892 -0.31940413 0.73125124 1.40310347 -0.3291527 0.79785156 1.43049634 -0.3428086 0.78655624 1.84983504 -0.42107379 0.36872649 0.92326128 -0.29443502 0.32812309 0.95642483 -0.28079343 0.32917595 0.98351038 -0.24875283 0.29632545 1.49563289 -0.40800667 0.69618893 0.98226273 -0.31911463 0.59136224 1.1058563 -0.30938417 0.60207272 1.36813056 -0.31960064 0.85407269 1.70780504 -0.44260526 0.49469113 1.77083981 -0.43068349 0.39177299 0.92227972 -0.2993989 0.35904527 1.63930559 -0.44527364 0.55516338 1.499107 -0.40264106 0.74283385 1.5317589 -0.42666757 0.73198748 1.06903422 -0.31661069 0.59481716 1.11109519 -0.31183374 0.69169474 1.69009769 -0.4463191 0.55702257 1.73766506 -0.43561184 0.44764996 1.81387031 -0.42797267 0.44937134 1.6788317 -0.44709837 0.64965749 1.5231055 -0.41305566 0.79006171 1.73959005 -0.44304872 0.55808902 1.79345691 -0.43049598 0.5032227 0.36516225 -0.44792771 -0.70467687 0.37294161 -0.4391067 -0.80094433 0.45893252 -0.36954677 -0.8012085 1.18290865 -0.33139634 0.92447388 1.15141153 -0.33117497 0.92372262 0.24152762 -0.46361101 -0.50310731 0.20613796 -0.46343935 -0.54653001 0.14924195 -0.45795727 -0.5078547 1.10185254 -0.47119319 -3.22485065 0.25376266 -0.4691484 -0.61163592 1.14593911 -0.47255325 -3.19065523 1.09311569 -0.46962023 -3.16992331 0.33462721 -0.45914054 -0.6870997 0.30231273 -0.46839011 -0.61789465 0.24959677 -0.46827805 -0.67089558 1.06097341 -0.46592557 -3.17903662 1.13996005 -0.46951675 -3.1296649 0.40759009 -0.40033126 -0.86363792 0.4349016 -0.37739968 -0.8711741 0.19468647 -0.4685086 -0.64063787 1.04757607 -0.47478914 -3.13360023 1.03260028 -0.46396148 -3.19263411 1.08047354 -0.47757828 -3.10222912 0.14140299 -0.46228635 -0.57143545 0.3692463 -0.43590212 -0.84466934 0.34136105 -0.45340443 -0.7896769 1.09683704 -0.47612107 -3.10131645 1.15430093 -0.46460474 -3.1020155 0.302293 -0.46483529 -0.66759562 1.00205719 -0.47248459 -3.10627747 1.09437573 -0.47384989 -3.07049608 1.18780077 -0.45954514 -3.10127449 0.19610745 -0.46445203 -0.70071697 0.35075384 -0.43778896 -0.91987872 0.34058577 -0.44845092 -0.87616944 0.34114134 -0.45345521 -0.83561969 1.03294635 -0.47005415 -3.07378912 1.15282083 -0.45497954 -3.04164934 1.21795368 -0.45159149 -3.06761456 0.2876966 -0.46678591 -0.71581388 0.40165573 -0.40007472 -0.96452689 0.46918535 -0.34807253 -0.95508671 1.05305266 -0.47209191 -3.04604912 1.18388176 -0.45183039 -3.00653696 1.21447885 -0.4453969 -2.99873304 0.47008604 -0.34722316 -0.99484038 0.4335531 -0.36722493 -0.99119973 0.1453892 -0.4625634 -0.71131158 0.15009275 -0.46110499 -0.63150644 0.34998286 -0.43691063 -0.98203158 0.31115222 -0.45868075 -0.91248322 1.08975697 -0.46724987 -3.01080513 1.12236512 -0.46502829 -3.04428291 1.15296018 -0.44672203 -3.00751877 0.31179696 -0.46067345 -0.84911847 0.29500812 -0.46192276 -0.78825045 1.12203801 -0.45026898 -3.0085001 1.12853646 -0.44566524 -2.98358154 1.17716074 -0.4520731 -2.95519257 1.23666072 -0.43143439 -2.97276449 0.43979669 -0.35993433 -1.0182066 0.10508552 -0.45703101 -0.6293726 0.28063321 -0.46598017 -0.887676 0.23892438 -0.46245611 -0.81029153 0.41481125 -0.37455547 -1.03780174 1.21284056 -0.45075464 -2.94371128 0.44098288 -0.35859609 -1.07716417 0.38102776 -0.41310298 -1.01690245 0.31468028 -0.45672274 -1.00616336 0.28632647 -0.46787477 -1.00518489 0.1586923 -0.45936 -0.77897954 1.14651144 -0.45294154 -2.94289017 1.21185899 -0.45036983 -2.91278982 1.24433279 -0.43437767 -2.96070004 0.35197049 -0.43373764 -1.0327785 0.08132735 -0.46207738 -0.7141633 0.25095278 -0.46996415 -0.91455674 0.25108021 -0.46591425 -0.85506368 0.16116142 -0.46045983 -0.81162453 1.06453705 -0.46833158 -2.97913885 1.18093693 -0.44671488 -2.91377115 1.09696865 -0.45407689 -2.94791985 1.24376225 -0.44632936 -2.94272947 0.10266554 -0.45883274 -0.78265929 0.37603027 -0.39937806 -1.1047039 0.40484846 -0.37013161 -1.13464713 0.31431389 -0.45100784 -1.07332277 0.0025782 -0.46005487 -0.70021677 0.468494 -0.34044361 -1.54142523 0.53306079 -0.33882618 -1.55280972 0.51930881 -0.33070159 -1.57283831 0.42217368 -0.34422719 -1.30865145 0.45894313 -0.33650255 -1.3568635 0.41856116 -0.34134603 -1.35498476 0.55121255 -0.32231688 -1.60277843 0.51669163 -0.31364274 -1.60387421 0.48890334 -0.3106277 -1.59007978 1.15081692 -0.45163119 -2.88328934 1.12002027 -0.45520699 -2.90195084 1.17809689 -0.4486841 -2.88147354 1.24278069 -0.45324278 -2.91180801 0.25429457 -0.47510755 -0.98061323 0.41641825 -0.36004317 -1.22085381 0.33911484 -0.43115985 -1.1078043 1.03899586 -0.46030676 -2.91470146 1.06141806 -0.45786095 -2.89091635 0.0247829 -0.45954847 -0.73121762 0.38776875 -0.35773635 -1.32938862 0.48838717 -0.32661343 -1.57382011 0.42096817 -0.33716571 -1.42568493 0.39177948 -0.3453455 -1.37556171 0.55063885 -0.31662041 -1.6334753 0.521272 -0.31498075 -1.6346817 0.4893688 -0.30620837 -1.60474157 1.12025201 -0.4656148 -2.85517359 1.18059981 -0.46095359 -2.83185863 1.08009601 -0.46623564 -2.86002207 1.26517963 -0.45424581 -2.9001708 0.28958493 -0.46502268 -1.0675509 0.25524247 -0.47969198 -1.03644872 0.22680867 -0.47475529 -0.95177364 0.17845577 -0.47545803 -0.94838548 0.08637643 -0.46078777 -0.84431171 0.38946396 -0.37612498 -1.2065897 1.0253458 -0.45444202 -2.88775682 1.16761422 -0.46336806 -2.81846237 1.06017053 -0.46396315 -2.84403706 0.36605346 -0.4046663 -1.17336893 -0.05475801 -0.46531296 -0.7785306 -0.21890375 -0.48603749 -0.81127453 -0.11748822 -0.47342336 -0.81333447 -0.18195285 -0.47975039 -0.86478424 -0.24547097 -0.48301256 -0.89516234 -0.32978642 -0.50159669 -0.81096172 0.36870778 -0.37476277 -1.30567074 0.35685194 -0.37179303 -1.35584641 0.45746511 -0.3321681 -1.57480145 1.09157813 -0.47044897 -2.82547426 1.22499883 -0.46102178 -2.81962347 0.55317569 -0.32703757 -1.66462231 0.47296005 -0.3106277 -1.60526228 0.49022466 -0.31405866 -1.63170338 1.02436423 -0.44897795 -2.85683489 1.12268591 -0.46566021 -2.79540586 1.22767448 -0.45751917 -2.79179621 1.05860853 -0.47311723 -2.79573679 0.11907586 -0.46689963 -0.89849091 0.38609904 -0.3708241 -1.261199 1.02338266 -0.45428419 -2.82591343 1.17714429 -0.46348393 -2.78234291 1.00586891 -0.46369338 -2.79546356 0.32677341 -0.43407464 -1.18410969 0.26522148 -0.47642982 -1.15777302 0.99246061 -0.4495399 -2.82689476 1.12187397 -0.4551034 -2.74150419 1.05608439 -0.47049141 -2.759624 1.2279526 -0.45004725 -2.75318146 -0.0229305 -0.46197796 -0.82126069 1.02394235 -0.46818936 -2.76173115 1.18644071 -0.44667792 -2.72283792 -0.28718686 -0.48742366 -0.90982938 -0.07182315 -0.46385384 -0.8998692 0.98782074 -0.4614799 -2.76619053 0.953637 -0.46044242 -2.80105257 1.08228672 -0.45123672 -2.70266581 1.14071691 -0.43785942 -2.69674635 1.04970515 -0.46069682 -2.72088909 1.23762894 -0.44319451 -2.71624804 0.93361914 -0.44652271 -2.71686983 1.17511189 -0.43520069 -2.68461466 1.01577926 -0.45656621 -2.70314646 1.06934559 -0.45142925 -2.67311144 1.14460337 -0.43367851 -2.65792894 1.24016297 -0.43347609 -2.65068436 0.94472766 -0.44568229 -2.67806005 1.11124051 -0.4431181 -2.6683588 1.17310667 -0.42229605 -2.62088442 1.01826084 -0.45025587 -2.65887594 1.2026273 -0.41887951 -2.60384798 0.88306546 -0.4449085 -2.67898321 1.07933688 -0.44438171 -2.63841867 1.10910058 -0.44130337 -2.61228895 1.14025342 -0.43090284 -2.5884223 1.23527277 -0.40203953 -2.55477476 0.9213587 -0.43985868 -2.62200689 0.97685087 -0.4447633 -2.61608553 1.17755258 -0.41790509 -2.55642271 1.19806325 -0.41353345 -2.56450176 1.07703269 -0.43662632 -2.59418297 0.86901867 -0.44409561 -2.61947918 1.00911832 -0.4439894 -2.58100271 1.11145663 -0.43461919 -2.57350063 1.1671474 -0.41529298 -2.48626709 1.2180568 -0.39935005 -2.51474524 0.89584136 -0.43236554 -2.56451082 0.93121183 -0.42964125 -2.55628252 1.08615029 -0.4338696 -2.53408718 1.1364156 -0.42355013 -2.50329351 1.04645216 -0.44060898 -2.57755661 1.00891912 -0.43603861 -2.548841 1.04414153 -0.43519211 -2.53873348 0.88203144 -0.41608024 -2.50090122 0.9531976 -0.41400456 -2.4901967 1.10672164 -0.4160614 -2.46075201 1.02702832 -0.41571414 -2.48419571 -0.10632555 -0.46921742 -0.84997654 0.36032295 -0.35561836 -1.41218281 0.3912673 -0.34131408 -1.45729589 0.42583811 -0.34094977 -1.54439306 0.52029306 -0.32260936 -1.66635847 0.54260319 -0.34231281 -1.69886637 0.25680017 -0.4803406 -1.09675884 0.22532719 -0.48759091 -1.0550108 0.10698077 -0.47578216 -0.97415519 0.05408421 -0.46283937 -0.89619756 0.32016689 -0.43117225 -1.25592518 -0.37688267 -0.49529839 -0.9108007 -0.29319635 -0.48263788 -0.96050954 -0.13122524 -0.4663558 -0.89312291 -0.17413329 -0.46572351 -0.94374037 0.33139968 -0.40041256 -1.33997536 0.33573359 -0.37649143 -1.40419149 0.36236334 -0.3496623 -1.46410036 0.45851529 -0.3207292 -1.60673237 0.42292488 -0.34106529 -1.57589769 0.39517051 -0.34139884 -1.5292778 0.48878115 -0.33972156 -1.70759344 0.52421671 -0.35132694 -1.72744751 0.18332952 -0.48927212 -1.04509139 0.04252541 -0.46868718 -0.97202373 0.3481968 -0.4057951 -1.27041721 0.26708108 -0.4754343 -1.20837307 0.22669202 -0.49283624 -1.15120363 -0.03979629 -0.46285093 -0.93725491 -0.41745752 -0.49577641 -0.99111438 -0.11570282 -0.46120238 -0.9478631 0.36289692 -0.34649038 -1.53249216 0.41028494 -0.34431255 -1.60155964 0.45428461 -0.34034383 -1.6677618 0.46076429 -0.34139049 -1.69943142 0.45303071 -0.34635866 -1.73936224 0.72327077 -0.44258165 -3.11443233 0.83173347 -0.45678651 -3.10968637 0.18068475 -0.49529326 -1.10608363 0.1299904 -0.49331057 -1.09582829 0.00445089 -0.46530259 -0.95466447 0.28240865 -0.44247353 -1.33969593 0.26823997 -0.46862102 -1.25039816 -0.37351489 -0.4846499 -1.03018594 0.68857837 -0.43037879 -3.08545303 -0.26839036 -0.47098279 -1.02187967 0.90299046 -0.46471393 -3.11186934 0.33184975 -0.36198962 -1.49967241 0.30702305 -0.40880942 -1.3973484 0.42345607 -0.34368944 -1.64692163 0.72070706 -0.43479371 -3.05138302 0.75613642 -0.44522488 -3.08236742 0.84570372 -0.4487462 -3.07917833 0.00976998 -0.47355103 -1.05936933 -0.03659961 -0.46393585 -1.01348186 0.22736222 -0.49510026 -1.22073317 0.23722374 -0.47336316 -1.35586119 -0.44330561 -0.49307466 -1.08245349 -0.41106838 -0.48809624 -1.12980628 -0.4630613 -0.49659312 -1.13710141 0.65904045 -0.43239999 -3.04941559 0.69008911 -0.43404615 -3.05242205 0.81478167 -0.45074701 -3.08015966 0.94731963 -0.46636105 -3.13400936 0.8766259 -0.44830918 -3.07819653 -0.17240994 -0.46139312 -1.03580475 -0.10425301 -0.46079564 -1.07449651 -0.45448753 -0.49156499 -1.17005062 -0.53193021 -0.51427937 -1.17356825 0.30752099 -0.37557709 -1.53044462 0.33461362 -0.35846233 -1.55704689 0.3720268 -0.35370767 -1.64041662 0.7200532 -0.44244885 -3.02126074 0.75195634 -0.44253254 -3.05120087 0.78870833 -0.45495439 -3.0381155 0.95976627 -0.47166383 -3.09143066 0.875229 -0.44050777 -3.04656124 0.90633976 -0.44504941 -3.0470295 0.38645333 -0.35360408 -1.77062654 0.20071936 -0.49987698 -1.18282843 0.15521783 -0.50028801 -1.17008543 0.10135737 -0.49267626 -1.11746073 0.26950812 -0.44115674 -1.41310978 0.68856394 -0.44691908 -3.0243268 0.61675763 -0.44713569 -3.02012157 0.23151392 -0.48205948 -1.30564737 0.81264246 -0.45785606 -3.01738071 0.97748542 -0.46519232 -3.13583612 0.94488132 -0.46642172 -3.05775118 -0.31585664 -0.46996188 -1.09997892 -0.21673113 -0.46365905 -1.09101295 -0.4221732 -0.48836422 -1.19665003 -0.46499407 -0.49654496 -1.20044136 0.74983144 -0.44628382 -2.99098444 0.69483709 -0.45388412 -2.99125147 0.81166911 -0.45573342 -2.98778009 1.00325799 -0.46717405 -3.16703606 0.96905541 -0.47342849 -3.02776146 0.99933851 -0.47599268 -3.0508275 0.87421763 -0.44372642 -3.01547432 0.90609455 -0.44872999 -2.98650932 0.27096337 -0.41632533 -1.51696682 0.33310443 -0.36313224 -1.62977839 0.56469029 -0.46082926 -2.9726696 0.5386641 -0.45806372 -3.00677681 0.60125524 -0.45556867 -2.99311876 0.6572274 -0.45498204 -2.99230194 0.06369784 -0.49086916 -1.17052555 -0.07434404 -0.46459985 -1.10936403 0.23840141 -0.46645105 -1.40412998 0.74901164 -0.44621134 -2.95843506 0.68716788 -0.453089 -2.9603982 0.77993369 -0.44959903 -2.95745325 0.87368119 -0.44485331 -2.98543072 0.96757686 -0.46488154 -2.98335695 0.99835014 -0.47341347 -3.01242638 0.20217776 -0.4982022 -1.26277971 0.20354855 -0.49000502 -1.35662127 0.56249845 -0.46366358 -2.93340302 0.59440213 -0.45817375 -2.96334314 0.47784173 -0.45466149 -3.00614977 0.65624583 -0.44197655 -2.96137953 0.71456945 -0.45450759 -2.93096495 0.81106889 -0.45103407 -2.93793488 0.86349082 -0.43796408 -2.95188141 0.93505824 -0.45363104 -2.95319653 0.90362108 -0.44201779 -2.95352697 -0.35339075 -0.47139251 -1.17017698 -0.39294571 -0.4834168 -1.15379763 -0.44393492 -0.491431 -1.2280426 0.59342057 -0.45373869 -2.93242121 0.52923512 -0.46415353 -2.93477392 0.62532419 -0.44554067 -2.96236134 0.24437934 -0.439381 -1.5087533 0.75726128 -0.45660472 -2.92894411 0.66367495 -0.43345714 -2.92751074 1.02896333 -0.47472501 -3.0045557 0.98102546 -0.46421075 -2.94535589 0.30593038 -0.37492096 -1.60593987 0.27735174 -0.40188658 -1.57398462 0.33639175 -0.36342347 -1.68706703 0.56151688 -0.45795608 -2.9024806 0.63489109 -0.43486094 -2.9319725 0.47239065 -0.46008849 -2.91409254 0.33662981 -0.36351562 -1.78937721 0.74616838 -0.45828676 -2.89786625 0.71714973 -0.45398962 -2.8829608 0.80802751 -0.45105386 -2.89114094 0.83286297 -0.44470692 -2.89978886 0.90253115 -0.45013511 -2.91309595 0.97360742 -0.46410275 -2.92762613 1.06019437 -0.47358656 -3.01046324 0.16766328 -0.50212204 -1.24014807 -0.03159356 -0.47454476 -1.14686275 0.21120316 -0.47314656 -1.46202707 0.592439 -0.44999957 -2.90149927 0.52728581 -0.46065319 -2.90417385 0.42219222 -0.45793021 -2.98017502 0.6538707 -0.4269222 -2.87022352 0.6780026 -0.43504286 -2.88792133 0.87073469 -0.44338727 -2.89751768 1.02729404 -0.46681988 -2.94094753 0.92906392 -0.45392966 -2.8831954 -0.58796513 -0.52751184 -1.21139669 0.58051777 -0.43310428 -2.87203217 0.56053525 -0.44349217 -2.87155867 0.62752283 -0.43555093 -2.89836788 0.4743883 -0.45678985 -2.87684155 0.41053987 -0.45841479 -2.88305664 -0.12683277 -0.46560085 -1.17895889 0.73534203 -0.44789565 -2.83817625 0.6861217 -0.44098961 -2.82545519 0.82616174 -0.44671822 -2.84718132 0.87235606 -0.44371128 -2.85560989 0.96350217 -0.45060897 -2.88972044 -0.28761837 -0.46663141 -1.12493563 -0.18254997 -0.4631952 -1.1368649 0.52885473 -0.44781077 -2.85077095 0.74729991 -0.44453216 -2.81247616 0.6590122 -0.4321723 -2.83779573 0.62237942 -0.42168617 -2.86959553 0.93061686 -0.4572823 -2.8288579 0.99442375 -0.4490366 -2.88873863 0.9625206 -0.44730425 -2.85879803 0.3092922 -0.37329793 -1.64821863 0.12113836 -0.49968541 -1.22963476 0.55955368 -0.44284296 -2.84063721 0.44920152 -0.44537067 -2.82636976 0.50545996 -0.44237661 -2.81179571 0.63176227 -0.43259716 -2.80433416 0.78133142 -0.44560635 -2.80321503 0.85207319 -0.4526875 -2.76570368 0.90079451 -0.45100713 -2.80762196 0.99344218 -0.43825316 -2.8578167 0.04049319 -0.49387705 -1.23234701 -0.09166342 -0.47140932 -1.23365498 0.21040469 -0.46785355 -1.49576759 0.20451671 -0.48765409 -1.40198708 0.56416786 -0.4360652 -2.80568933 0.5904758 -0.42339039 -2.8396554 0.72476578 -0.44102764 -2.75442791 0.62139785 -0.42126036 -2.83867407 0.63001555 -0.4348762 -2.75539827 0.77137411 -0.44493783 -2.74887705 0.96153903 -0.4575069 -2.82787657 0.50028145 -0.43509138 -2.7779355 0.58949423 -0.43033814 -2.80873346 0.83475959 -0.45301068 -2.72432995 0.89407182 -0.44957292 -2.75043297 0.528193 -0.43015361 -2.78184652 0.67358494 -0.43083572 -2.68692827 0.7962923 -0.4443301 -2.67654371 0.58851266 -0.43131161 -2.77781153 0.86404216 -0.4523592 -2.72440577 0.55591118 -0.42813611 -2.77279377 0.52568728 -0.42302084 -2.74885273 0.59761196 -0.42652059 -2.71531057 0.71971893 -0.43312669 -2.68060684 0.58706754 -0.43102431 -2.74682188 0.83256197 -0.44617617 -2.67169189 0.49378365 -0.42133379 -2.71891212 0.60525692 -0.42077899 -2.68399572 0.72550547 -0.43234718 -2.65040684 0.77848232 -0.4426204 -2.63559341 0.8133558 -0.44740736 -2.61594677 0.54644662 -0.42281318 -2.71461296 0.54115927 -0.4226408 -2.68502283 0.61550838 -0.42077827 -2.65314245 0.6629138 -0.42726493 -2.65169716 0.58315575 -0.42217934 -2.64257288 0.70956218 -0.4330548 -2.59508181 0.75194204 -0.43879473 -2.58548975 0.83079863 -0.44408762 -2.58515739 0.6204409 -0.42973399 -2.5890069 0.66971338 -0.42943406 -2.62116766 0.59348333 -0.43282783 -2.57308769 0.67329192 -0.4278928 -2.54137516 0.70223212 -0.4281348 -2.53681374 0.17249691 -0.50040638 -1.31130171 -0.59558797 -0.52673101 -1.25217533 -0.63090253 -0.53000617 -1.30976915 -0.57435262 -0.51671278 -1.35164499 -0.69032514 -0.53419518 -1.36755466 -0.38961256 -0.474069 -1.24495506 0.22456396 -0.4402703 -1.62861013 0.26512522 -0.39956474 -1.64818096 0.30326259 -0.3717525 -1.71433353 0.08844629 -0.50142562 -1.30774164 0.1695922 -0.49569869 -1.44565725 0.17762595 -0.49673963 -1.3947649 -0.15786172 -0.46426439 -1.24411011 -0.46627316 -0.4928025 -1.29514313 -0.63926375 -0.52285635 -1.38757086 -0.39109704 -0.47273159 -1.3141675 -0.3241291 -0.46608019 -1.19003344 -0.22781548 -0.46420574 -1.21313858 -0.34546432 -0.46591628 -1.25161982 0.27426213 -0.38538265 -1.6957984 -0.30724156 -0.47643948 -2.83719921 0.29411691 -0.37507737 -1.79656696 0.3175056 -0.37212527 -1.88001728 -0.00683403 -0.49129832 -1.29567623 0.17716354 -0.47879183 -1.58451748 0.17694908 -0.48884356 -1.50250101 0.13797769 -0.50123465 -1.3275013 -0.1041432 -0.47451675 -1.32902145 -0.69288921 -0.52865028 -1.41154575 -0.48536903 -0.49282598 -1.34426546 -0.55234563 -0.50543058 -1.41905499 -0.53383535 -0.50578845 -1.38060474 -0.64458728 -0.51260209 -1.44575262 -0.30811179 -0.47486389 -2.78719139 -0.27543655 -0.46766448 -2.83666897 0.24487233 -0.40876722 -1.67827749 0.25250554 -0.38924181 -1.78068447 0.15948665 -0.47258353 -1.67542696 0.24784398 -0.39422059 -1.82388735 0.25338578 -0.39697051 -1.85814333 0.26560217 -0.39452207 -1.88991499 -0.21210279 -0.4644779 -2.86186075 0.33774012 -0.36480594 -1.93520451 0.14924809 -0.49939442 -1.50065374 0.14471045 -0.50055909 -1.43484879 0.11389813 -0.50020087 -1.40114927 -0.13957913 -0.47219324 -1.34873104 -0.27742797 -0.46523547 -2.8054738 -0.16744976 -0.46651149 -2.82539082 -0.18257231 -0.47039104 -2.86419487 -0.55600238 -0.49854612 -1.45128727 -0.46546257 -0.48377001 -1.41486073 -0.24392176 -0.46591711 -1.30306053 -0.38003767 -0.47045135 -1.34713316 0.15055841 -0.48485696 -1.63164043 0.19417477 -0.43711472 -1.71455145 -0.24704003 -0.46474326 -2.81893826 0.23672694 -0.40010357 -1.73900986 0.19589323 -0.42982686 -1.85552454 0.25808436 -0.39340198 -1.9443388 0.25333655 -0.39246368 -1.99583244 0.08013508 -0.49722731 -1.37584162 -0.08963221 -0.48062205 -1.38201189 -0.21545757 -0.45897985 -2.80333233 -0.15165044 -0.47108841 -2.86321354 0.14548832 -0.49562252 -1.5678978 -0.71542025 -0.51201081 -1.51255369 -0.52322054 -0.4868803 -1.47399664 -0.21643916 -0.4504621 -2.77241087 -0.18453549 -0.46070194 -2.802351 -0.12134252 -0.46502173 -2.86107492 -0.56546295 -0.48575938 -1.50125742 -0.29707026 -0.46712768 -1.36935902 0.11606926 -0.49596667 -1.63817263 0.22343487 -0.40725672 -1.78070641 0.1525808 -0.46528029 -1.72271538 -0.17348202 -0.46447408 -2.76970482 -0.15361363 -0.46209073 -2.80136919 -0.10606594 -0.46592355 -2.81379747 -0.08882493 -0.45045233 -2.89217186 0.18338531 -0.43948698 -1.89901209 0.14399889 -0.46383178 -1.8546319 0.24139309 -0.40634859 -1.92064476 0.27404469 -0.38710546 -2.03631735 -0.06733549 -0.4845016 -1.440135 -0.17421946 -0.47493839 -1.41091156 -0.0898065 -0.46217227 -2.8612504 -0.03237429 -0.4462595 -2.86165094 0.11339763 -0.50117016 -1.4619112 0.08140793 -0.49299371 -1.43345976 -0.61664927 -0.48963606 -1.5401206 -0.69134283 -0.49778271 -1.58675432 -0.15479149 -0.46657097 -2.76603413 -0.13007428 -0.46279526 -2.76966906 -0.35679543 -0.46957135 -1.40198803 -0.63644803 -0.48710847 -1.61859512 -0.7033602 -0.48809731 -1.66761827 0.12201503 -0.48820162 -1.69140339 0.12893641 -0.47485197 -1.77018881 -0.15557678 -0.45468736 -2.73952532 -0.09275126 -0.46199393 -2.76848459 -0.04482958 -0.45586395 -2.83011198 0.02824315 -0.45006073 -2.88314629 0.22779375 -0.40620196 -1.97359324 0.19417101 -0.41351879 -2.02473736 0.0160825 -0.492625 -1.4157176 0.11604112 -0.50164282 -1.5585146 -0.12465493 -0.45225143 -2.73854399 -0.06585765 -0.46469665 -2.77535343 0.00197747 -0.45317268 -2.82738352 0.00295907 -0.44740939 -2.85830545 0.10542709 -0.5034039 -1.49259949 -0.21650775 -0.47201204 -1.43633032 -0.48968351 -0.48222947 -1.47855377 -0.52888536 -0.4789257 -1.52099848 -0.42581671 -0.47687089 -1.46748924 -0.12563652 -0.44743776 -2.70762205 -0.09373283 -0.45283914 -2.73756218 -0.05970392 -0.46396244 -2.73648214 -0.02744895 -0.46523631 -2.76836252 0.0009959 -0.4537909 -2.79646158 0.04575562 -0.45520055 -2.85592031 -0.25974435 -0.46828306 -1.43794298 -0.29880837 -0.46954036 -1.46234369 -0.63192737 -0.47698319 -1.72411489 0.09678113 -0.49690831 -1.69082737 0.12530714 -0.47528028 -1.80369329 0.16416496 -0.44706166 -1.93404293 -0.09471443 -0.45338702 -2.70664024 0.03191799 -0.44599104 -2.79547977 0.10036972 -0.45622766 -2.88570404 0.12971416 -0.47132063 -1.88993979 0.20179588 -0.41343105 -2.10056114 0.00324738 -0.49541509 -1.48152685 -0.10455103 -0.48733437 -1.50607014 0.08418363 -0.50289941 -1.60325718 -0.095696 -0.45174575 -2.67571878 -0.03188911 -0.47132635 -2.73559904 -0.00015113 -0.46192408 -2.76032782 0.03289959 -0.4533937 -2.82640171 0.03093642 -0.43903947 -2.76455832 0.14392245 -0.45964158 -2.94646788 0.09543976 -0.45963013 -2.83888721 -0.57847226 -0.48148406 -1.56551838 -0.3783336 -0.47278273 -1.46036243 -0.06379256 -0.45446157 -2.70565891 -0.02147147 -0.46642673 -2.71731949 0.06283987 -0.45672107 -2.79449797 0.06298041 -0.46472025 -2.76026583 0.18365085 -0.45862627 -2.88242531 0.09634107 -0.46416569 -2.77459383 0.12376979 -0.45572209 -2.8422389 -0.29014382 -0.47126019 -1.49631453 -0.55307263 -0.47775316 -1.60869026 -0.58764136 -0.47804439 -1.69288826 -0.06477413 -0.45275021 -2.67473698 -0.00096726 -0.46983027 -2.73461771 0.0303835 -0.46531534 -2.74713993 0.15201753 -0.44791126 -2.76348734 0.10708478 -0.46510386 -1.97002029 0.14946091 -0.43457544 -2.02037191 0.15826643 -0.42945969 -2.10042191 0.0580883 -0.50313175 -1.65337324 0.03515288 -0.46730804 -2.73116684 0.15468597 -0.45069265 -2.79716349 0.23215187 -0.46665049 -2.88683033 0.05960971 -0.50317502 -1.7378788 0.12370223 -0.45814371 -2.76161337 -0.22452983 -0.47717059 -1.53853226 -0.38452107 -0.47238505 -1.52201557 -0.46636012 -0.47304237 -1.59050512 0.02897325 -0.46399903 -2.70271397 0.09914422 -0.46749139 -2.73263216 0.19303513 -0.4568119 -2.83070803 0.23008668 -0.45411146 -2.94505644 -0.50955302 -0.46987057 -1.63669348 0.15364248 -0.44234371 -2.72970963 0.18516076 -0.44515204 -2.7641983 -0.52442616 -0.47119343 -1.6713047 -0.54763436 -0.47429776 -1.70299911 0.08883873 -0.49630821 -1.75623417 0.09393862 -0.4887141 -1.81822968 0.1081602 -0.47504354 -1.9273591 0.07637656 -0.46599376 -2.71608686 0.25546134 -0.46457326 -2.8542285 0.25430638 -0.4645704 -2.91226244 0.18456435 -0.43560195 -2.72872829 0.12272063 -0.46021199 -2.73069143 0.15162295 -0.42805564 -2.14727354 -0.01801622 -0.50219154 -1.5965147 0.02455488 -0.50379241 -1.59354591 0.12173906 -0.45457697 -2.69976902 0.21744937 -0.44641209 -2.78959036 0.25360078 -0.46866727 -2.88221645 0.23951024 -0.44220281 -2.76462364 0.29834062 -0.46203578 -2.97395229 0.28420126 -0.45938206 -2.9422369 0.01537243 -0.50247169 -1.7084589 0.14367333 -0.4451561 -2.68792677 0.20888472 -0.43946028 -2.72444534 -0.16732293 -0.48325694 -1.58775473 -0.31368792 -0.46875787 -1.5635314 -0.48594952 -0.46558177 -1.68817568 0.31509036 -0.459023 -2.87878895 0.30900156 -0.44646418 -2.81527042 0.31932801 -0.45618033 -2.90929699 0.18358278 -0.43719006 -2.69780588 -0.56255019 -0.47278512 -1.73865891 -0.6069144 -0.46815801 -1.7606082 0.06338137 -0.49574494 -1.81580973 0.31217837 -0.45723557 -2.84848976 0.31029707 -0.44223905 -2.79011917 0.35635793 -0.46065152 -3.0028038 0.01811606 -0.50034237 -1.73574114 0.09638241 -0.4852668 -1.8861022 0.19426405 -0.43597281 -2.66677046 0.24524558 -0.44150686 -2.69910049 0.06745553 -0.49038661 -1.91257381 0.37205172 -0.45950139 -2.84268332 0.34877074 -0.45156038 -2.80051565 0.26881945 -0.44139409 -2.75717306 0.37086481 -0.45679176 -2.95555687 0.06965247 -0.47719371 -2.00150967 0.38131142 -0.45858014 -2.88592577 0.14237469 -0.43769062 -2.61485958 0.21254146 -0.42960501 -2.63498068 0.2453084 -0.43431282 -2.66531849 0.31211108 -0.44138777 -2.75651693 0.1960867 -0.43370914 -2.62268066 0.27679974 -0.43859291 -2.69973993 0.37281692 -0.44840801 -2.75729227 0.31186908 -0.44432008 -2.72184992 0.23799187 -0.42765689 -2.62005901 0.28985667 -0.43899751 -2.66183662 0.43110824 -0.44310093 -2.81263781 0.36698216 -0.44697344 -2.71951628 0.27203864 -0.43512309 -2.63309193 0.33029395 -0.44789612 -2.67325783 0.42243713 -0.44362259 -2.78853035 0.37051672 -0.45623326 -2.63135004 0.27260607 -0.43420458 -2.57981777 0.3073414 -0.44588995 -2.61093807 0.42442578 -0.44581878 -2.65691805 0.40016508 -0.44505632 -2.69701529 0.33627224 -0.45292354 -2.61291361 0.46402639 -0.43853331 -2.76510715 0.44241691 -0.43468249 -2.72154522 0.30334413 -0.44280791 -2.57019234 0.33565301 -0.44975281 -2.56164408 0.29053789 -0.44372201 -2.54031134 0.09154198 -0.45128155 -2.6914053 0.12173906 -0.45457697 -2.69976902 0.07637656 -0.46599376 -2.71608686 0.12075749 -0.44419599 -2.66884756 0.05891353 -0.45611358 -2.6708107 0.14367333 -0.4451561 -2.68792677 0.10389659 -0.44136119 -2.64346647 0.02897325 -0.46399903 -2.70271397 0.02799168 -0.46312928 -2.67179251 0.05660117 -0.45319629 -2.62478161 0.14237469 -0.43769062 -2.61485958 -0.02147147 -0.46642673 -2.71731949 0.02701008 -0.45755935 -2.64087009 0.09182921 -0.44967711 -2.60584497 -0.00293043 -0.45719862 -2.67277384 -0.02463785 -0.45373213 -2.64897251 0.0512591 -0.45698988 -2.56803417 0.00392756 -0.45470762 -2.60481453 -0.03385228 -0.45019722 -2.67375565 0.10545078 -0.45477319 -2.57339954 0.1960867 -0.43370914 -2.62268066 -0.06477413 -0.45275021 -2.67473698 -0.05452874 -0.4594934 -2.59354734 -0.0029313 -0.46627235 -2.52693558 0.0851385 -0.45862675 -2.52382755 0.14337817 -0.44904709 -2.49389505 -0.0909752 -0.4589963 -2.64640665 -0.041881 -0.46324468 -2.55617523 0.06121436 -0.46212959 -2.50504637 0.11584958 -0.4542172 -2.51423788 0.24165046 -0.43560934 -2.57688236 -0.09388003 -0.45942748 -2.60098982 -0.10815494 -0.45672953 -2.55477524 -0.04441378 -0.46900058 -2.51394939 0.02165779 -0.4615469 -2.4731741 0.0891383 -0.46578932 -2.46162891 0.23799187 -0.42765689 -2.62005901 0.1108709 -0.46129715 -2.46982145 0.14471096 -0.44981384 -2.4347806 -0.095696 -0.45174575 -2.67571878 -0.12398654 -0.46811283 -2.61558628 -0.02116549 -0.46801043 -2.49098206 -0.12307128 -0.46302879 -2.63464069 -0.15751041 -0.47133231 -2.58471775 -0.12878947 -0.46537292 -2.52181387 -0.07776064 -0.4734298 -2.49006605 -0.01548278 -0.46236098 -2.39859152 0.02161223 -0.46034288 -2.40227175 0.0836376 -0.46480918 -2.41879416 0.11437494 -0.45822549 -2.38673115 -0.12661809 -0.44239283 -2.67670012 -0.1607756 -0.46484089 -2.64611387 -0.1595031 -0.47535515 -2.61583805 -0.15881793 -0.46050787 -2.55442572 -0.05051005 -0.47151005 -2.46388817 -0.12563652 -0.44743776 -2.70762205 -0.15753995 -0.44308114 -2.67768192 -0.19095781 -0.47036362 -2.58545113 -0.16244785 -0.45767474 -2.52307224 -0.13250758 -0.47468567 -2.4911685 -0.1151197 -0.4797138 -2.4587698 -0.04648539 -0.4641242 -2.39130688 -0.00286561 -0.45577073 -2.36328745 0.07117677 -0.46100736 -2.35869122 -0.19506758 -0.46393311 -2.6743288 -0.19042496 -0.47810102 -2.61681986 -0.19238813 -0.45667934 -2.55497551 -0.16324951 -0.46810234 -2.49781847 -0.0726268 -0.47386527 -2.42736197 -0.15655838 -0.44202399 -2.70860338 -0.18944339 -0.47506595 -2.64774132 -0.18748023 -0.44348431 -2.70958519 -0.22134706 -0.47738504 -2.61780119 -0.22331023 -0.45766401 -2.55595732 -0.19336972 -0.44482565 -2.52405405 -0.1760073 -0.47872698 -2.45845318 -0.12989216 -0.48066008 -2.42856312 -0.12281118 -0.47593021 -2.40324783 -0.06880474 -0.44791389 -2.33599663 0.00350598 -0.44130695 -2.30070543 -0.15557678 -0.45468736 -2.73952532 -0.22290811 -0.48164105 -2.64704037 -0.21981674 -0.47405136 -2.68082619 -0.22816077 -0.46587813 -2.57871866 -0.19443502 -0.46533918 -2.4931941 -0.10533285 -0.45687723 -2.34767866 -0.22008877 -0.45506001 -2.71202755 -0.25213194 -0.46887147 -2.59412479 -0.25652072 -0.46506023 -2.53298807 -0.2242918 -0.45091367 -2.52503538 -0.17742607 -0.48314941 -2.42911863 -0.22299789 -0.47583783 -2.46126842 -0.1364339 -0.47241855 -2.36748123 -0.11079432 -0.45126235 -2.30352402 -0.17348202 -0.46447408 -2.76970482 -0.29003704 -0.48052251 -2.68289948 -0.21742074 -0.44401693 -2.74148893 -0.3151089 -0.47326362 -2.55971384 -0.17153719 -0.48634005 -2.39894485 -0.16836813 -0.4695226 -2.30924559 -0.29962504 -0.48833072 -2.65263653 -0.24834259 -0.44395232 -2.74247026 -0.28100869 -0.46497142 -2.71222067 -0.27128875 -0.47490942 -2.60995293 -0.28613552 -0.47145891 -2.52699852 -0.25091404 -0.46709895 -2.4946413 -0.25920731 -0.48787057 -2.43322897 -0.16735576 -0.48691654 -2.36846256 -0.16561382 -0.47007871 -2.27796316 -0.21643916 -0.4504621 -2.77241087 -0.35756454 -0.5010103 -2.65013456 -0.31968254 -0.47458744 -2.71256304 -0.3466787 -0.49578023 -2.59285879 -0.31705737 -0.46648216 -2.52798033 -0.28925988 -0.47632742 -2.46774387 -0.25224441 -0.49297774 -2.40311861 -0.19827762 -0.49160075 -2.36944437 -0.20122236 -0.4814949 -2.27667856 -0.33587101 -0.4992305 -2.62059689 -0.247361 -0.4478159 -2.7733922 -0.30939239 -0.47132611 -2.74347353 -0.34699789 -0.48741817 -2.55988359 -0.34812084 -0.46741045 -2.524508 -0.32180646 -0.46754205 -2.4971776 -0.31379241 -0.48894298 -2.42135143 -0.25313854 -0.49081099 -2.36827087 -0.20190547 -0.48194706 -2.315804 -0.20134462 -0.48156524 -2.23384142 -0.37595659 -0.50730133 -2.62270927 -0.24704003 -0.46474326 -2.81893826 -0.27833641 -0.45860803 -2.77495766 -0.3760753 -0.50157154 -2.57659674 -0.34997118 -0.46660781 -2.48086357 -0.29660702 -0.49764431 -2.38782787 -0.23213074 -0.49022901 -2.29110003 -0.1712821 -0.47693539 -2.24477482 -0.23312604 -0.484025 -2.24673796 -0.41308787 -0.50837338 -2.62128592 -0.27742797 -0.46523547 -2.8054738 -0.30811179 -0.47486389 -2.78719139 -0.37890133 -0.48691726 -2.52994347 -0.35455731 -0.46257818 -2.49991989 -0.32889232 -0.49734044 -2.40231609 -0.26252916 -0.4914341 -2.31755209 -0.23018131 -0.48754168 -2.33950377 -0.23559007 -0.4791677 -2.19940329 -0.40942878 -0.49637949 -2.56037521 -0.3808645 -0.4773078 -2.46809959 -0.37965471 -0.49491107 -2.43368769 -0.37960052 -0.50872302 -2.37479734 -0.37931263 -0.51132667 -2.349154 -0.26461405 -0.49062467 -2.28024387 -0.27538505 -0.47839963 -2.19822931 -0.40982318 -0.49183893 -2.5309248 -0.3798829 -0.47187424 -2.49902153 -0.33724025 -0.50109422 -2.2899766 -0.29773527 -0.48875201 -2.23889542 -0.2318726 -0.46495068 -2.12659454 -0.44130075 -0.4901613 -2.56564093 -0.43820873 -0.48911619 -2.52791595 -0.41178635 -0.48231888 -2.4690814 -0.42209142 -0.49027872 -2.44576406 -0.40955672 -0.50152409 -2.39963198 -0.38755083 -0.51655054 -2.28403759 -0.29693294 -0.47742486 -2.1868577 -0.26711348 -0.46732068 -2.15114784 -0.41080478 -0.48347759 -2.50000286 -0.42308548 -0.51513588 -2.34853935 -0.34072345 -0.50132251 -2.24939585 -0.35354736 -0.50343633 -2.21904898 -0.26797423 -0.45502973 -2.12403154 -0.25790378 -0.46256304 -2.09087372 -0.46181357 -0.48487377 -2.46786642 -0.47600681 -0.48784637 -2.43142748 -0.47705939 -0.49653876 -2.38945246 -0.41810408 -0.51892602 -2.2676816 -0.41324407 -0.51583934 -2.22219801 -0.3103168 -0.47064757 -2.14975786 -0.34963864 -0.49520361 -2.18501759 -0.2988961 -0.45517111 -2.12501335 -0.41072074 -0.5089649 -2.1907692 -0.32989034 -0.46523273 -2.12608147 -0.36077425 -0.47524166 -2.12136459 -0.39281881 -0.48690307 -2.13928795 -0.45154268 -0.5116241 -2.19176531 -0.34165052 -0.46391094 -2.09515905 -0.39767393 -0.46751606 -2.05264997 -0.44942957 -0.49563384 -2.14139462 -0.36706451 -0.46742666 -2.05317974 -0.43825948 -0.46914268 -2.06670904 -0.4443875 -0.46543014 -2.03916073 -0.4149386 -0.46835208 -1.99346828 -0.48321658 -0.49640179 -2.12988758 -0.51677334 -0.47176278 -2.03766108 -0.48849183 -0.4763515 -2.06759071 -0.47997901 -0.46541297 -1.99227095 -0.56329811 -0.49633074 -2.12124634 -0.45563552 -0.46608746 -1.93775511 -0.51951557 -0.46344852 -1.9500761 -0.57049245 -0.47733247 -2.06933022 -0.49141216 -0.46185315 -1.94370604 -0.54787171 -0.4689877 -2.00378752 -0.58013827 -0.46917963 -2.04108191 -0.60498333 -0.48100924 -2.08113098 -0.49228036 -0.47116995 -1.88352728 -0.60082239 -0.46805704 -2.02859116 -0.55008006 -0.46730769 -1.90079832 -0.6034469 -0.46756101 -1.91560936 -0.49969119 -0.47326326 -1.85436678 -0.64959311 -0.47205853 -1.9758997 -0.57970309 -0.47024465 -1.85609484 -0.6747728 -0.47905314 -2.01553535 -0.64806837 -0.47128093 -1.91779375 -0.60182023 -0.46969867 -1.83535814 -0.74590451 -0.49106574 -1.96421003 -0.72630751 -0.48523653 -1.91390657 -0.67285329 -0.4728061 -1.84977102 -0.54011464 -0.46088505 -1.79563427 -0.63752425 -0.47114182 -1.80875778 -0.70566857 -0.47917569 -1.83969831 -0.6069144 -0.46815801 -1.7606082 0.08037099 -0.46553457 -2.0603857 0.10029128 -0.4511956 -2.12488222 -0.9943952 -0.5084393 -2.64234066 -0.87531048 -0.52205801 -2.63816357 -0.9489004 -0.5107044 -2.63834953 -0.52852893 -0.46892583 -1.73081779 -0.54011464 -0.46088505 -1.79563427 -0.96351749 -0.52016079 -2.58905697 -0.90537614 -0.52753413 -2.60966587 -0.8432343 -0.52303612 -2.63349009 0.03427619 -0.4952718 -1.79293108 -0.7766155 -0.51781631 -2.67808819 -0.93198353 -0.52584386 -2.58469486 -0.87415999 -0.53033781 -2.61181545 -0.80886352 -0.52270412 -2.63645124 0.04272589 -0.49837589 -1.86442566 -0.76839948 -0.52018058 -2.63752317 -0.74816179 -0.5128125 -2.67025661 -0.96985835 -0.52433217 -2.54017639 -0.9037354 -0.5284965 -2.57305145 -0.85640478 -0.53408492 -2.57672548 -0.80984515 -0.51759601 -2.60552931 -0.93549591 -0.52251339 -2.54761171 -0.78516567 -0.52099228 -2.57155132 -0.77892327 -0.52223468 -2.6045475 -0.70598137 -0.51039207 -2.66103268 -0.9355638 -0.51955652 -2.50314379 -0.9036932 -0.51961946 -2.54684973 -0.84418887 -0.52668083 -2.54754829 -0.73590326 -0.51965737 -2.60325623 -0.01870242 -0.48646772 -1.77537489 -0.70385444 -0.49562597 -2.70054007 -0.66821444 -0.51154244 -2.63537025 -0.95070893 -0.52332485 -2.45564556 -0.8937853 -0.51075959 -2.49597883 -0.8101331 -0.51935852 -2.52597713 -0.71435761 -0.51492727 -2.57446527 -0.04972208 -0.49869263 -1.6353898 -0.65305459 -0.49683046 -2.70443058 -0.62308621 -0.50835347 -2.67094564 -0.99993891 -0.52239239 -2.45562315 -0.84362757 -0.51828229 -2.51259232 -0.74774957 -0.51262569 -2.5445919 -0.67292273 -0.51123357 -2.60320282 -0.62651938 -0.51035392 -2.60447741 -0.94744372 -0.51227379 -2.38825274 -1.01989102 -0.52383077 -2.50128794 -0.89809853 -0.51854432 -2.45317888 -0.81240225 -0.51389492 -2.48096561 -0.76139987 -0.51244617 -2.50991535 -0.68070233 -0.51301873 -2.52937317 -0.6260103 -0.51066196 -2.56101084 -0.25119469 -0.47084451 -1.63572788 -0.6397028 -0.49632168 -2.72440481 -0.55939281 -0.51612782 -2.66920519 -1.00746346 -0.51156485 -2.39877129 -0.92289746 -0.52096975 -2.422369 -1.06389546 -0.52787411 -2.4476881 -0.84567487 -0.51369524 -2.45190144 -0.70153445 -0.51420557 -2.49890661 -0.39082056 -0.4653827 -1.61084795 -0.4336462 -0.46581686 -1.62451887 -0.55830455 -0.51103842 -2.73718882 -0.59473932 -0.5115031 -2.61208725 -0.99072403 -0.50920618 -2.36498165 -0.909482 -0.5107038 -2.3920207 -0.84665644 -0.51105309 -2.42097902 -0.78261328 -0.50980628 -2.47062159 -0.72100568 -0.50669217 -2.47889709 -0.65993285 -0.50909066 -2.46942759 -0.60477704 -0.50283062 -2.50647449 -0.59470814 -0.50391614 -2.5578146 -0.48699796 -0.45932829 -1.73368788 -0.52716303 -0.51172161 -2.73877001 -0.56202716 -0.50977945 -2.6140275 -1.06495655 -0.51433897 -2.37812042 -0.92298084 -0.50659704 -2.3553896 -0.84945458 -0.5007093 -2.38994265 -0.81573462 -0.51141572 -2.41999769 -0.7516771 -0.49658346 -2.44822502 -0.68933254 -0.5074091 -2.44202328 -0.47453904 -0.51202643 -2.68989182 -0.56510669 -0.49493515 -2.56889057 -0.5029245 -0.50640607 -2.62702131 -1.03177071 -0.50932181 -2.31039143 -0.85235643 -0.49626732 -2.36227989 -0.81671619 -0.50613594 -2.38907623 -0.78481275 -0.50906181 -2.41901588 -0.7609874 -0.49625278 -2.41825962 -0.72205967 -0.49623013 -2.44793701 -0.60891247 -0.50174677 -2.45599699 -0.53610992 -0.48630047 -2.56483412 -0.00050393 -0.49641085 -1.83589077 -0.50604928 -0.51179826 -2.65924406 -0.49154788 -0.50813878 -2.75843477 -0.51653028 -0.49149334 -2.58535051 -0.99741566 -0.51496744 -2.21180105 -0.91668922 -0.50839674 -2.31233883 -0.78579432 -0.51285076 -2.38809443 -0.75389087 -0.4856298 -2.41803455 -0.6921919 -0.49905789 -2.4115057 -0.74955052 -0.49625278 -2.41789675 -0.62923181 -0.5022167 -2.41533375 -0.55515176 -0.4965905 -2.51030731 -0.45099723 -0.5113194 -2.65656757 -0.46241221 -0.5036447 -2.75839233 -0.44077262 -0.5071373 -2.62623739 -0.93465132 -0.51225567 -2.27163076 -0.81751299 -0.49448538 -2.36397552 -0.858504 -0.50071061 -2.33272266 -0.75424314 -0.49625278 -2.40693665 -0.72296882 -0.49892902 -2.41705275 -0.66131532 -0.49613619 -2.38481712 -0.56727564 -0.50019658 -2.40932465 -0.54429585 -0.49830401 -2.47674322 -0.5136413 -0.48641431 -2.53271866 0.03571817 -0.49733257 -1.90488768 -0.42498735 -0.5051713 -2.68500376 -0.42992327 -0.49938607 -2.71855354 -0.48509631 -0.4869293 -2.56537151 -0.44130075 -0.4901613 -2.56564093 -0.9480831 -0.51440561 -2.19731665 -0.81866181 -0.49660933 -2.32778597 -0.82786942 -0.5183202 -2.23734379 -0.85422248 -0.51080167 -2.29758358 -0.7864337 -0.49608886 -2.35774136 -0.75487244 -0.50518489 -2.38711309 -0.73482263 -0.49526691 -2.38787365 -0.69302851 -0.48836803 -2.38514948 -0.62661481 -0.50616241 -2.36790133 -0.59809732 -0.51168501 -2.35299778 -0.50357056 -0.48851705 -2.50294781 -0.40587911 -0.50758433 -2.6568718 -0.41447338 -0.49509692 -2.74762106 -0.41308787 -0.50837338 -2.62128592 -1.03460026 -0.51714563 -2.12116289 -0.8559705 -0.51699543 -2.23348904 -0.66353124 -0.49642277 -2.35667181 -0.5348174 -0.49760401 -2.39675951 -0.57032245 -0.50767064 -2.35030127 -0.50359172 -0.48872292 -2.45625496 -0.47378144 -0.48463798 -2.5222187 -0.37060934 -0.49689257 -2.80394459 -0.31968254 -0.47458744 -2.71256304 -0.43820873 -0.48911619 -2.52791595 -0.93250376 -0.51068306 -2.104846 -0.8818109 -0.51133251 -2.11414242 -0.78774381 -0.49803567 -2.32668114 -0.80303681 -0.52077186 -2.19765329 -0.79723799 -0.508178 -2.29619455 -0.75585401 -0.5076561 -2.35619068 -0.72404402 -0.49668753 -2.36963177 -0.69742441 -0.49582934 -2.35356903 -0.63314772 -0.5123086 -2.32134247 -0.66406989 -0.51038504 -2.3223238 -0.57140064 -0.49805915 -2.31633615 -0.35756454 -0.5010103 -2.65013456 -0.36008662 -0.4845053 -2.74360037 -0.7875396 -0.51998186 -2.23954296 -0.6022259 -0.50926828 -2.32036066 -0.53038299 -0.50476992 -2.34239292 -0.50494051 -0.49595833 -2.3906889 -0.54038215 -0.50376439 -2.31839752 -0.46181357 -0.48487377 -2.46786642 -0.30939239 -0.47132611 -2.74347353 -0.33902791 -0.48854804 -2.8007164 -0.8604359 -0.51224411 -2.03826237 -0.82617688 -0.51486254 -2.09853315 -0.75183511 -0.51486015 -2.31602669 -0.76154882 -0.51825368 -2.19982147 -0.72414541 -0.51581383 -2.32353687 -0.63559067 -0.5104605 -2.29132271 -0.59842825 -0.49887311 -2.28928757 -0.47600681 -0.48784637 -2.43142748 -0.5683955 -0.49365807 -2.28666019 -0.30811179 -0.47486389 -2.78719139 -0.79562426 -0.51505232 -2.12467766 -0.76057893 -0.52113152 -2.25540352 -0.52534628 -0.51196277 -2.28647995 -0.47277594 -0.51606202 -2.31470394 -0.47705939 -0.49653876 -2.38945246 -0.82660562 -0.51175952 -2.03629732 -0.78283101 -0.5084703 -2.044065 -0.72689515 -0.52062464 -2.29336548 -0.73479378 -0.50705731 -2.12523127 -0.71230328 -0.51049542 -2.19745302 -0.69597328 -0.51958537 -2.29238367 -0.64684415 -0.50063872 -2.25173807 -0.47951978 -0.52129936 -2.28551292 -0.57263744 -0.49625278 -2.27737474 -0.54234535 -0.51540041 -2.25655365 -0.81067741 -0.5032053 -1.96678114 -0.72750056 -0.51998758 -2.25559473 -0.59432304 -0.49738204 -2.25782204 -0.53724664 -0.51930666 -2.2340107 -0.47587857 -0.52295899 -2.25453758 -0.42308548 -0.51513588 -2.34853935 -0.69945037 -0.49687934 -2.09525204 -0.69695485 -0.51513243 -2.26146173 -0.69876719 -0.50549364 -2.13960266 -0.68849802 -0.50709164 -2.2252984 -0.63654196 -0.49578285 -2.23296022 -0.41810408 -0.51892602 -2.2676816 -0.74590451 -0.49106574 -1.96421003 -0.69473863 -0.50749969 -2.16680908 -0.64329159 -0.5000304 -2.19876051 -0.60133827 -0.49510348 -2.22885084 -0.50389743 -0.52196765 -2.22634172 -0.41324407 -0.51583934 -2.22219801 -0.65288109 -0.48312867 -2.09519482 -0.6747728 -0.47905314 -2.01553535 -0.64323914 -0.49606109 -2.16781664 -0.60602188 -0.49736822 -2.20078039 -0.57479656 -0.50805342 -2.16372919 -0.45056111 -0.52110314 -2.22268724 -0.57523036 -0.51101971 -2.19569159 -0.63910663 -0.48597014 -2.13128948 -0.51178813 -0.51205719 -2.18714571 -0.45154268 -0.5116241 -2.19176531 -0.60082239 -0.46805704 -2.02859116 -0.60498333 -0.48100924 -2.08113098 -0.62454784 -0.4963249 -2.16418982 -0.54345059 -0.4985019 -2.12909508 -0.61524653 -0.490538 -2.13773584 -0.56329811 -0.49633074 -2.12124634 -0.44942957 -0.49563384 -2.14139462 -0.48321658 -0.49640179 -2.12988758 0.03559986 -0.48785019 -1.99791765 0.04886961 -0.47393453 -2.10465431 -0.00880754 -0.48852193 -1.80539894 -0.02174494 -0.50012922 -1.6789155 -0.08141902 -0.48383415 -1.77162123 -0.16069081 -0.4814949 -1.70401287 -0.30700767 -0.46472776 -1.67088699 -0.35287279 -0.46120048 -1.66122532 -0.4962067 -0.45955586 -1.75983953 -0.42806706 -0.45747662 -1.68416595 -0.44445008 -0.45461059 -1.76818848 -0.49256235 -0.46368194 -1.78708935 -0.49528688 -0.46601713 -1.81699562 -0.57970309 -0.47024465 -1.85609484 -0.03213322 -0.4996084 -1.86935806 0.00247052 -0.50140333 -1.86782217 0.00411779 -0.49985695 -1.91223049 0.00683081 -0.49296796 -1.99862432 -0.07500654 -0.48356569 -1.81106234 -0.11260381 -0.48450494 -1.75250053 -0.24674824 -0.47409153 -1.77460146 -0.34065074 -0.46041727 -1.7055397 -0.36039311 -0.4567734 -1.76403952 -0.49969119 -0.47326326 -1.85436678 0.00834465 -0.48182678 -2.10703802 -0.08552521 -0.48595715 -1.83874655 -0.12242112 -0.48336458 -1.84782696 -0.30408028 -0.46432889 -1.77777529 -0.39459488 -0.45092654 -1.81692696 -0.42256245 -0.45161033 -1.83602762 -0.46202978 -0.46536207 -1.85142422 -0.02708361 -0.50119436 -1.9017849 -0.02101594 -0.49392045 -1.9943161 -0.06625146 -0.49609292 -1.91189671 -0.33379912 -0.45390487 -1.84749222 -0.49228036 -0.47116995 -1.88352728 -0.03876048 -0.48410773 -2.1079998 -0.1421248 -0.48109114 -1.90059805 -0.25058749 -0.46991384 -1.87388134 -0.36576629 -0.45157707 -1.85512018 -0.4064649 -0.46007288 -1.88349771 -0.46135849 -0.47095942 -1.88254595 -0.05371374 -0.48897219 -2.0223527 -0.32943276 -0.45434046 -1.87462711 -0.45563552 -0.46608746 -1.93775511 -0.11930478 -0.47817147 -2.09512234 -0.13946483 -0.47654617 -1.98081732 -0.23292404 -0.46955168 -1.91376162 -0.28151718 -0.46558404 -1.90511131 -0.38000783 -0.4603765 -1.90918446 -0.42340386 -0.46454418 -1.91156197 -0.15997365 -0.47493005 -2.0593977 -0.19049409 -0.47264886 -1.94397306 -0.29480311 -0.46957409 -1.93635035 -0.4149386 -0.46835208 -1.99346828 -0.20286807 -0.4691304 -2.11061525 -0.18845235 -0.47239554 -2.01192951 -0.25318253 -0.47235799 -1.9694376 -0.35788688 -0.46360528 -1.92655849 -0.23429969 -0.46968317 -2.05838156 -0.35122415 -0.46814668 -1.99422836 -0.25790378 -0.46256304 -2.09087372 -0.27349055 -0.47017384 -2.0089879 -0.2988961 -0.45517111 -2.12501335 -0.29987767 -0.45139623 -2.09409189 -0.34165052 -0.46391094 -2.09515905 -0.2885223 -0.46621597 -2.06043673 -0.36706451 -0.46742666 -2.05317974 -0.33042422 -0.46564686 -2.06645489 2.24147224 -0.34156537 0.58958364 2.27633381 -0.3725028 0.60732651 1.90491045 -0.41846561 0.60690928 1.87496984 -0.42515469 0.57500553 1.87269676 -0.43392754 0.63789368 1.81945956 -0.43493974 0.57019019 2.21520233 -0.33872986 0.58293366 1.90589201 -0.42258096 0.5759871 -1.20998311 -0.49860895 -2.56197071 1.92403972 -0.40344024 0.60751653 1.8650912 -0.421996 0.53796387 2.21222591 -0.37372839 0.55728889 2.19005489 -0.34494567 0.58500743 2.02686119 -0.4028765 0.61078048 2.06237364 -0.40415561 0.58518624 2.03323889 -0.40338051 0.57988 1.99767625 -0.40645242 0.60985398 1.96930444 -0.40252066 0.61319232 1.96769392 -0.40481043 0.57926536 -1.17058945 -0.5090574 -2.5553093 1.90687358 -0.4151535 0.5450654 1.93676245 -0.40553498 0.57858634 1.79345691 -0.43049598 0.5032227 -1.11836958 -0.51230752 -2.58542013 2.06329441 -0.41729462 0.55078888 1.99865782 -0.40817952 0.57893181 -1.08554327 -0.51944315 -2.6162076 -1.09653711 -0.51472569 -2.55161762 1.83701003 -0.4260689 0.49881315 1.87276518 -0.42486823 0.50453424 1.81387031 -0.42797267 0.44937134 2.18522787 -0.36976242 0.55209684 -1.04825473 -0.52222323 -2.56183481 -1.0980252 -0.51786649 -2.52788401 2.15339804 -0.36642909 0.55318737 2.15157652 -0.37191892 0.58586597 2.12332678 -0.37985802 0.55193663 2.12234545 -0.37802625 0.58285809 2.09142303 -0.38896918 0.58187652 -1.00736678 -0.52440405 -2.57979488 2.00059986 -0.41203833 0.54805279 1.96871722 -0.41406655 0.54702854 1.93779528 -0.41951323 0.54604697 -1.01989102 -0.52383077 -2.50128794 -1.00443923 -0.52040362 -2.61406612 1.90785515 -0.42595768 0.51414347 1.89218724 -0.42681623 0.45182133 -0.96985835 -0.52433217 -2.54017639 -0.96351749 -0.52016079 -2.58905697 2.03154278 -0.41499639 0.51806974 -0.9943952 -0.5084393 -2.64234066 1.93208134 -0.42916811 0.48612857 1.84983504 -0.42107379 0.36872649 2.15240669 -0.37634861 0.5337975 -1.42888248 -0.49756646 -2.50631189 2.12430859 -0.38971853 0.52101445 -1.40025246 -0.46637309 -2.53311825 2.09389448 -0.40382957 0.52582383 2.06345654 -0.4157424 0.48734236 -1.4634155 -0.52735472 -2.47083426 -1.4013325 -0.49452424 -2.49909639 2.03252411 -0.42184329 0.48714805 2.00304031 -0.42223907 0.49141335 1.96874321 -0.42397356 0.48572993 -1.49405372 -0.52613831 -2.50343657 -1.40217984 -0.5292002 -2.47240162 -1.3765626 -0.49997354 -2.49970722 1.88482344 -0.42532098 0.41816473 -1.50759816 -0.52649283 -2.47039795 -1.43735516 -0.54346967 -2.43979216 -1.36085176 -0.46723974 -2.53212976 1.87946999 -0.41642094 0.33557439 -1.31565309 -0.53881347 -2.43556595 -1.3712436 -0.52894568 -2.4718647 -1.33953071 -0.50761855 -2.50067806 2.04895592 -0.41815495 0.45768571 1.95195806 -0.42555189 0.45317149 -1.4921875 -0.54737091 -2.41083431 -1.34529769 -0.54290712 -2.40485048 -1.31011236 -0.50405967 -2.51566458 1.95640075 -0.42129898 0.39543414 1.91338551 -0.42424047 0.36843586 2.15632153 -0.40204346 0.48762274 2.12568951 -0.4034903 0.49019861 2.09436798 -0.41014767 0.48911119 -1.54745853 -0.54752731 -2.42639971 -1.31201017 -0.5269531 -2.46689367 -1.25994706 -0.5353564 -2.39867353 1.93382275 -0.41806674 0.34052181 2.18129349 -0.40397346 0.49491644 -1.58948874 -0.54996264 -2.43394613 -1.55724204 -0.55165732 -2.4117465 -1.40272284 -0.54267085 -2.36025143 -1.27455425 -0.52842927 -2.4901824 -1.2552706 -0.53643787 -2.43428278 -1.35993922 -0.54189837 -2.37733507 -1.27561307 -0.49437439 -2.55062771 1.99566042 -0.4144758 0.38379431 -1.4907074 -0.54702854 -2.37888336 -1.20090461 -0.52830577 -2.43306446 -1.32965958 -0.53382444 -2.3460989 2.18064213 -0.40828657 0.45727897 2.09447002 -0.41927218 0.4552362 2.12167215 -0.41799343 0.45652485 -1.63888621 -0.54482961 -2.44555807 -1.57387793 -0.55542564 -2.37892628 -1.4145751 -0.54091537 -2.31505585 -1.38097274 -0.53737366 -2.33462334 -1.24676299 -0.52840877 -2.48685598 -1.21757555 -0.53139639 -2.40294027 -1.28140807 -0.52757394 -2.31778431 -1.23309302 -0.51249111 -2.52409697 2.07474852 -0.41486824 0.38692856 -1.55995429 -0.55316889 -2.35014153 -1.50604415 -0.53751612 -2.29223204 -1.21575665 -0.52124357 -2.4946022 -1.15079045 -0.52370226 -2.42747879 -1.34725356 -0.52368867 -2.2906599 2.00905371 -0.4100821 0.34350252 2.14949417 -0.41318834 0.40273237 -1.69105601 -0.54445541 -2.44968319 -1.65918183 -0.54791296 -2.37570286 -1.58964849 -0.55416667 -2.3444171 -1.45316899 -0.53208685 -2.25535297 -1.39222026 -0.52703047 -2.25808954 -1.1903348 -0.52154398 -2.4821496 -1.20017314 -0.51842701 -2.34331751 -1.29444504 -0.52375484 -2.27330732 -1.66123426 -0.54874623 -2.33564043 -1.57722843 -0.54365826 -2.26450539 -1.52581823 -0.53792977 -2.25593615 -1.24095154 -0.5188278 -2.26610374 -1.1190697 -0.52706504 -2.46018219 -1.14216566 -0.51101947 -2.32561684 -1.35063159 -0.52327657 -2.24633169 2.1038084 -0.41418588 0.31974363 2.15926313 -0.41160572 0.34900475 -1.72295964 -0.55038846 -2.36152744 -1.72657168 -0.54968679 -2.31297684 -1.65858185 -0.54341042 -2.27417469 -1.45927703 -0.52849817 -2.22785139 -1.17571902 -0.51100647 -2.27554846 -1.12973881 -0.52472639 -2.49350882 -1.06389546 -0.52787411 -2.4476881 -1.06495655 -0.51433897 -2.37812042 -1.31216669 -0.52210701 -2.20094967 -1.77524757 -0.54522359 -2.41223335 -1.59344733 -0.53627217 -2.22088528 -1.52406406 -0.53460193 -2.22661972 -1.22316551 -0.51640797 -2.21269989 -1.06995511 -0.52622151 -2.47544146 -1.12760389 -0.50812364 -2.26710463 -1.07914782 -0.50866103 -2.29432249 -1.39213133 -0.52571273 -2.18088245 -1.76926243 -0.5524404 -2.32780981 -1.7222532 -0.54399765 -2.23396587 -1.66457164 -0.53848815 -2.23424292 -1.52122676 -0.52128756 -2.1887908 -1.03177071 -0.50932181 -2.31039143 -1.45341492 -0.5225842 -2.19447136 -1.35571754 -0.52774322 -2.10937357 -1.19098556 -0.5164907 -2.1552496 0.23002237 -0.45400536 -0.34997296 0.16164297 -0.45456898 -0.38745332 0.13441613 -0.44191372 -0.32160759 0.19018406 -0.4578495 -0.40953493 0.06293973 -0.4475894 -0.37459469 -1.63480544 -0.53501177 -2.19386196 -1.12757134 -0.51508629 -2.16095018 -0.99741566 -0.51496744 -2.21180105 -1.43483579 -0.52091265 -2.16790962 -1.38242245 -0.52734339 -2.11860895 -1.23998713 -0.51853466 -2.09682274 0.02744702 -0.43728006 -0.31625295 0.11125198 -0.45340228 -0.43237805 -0.00679475 -0.44932997 -0.40326428 -1.69719315 -0.54135323 -2.20643282 -1.59666526 -0.52753806 -2.16446114 -1.56520629 -0.5248574 -2.19036961 -1.5011543 -0.51561618 -2.1633215 -1.41885376 -0.52154446 -2.03929615 -1.31796384 -0.52292478 -2.05927515 -1.09711647 -0.51429725 -2.08682203 -0.04586375 -0.44858277 -0.3738637 -0.04902571 -0.43980122 -0.24304128 0.03514764 -0.45237565 -0.42388797 -1.63596177 -0.5359993 -2.16477299 -1.53577328 -0.50906062 -2.1642766 -1.03460026 -0.51714563 -2.12116289 -1.48314035 -0.51466537 -2.11083221 -1.44469392 -0.51760972 -2.11527777 -1.47670448 -0.51249647 -2.05745888 -1.3401258 -0.51880538 -1.99140358 -1.21169782 -0.51455712 -2.03747225 0.07630569 -0.45606256 -0.49353695 -0.04015979 -0.45021486 -0.44516325 -1.70918608 -0.54614174 -2.1652894 -1.62230527 -0.52782464 -2.13559198 -1.56767666 -0.49844623 -2.13433647 -1.50583279 -0.51413536 -2.13237333 -1.45893681 -0.52028525 -1.9986248 -1.36538208 -0.517735 -1.95243168 -1.29191184 -0.51143253 -1.95512199 -1.19275975 -0.51160097 -2.01053333 -0.13117056 -0.45657372 -0.42071104 0.05853316 -0.45947289 -0.56936669 0.01523653 -0.45456028 -0.51203036 -1.76699412 -0.54888105 -2.16944695 -1.68722594 -0.54166269 -2.13486576 -1.53675485 -0.50132966 -2.13335514 -1.53773642 -0.5100739 -2.10243273 -1.52651727 -0.51211214 -2.03734589 -1.24265265 -0.50955248 -1.93800592 -0.06310081 -0.45553362 -0.48020291 0.01871589 -0.46221352 -0.58573389 -1.77588427 -0.54827261 -2.14190674 -1.72228634 -0.54811144 -2.13924456 -1.63841379 -0.52662635 -2.10830688 -1.60129833 -0.51223969 -2.09976149 -1.53774881 -0.51362062 -2.07280016 -1.50975907 -0.51106501 -2.00868559 -1.44503653 -0.51698792 -1.95269918 -1.32343733 -0.51040947 -1.888237 -0.02777004 -0.46040785 -0.54068398 -0.07351547 -0.45930183 -0.50295663 -1.84922016 -0.55722964 -2.14751291 -1.72574031 -0.54431891 -2.11059189 -1.70606375 -0.5358882 -2.06509638 -1.56865823 -0.50663638 -2.10341454 -1.4798187 -0.51630378 -1.97678185 -1.54068112 -0.50449562 -2.00966692 -1.57054365 -0.50974965 -2.06536484 -1.49713504 -0.5124979 -1.92895365 -0.05178097 -0.46099818 -0.58015108 -0.15248427 -0.46516478 -0.54834747 0.00033864 -0.46104991 -0.66727877 -1.79852092 -0.54680002 -2.10482693 -1.72424948 -0.53620887 -2.07740021 -1.63319755 -0.52769232 -2.04538441 -1.66240561 -0.53264594 -2.07543707 -1.51074064 -0.50529647 -1.97776318 -1.54166269 -0.50304556 -1.97874498 -1.57160294 -0.5061655 -2.01064873 -1.50059497 -0.51290143 -1.8825531 -0.13147517 -0.46860874 -0.6081562 -0.09319779 -0.47192836 -0.73970461 -0.08656475 -0.46937454 -0.68129992 -0.16306444 -0.47957814 -0.75799274 -1.8453027 -0.54767013 -2.09104395 -1.79655623 -0.53674674 -2.05020046 -1.60201406 -0.51125228 -2.00778055 -1.7297225 -0.52892458 -2.02423763 -1.66452539 -0.53884637 -2.03797054 -1.51172221 -0.50715137 -1.94684172 -1.54542339 -0.50649858 -1.93971968 -0.16837704 -0.48039997 -0.65467286 -0.15570994 -0.48037672 -0.69575167 -0.21634124 -0.48714459 -0.71285486 -1.63396883 -0.52693903 -2.01262856 -1.69529068 -0.53356981 -2.014575 -1.57350063 -0.51160371 -1.96517038 -1.62544703 -0.51218963 -1.96117067 -1.55189657 -0.50550258 -1.88787413 1.93583214 -0.39102268 0.60789084 2.58374596 -0.34162331 2.03852344 2.54031992 -0.34156537 2.04209232 2.54004002 -0.33190989 2.05091286 2.64504862 -0.29710525 2.05087662 2.58470201 -0.32706648 2.05263376 2.49931812 -0.34420907 2.05477405 2.59723806 -0.30436474 2.0846684 2.48471832 -0.34204781 2.08286142 2.53857946 -0.32290035 2.08200574 -1.851529 -0.53570092 -1.99805737 -1.79445386 -0.53403974 -1.98624802 -1.66484857 -0.52738583 -1.98030424 -1.69801462 -0.53341079 -1.98683119 -1.57454765 -0.50800371 -1.91788292 2.55068541 -0.31226587 2.11558032 2.47623253 -0.32654858 2.11079335 2.50970316 -0.31949127 2.14645195 2.44767666 -0.34235644 2.11248255 2.44432926 -0.32414103 2.14073372 -1.81875932 -0.53455186 -1.98760128 -1.75811613 -0.53035474 -1.98561621 -1.66594088 -0.52116072 -1.91963005 -1.60674942 -0.51488698 -1.90059757 2.41243982 -0.34601021 2.11425996 2.40873718 -0.33799875 2.13960409 2.38248539 -0.35406661 2.13877058 2.38505983 -0.35173082 2.17308998 2.34783792 -0.36779869 2.14622688 -1.81267893 -0.52582145 -1.95566082 2.31748009 -0.38559854 2.22543073 2.35236073 -0.37798405 2.22789574 2.34763718 -0.38689566 2.26147652 2.408319 -0.34156537 2.2634027 -1.30533814 -0.50293553 -0.05324435 -1.26213813 -0.49519646 -0.08373117 -1.29133177 -0.49964654 -0.12437177 -1.2587595 -0.48952281 -0.16982293 -1.23019731 -0.48074591 -0.11671948 -1.35415459 -0.5069772 -0.10946703 -1.36887264 -0.50692284 -0.00889564 -1.32138896 -0.50472534 -0.12571335 -1.28309655 -0.49866593 -0.21963882 -1.15539896 -0.43717921 -0.11359644 -1.18238378 -0.43834019 -0.25361419 -1.22722125 -0.47185183 -0.19724989 -1.39427149 -0.50672925 -0.10751081 -1.25611079 -0.48634291 -0.22527504 -1.31934905 -0.50946212 -0.2330358 -1.38990581 -0.51036048 -0.16141796 -1.35069048 -0.51396549 -0.23099709 -1.28883576 -0.49557126 -0.28990793 -1.37786484 -0.51730168 -0.2627871 -1.4696306 -0.50864983 -0.19417596 -1.25174093 -0.4744668 -0.30319095 -1.34842229 -0.51417029 -0.27652097 -1.55925214 -0.50649405 -0.43450832 -1.60115433 -0.50551665 -0.46254349 -1.59455812 -0.50117433 -0.43012691 -1.63262439 -0.49868155 -0.44250178 -1.40562201 -0.52029967 -0.30482173 -1.5515548 -0.50739896 -0.3768549 -1.02956414 -0.40245712 -0.51683378 -1.09489274 -0.3934437 -0.47813725 -1.07087731 -0.39475787 -0.42206883 -1.31085467 -0.49988258 -0.37502646 -1.27546811 -0.48123813 -0.3820622 -1.18735659 -0.43590534 -0.31355357 -1.37805891 -0.51898873 -0.325948 -1.5462625 -0.51274669 -0.46595407 -1.62870991 -0.50993347 -0.51504374 -1.4473716 -0.51550889 -0.27562523 -1.49314499 -0.52384007 -0.47485518 -1.45876718 -0.51906908 -0.32734919 -1.47772908 -0.5223608 -0.3934989 -1.08778095 -0.40220416 -0.55223966 -1.09679663 -0.39148891 -0.40092349 -1.1270138 -0.39360523 -0.44423532 -1.1278944 -0.39545488 -0.38700318 -1.34473813 -0.5117451 -0.37680054 -1.54481745 -0.52489018 -0.519835 -1.58662856 -0.52719557 -0.55775237 -1.375314 -0.51983774 -0.42219853 -1.43939328 -0.52506387 -0.38362837 -1.11986113 -0.39848471 -0.51988721 -1.16356206 -0.4103564 -0.37970018 -1.30718517 -0.4938556 -0.42444015 -1.40437412 -0.52490997 -0.45906019 -2.2744813 -0.49625278 -2.29551411 -1.47301352 -0.52579534 -0.47180152 -1.48870671 -0.53219664 -0.53474212 -1.16601133 -0.40718865 -0.47531462 -1.34447873 -0.5101645 -0.43911886 -2.2507391 -0.52792645 -2.28062963 -2.18120718 -0.53884363 -2.30857754 -2.21329975 -0.53796685 -2.28195286 -2.1968503 -0.52719021 -2.3090744 -1.37237251 -0.51739979 -0.4654963 -2.33521867 -0.52870715 -2.25026464 -1.54169071 -0.53873181 -0.58921504 -2.33894396 -0.53042138 -2.24717712 -2.3037138 -0.5260551 -2.25056076 -2.33751249 -0.52797043 -2.23434258 -2.30224705 -0.52520442 -2.22000885 -2.27519059 -0.52678788 -2.27331924 -2.27593613 -0.53545022 -2.24967861 -1.4278903 -0.52836025 -0.54609871 -2.30882144 -0.51692224 -2.18881607 -2.24599552 -0.55771804 -2.21777487 -2.29337311 -0.52719021 -2.18832588 -2.3298316 -0.528543 -2.16547155 -2.24501419 -0.54168653 -2.24869728 -2.2778995 -0.54580593 -2.18783474 -2.30974817 -0.52840745 -2.1596179 -2.21409225 -0.55461097 -2.24771547 -2.24697733 -0.55197716 -2.18685293 -2.27888107 -0.54148555 -2.1569128 -2.32336998 -0.58354974 -2.1075325 -2.21507406 -0.55661225 -2.21679354 -2.21605563 -0.54993677 -2.1858716 -2.31013203 -0.55855739 -2.12764883 -2.18415213 -0.5445013 -2.21581173 -2.2479589 -0.53997064 -2.15593147 -2.2170372 -0.53434229 -2.15494967 -2.17977643 -0.55602407 -2.27597189 -2.27986264 -0.54493093 -2.12599087 -2.31282663 -0.58893931 -2.0959444 -2.18317032 -0.55320644 -2.24673414 -2.24894047 -0.53981662 -2.12500906 -2.18611526 -0.53903008 -2.15396833 -2.2803185 -0.55812788 -2.11163044 -2.32242775 -0.59017432 -2.09908533 -2.1851337 -0.55053473 -2.18488979 -2.15249181 -0.5336169 -2.21462011 -2.18721628 -0.55387318 -2.11928511 -2.15028524 -0.54566407 -2.30759621 -2.15047932 -0.55783117 -2.25980759 -2.32117319 -0.59133816 -2.08783531 -2.27724481 -0.58894634 -2.0949173 -2.21076894 -0.54569364 -2.12396955 -2.15519333 -0.55222821 -2.15298653 -2.11984682 -0.55812788 -2.29138279 -2.09902 -0.55805814 -2.27744293 -2.24949455 -0.55812788 -2.10755062 -2.28500462 -0.60925472 -2.06393957 -2.12132645 -0.54743242 -2.244771 -2.15878057 -0.55886781 -2.12647581 -2.21075058 -0.57628119 -2.09350967 -2.31372929 -0.60839558 -2.03420639 -2.25090361 -0.60045314 -2.06316566 -2.24868226 -0.58924949 -2.09425688 -2.13038158 -0.55898714 -2.15622568 -2.12230825 -0.53469157 -2.21384859 -2.15715647 -0.57397366 -2.09114265 -2.08844137 -0.55405641 -2.30563307 -2.09040451 -0.54992294 -2.2437892 -2.31519771 -0.60787821 -2.03425312 -2.28280735 -0.60934186 -2.03322506 -2.24996996 -0.59091496 -2.02640772 -2.12328982 -0.54905605 -2.18292665 -2.09138632 -0.54547548 -2.21286726 -2.12623453 -0.56778502 -2.09016085 -2.12446952 -0.55921984 -2.12080145 -2.15813804 -0.57987833 -2.06022072 -1.20988071 -0.43219554 -0.44104171 -2.05919003 -0.55828428 -2.30284929 -2.09008074 -0.55867493 -2.334795 -2.05967665 -0.55820727 -2.24261761 -2.31169224 -0.59443474 -2.00282335 -2.27992964 -0.58978784 -2.00098896 -2.22491717 -0.58614862 -2.06234074 -2.0941596 -0.55351686 -2.18126822 -2.1272161 -0.57293749 -2.05923939 -2.08787441 -0.55782831 -2.14306927 -2.18905997 -0.57774711 -2.06120253 -1.3266803 -0.49603748 -0.48524213 -2.04632211 -0.5560118 -2.27254295 -2.22105885 -0.56115139 -2.02825403 -2.09622622 -0.55790293 -2.09319162 -2.05785012 -0.55934727 -2.12317467 -2.15911961 -0.57230735 -2.02929878 -2.12713599 -0.56253648 -2.02726412 -1.36831951 -0.51055646 -0.53390479 -1.58373511 -0.53918779 -0.66196322 -2.05653811 -0.5729003 -2.33557367 -2.02835679 -0.55749989 -2.30539989 -2.06046438 -0.55523252 -2.21188545 -2.01606512 -0.55880523 -2.2459383 -2.30890107 -0.58174539 -1.9777956 -2.25286674 -0.57708001 -2.00132132 -2.03052402 -0.53945708 -2.17998171 -2.11057138 -0.55753744 -2.05551243 -2.03150558 -0.54854822 -2.14906025 -2.19010687 -0.55969727 -2.02822495 -1.99606359 -0.55422664 -2.31511164 -2.02522755 -0.55696774 -2.21577454 -1.98666239 -0.55327404 -2.2677269 -2.28477049 -0.58088374 -1.97138119 -2.25384831 -0.57852197 -1.97039986 -2.22402859 -0.55763054 -1.99911165 -2.09629416 -0.54422164 -2.05825758 -2.06418228 -0.55528617 -2.09476137 -2.03957319 -0.55658042 -2.1183629 -2.15960264 -0.55812788 -2.01408339 -2.0982573 -0.54882193 -1.99641323 -1.47654033 -0.53712928 -0.58539462 -2.01991749 -0.55970263 -2.33441114 -2.00051355 -0.55833197 -2.2083621 -1.96469378 -0.5554297 -2.23350286 -2.28575206 -0.5796144 -1.94045925 -2.22292662 -0.57551408 -1.96941805 -2.19102311 -0.55218744 -1.99935818 -1.99960208 -0.55210972 -2.17900038 -2.06633019 -0.5289129 -2.0270977 -2.00177145 -0.53033614 -2.11065769 -2.12917924 -0.55012846 -1.99739504 -1.15214062 -0.40240574 -0.5587256 -1.89360261 -0.55158889 -2.25341034 -1.92915452 -0.55837524 -2.22516775 -2.25303841 -0.5877403 -1.92897367 -2.30393744 -0.5708375 -1.93328905 -2.18906808 -0.5610702 -1.96948481 -2.00058365 -0.54540753 -2.14807892 -2.06784487 -0.52607 -2.05735445 -2.03009224 -0.5282445 -2.08590841 -2.16010118 -0.54826283 -1.99837685 -2.09923887 -0.54496932 -1.96549177 -2.06733537 -0.5411756 -1.9954319 -1.22370458 -0.42870951 -0.51020527 -1.90939796 -0.55234849 -2.31445837 -1.97122705 -0.55848348 -2.1777339 -2.28673363 -0.58088493 -1.90953732 -2.22390819 -0.58555818 -1.93849611 -2.18878078 -0.5612309 -1.93738079 -2.03469515 -0.52986944 -2.02568769 -1.9706434 -0.52815795 -2.11617517 -2.00254679 -0.52121377 -2.08623457 -2.13016081 -0.53587914 -1.96647358 -2.03641343 -0.53488874 -1.99445009 -1.27621031 -0.45789492 -0.5069139 -1.40172112 -0.52211797 -0.56433702 -1.89824998 -0.5580982 -2.20645857 -1.83977544 -0.55233216 -2.29542732 -1.91855407 -0.55949163 -2.17528439 -2.28743076 -0.59125638 -1.88353634 -2.30040598 -0.57720912 -1.90162325 -2.22383952 -0.58977103 -1.90994787 -2.16108274 -0.54101968 -1.96745491 -1.96966183 -0.54225683 -2.14709711 -2.03445029 -0.51726365 -2.05629444 -1.97538078 -0.53160679 -2.08537197 -2.00164652 -0.52666831 -2.05419588 -2.13114238 -0.54009986 -1.93555117 -2.06831694 -0.54753971 -1.96451044 -2.03764248 -0.5269829 -1.96428967 -1.88753378 -0.55250633 -2.3573246 -1.82043469 -0.54632223 -2.23485661 -1.83690071 -0.548136 -2.35778904 -1.93873978 -0.55043459 -2.1461153 -2.25679302 -0.59537888 -1.87763405 -2.16206431 -0.54662561 -1.93653297 -2.00559521 -0.52860916 -1.99020243 -1.93972135 -0.54272175 -2.11519337 -2.10022044 -0.53522944 -1.93456984 -2.06738615 -0.52933097 -1.93190861 -1.3437382 -0.49716985 -0.54045248 -1.55269563 -0.54980874 -0.74550986 -1.80340922 -0.55166137 -2.19981289 -1.85243893 -0.55926609 -2.17438984 -1.81112576 -0.54540873 -2.26587677 -1.80916262 -0.5517242 -2.32772064 -1.9092164 -0.5483737 -2.11209536 -2.25061369 -0.59378529 -1.84532452 -2.29826832 -0.59062171 -1.88245535 -2.22587156 -0.59481239 -1.87665224 -2.19699717 -0.58813059 -1.87605 -2.16289949 -0.56093848 -1.91021919 -1.97095931 -0.53482175 -2.02477074 -1.94228637 -0.54008102 -2.07999516 -1.97260654 -0.54000616 -2.0543313 -2.10120201 -0.5364778 -1.90364742 -2.00647306 -0.51020813 -1.9625473 -1.82415664 -0.54866707 -2.39325285 -1.78118539 -0.54677653 -2.2339735 -1.84922016 -0.55722964 -2.14751291 -1.81014419 -0.55101228 -2.29679871 -1.78020382 -0.53889847 -2.26489496 -1.76926243 -0.5524404 -2.32780981 -2.29466605 -0.59667802 -1.85015678 -2.1347785 -0.55733693 -1.90105009 -1.94949579 -0.53044415 -1.99783707 -2.07816219 -0.52289557 -1.90275526 -2.03837657 -0.51396441 -1.9326067 -1.97555125 -0.51987576 -1.96156549 -1.75495195 -0.54746199 -2.2150178 -1.76699412 -0.54888105 -2.16944695 -1.77922225 -0.54562354 -2.29581738 -1.8453027 -0.54767013 -2.09104395 -2.19598961 -0.58905649 -1.8447504 -2.25932741 -0.58878934 -1.81645298 -2.16402769 -0.57866025 -1.8746891 -1.88467515 -0.53746974 -1.99532127 -1.88518941 -0.54095638 -2.05242682 -2.03935814 -0.50873041 -1.90168428 -2.11887693 -0.55701911 -1.87393713 -2.00745463 -0.50291562 -1.93162489 -1.97653282 -0.51579738 -1.93064356 -1.77524757 -0.54522359 -2.41223335 -1.74928188 -0.54443145 -2.26391363 -1.72657168 -0.54968679 -2.31297684 -2.23034763 -0.58619654 -1.82084656 -2.29062414 -0.59332979 -1.81391335 -2.16500902 -0.57831383 -1.84376717 -1.91483688 -0.518664 -1.93582296 -1.94732308 -0.51578593 -1.94704247 -2.0658884 -0.52800941 -1.87279129 -1.7222532 -0.54399765 -2.23396587 -1.69719315 -0.54135323 -2.20643282 -1.851529 -0.53570092 -1.99805737 -2.19691277 -0.57779551 -1.81382656 -2.22881603 -0.5718441 -1.78388643 -2.2861414 -0.58351493 -1.77372217 -2.15360451 -0.54709649 -1.8015914 -1.88406551 -0.52784276 -1.94022799 -2.0404954 -0.52477729 -1.86586332 -2.07229376 -0.52764869 -1.8392272 -2.00759673 -0.50634956 -1.89995909 -1.92577279 -0.51341057 -1.90090036 -2.19573116 -0.55880332 -1.78070116 -2.26770639 -0.57596242 -1.76310539 -2.13417029 -0.5580231 -1.84293842 -1.84941506 -0.52932227 -1.92828226 -2.01790619 -0.52593768 -1.84984255 -2.10316515 -0.54661584 -1.84180403 -2.20393109 -0.55512214 -1.75214386 -2.22979784 -0.56833363 -1.75296497 -2.2850275 -0.57967794 -1.76373148 -2.1032939 -0.52865577 -1.80890465 -1.81267893 -0.52582145 -1.95566082 -1.91205466 -0.51335227 -1.86828852 -2.04132128 -0.53329372 -1.83984089 -1.97849607 -0.50792623 -1.86879969 -1.94757402 -0.51281548 -1.86781788 -2.16697216 -0.5428164 -1.78192329 -2.22760677 -0.55915618 -1.7201457 -2.27796721 -0.56197512 -1.70042562 -2.13505077 -0.53224921 -1.77649403 -1.82192314 -0.51840091 -1.92573547 -1.86080575 -0.51375556 -1.85473299 -2.05384541 -0.52719021 -1.80928516 -2.04230309 -0.53381324 -1.80891848 -2.07322502 -0.5045979 -1.80990028 -1.97840869 -0.5139854 -1.84083033 -2.16815138 -0.53048873 -1.74478054 -2.26170111 -0.5735991 -1.72302389 -2.10512829 -0.51948881 -1.77996016 -1.82216704 -0.51588869 -1.88849497 -1.77789652 -0.51382375 -1.92369032 -1.91979623 -0.52171206 -1.80662107 -1.8856895 -0.51478684 -1.81555986 -2.00866604 -0.52902472 -1.80785084 -2.07420635 -0.5108099 -1.77897882 -2.193398 -0.52899897 -1.71701479 -2.26444101 -0.55675113 -1.69272661 -2.1061101 -0.51711321 -1.7490387 -1.78948355 -0.50986683 -1.87968159 -1.74639618 -0.52646613 -1.95923185 -1.85676956 -0.51034641 -1.8296237 -2.04287672 -0.52719021 -1.79084539 -1.98045921 -0.5131948 -1.80695534 -2.13801336 -0.51734376 -1.71909761 -2.22994494 -0.52893424 -1.68680573 -2.1689353 -0.51516271 -1.72007942 -2.2769599 -0.55857563 -1.69139147 -1.81934333 -0.51120269 -1.81815672 -1.76111591 -0.50861645 -1.88053417 -1.75811613 -0.53035474 -1.98561621 -1.95233631 -0.51787603 -1.75637531 -1.91975629 -0.51849484 -1.76396704 -1.88930237 -0.51577973 -1.76873636 -2.01181555 -0.52719021 -1.79425144 -2.20083904 -0.51344848 -1.69013929 -2.16991711 -0.50879622 -1.68915749 -2.26354742 -0.51586521 -1.66231775 -2.07518816 -0.51029277 -1.74805689 -2.10863113 -0.51854694 -1.70450354 -1.69921708 -0.52017903 -1.89088726 -1.69801462 -0.53341079 -1.98683119 -2.04328442 -0.5193758 -1.77799702 -1.98144078 -0.51319027 -1.77603388 -2.13687038 -0.51341677 -1.68069744 -2.20182037 -0.50679779 -1.65921736 -2.27367353 -0.5188632 -1.6619277 -1.69896734 -0.52981174 -1.94230795 -1.92679811 -0.51671684 -1.66712236 -2.01236248 -0.51922083 -1.77701569 -2.01334429 -0.51497841 -1.74609375 -2.17089844 -0.51253915 -1.65823603 -2.23309994 -0.49625278 -1.64893579 -2.27270985 -0.51354444 -1.65328264 -2.05224705 -0.51476371 -1.71494102 -2.04426622 -0.51029992 -1.74707556 -1.66594088 -0.52116072 -1.91963005 -2.05982161 -0.51631224 -1.68737745 -2.16999674 -0.51920331 -1.62115192 -2.26418662 -0.49625278 -1.64472294 -2.20738029 -0.49997127 -1.62844038 -2.23372412 -0.48518205 -1.62927675 -2.26476812 -0.48928285 -1.63054514 -2.20378375 -0.512537 -1.59737349 -2.23210192 -0.49563217 -1.59729528 -2.23210192 -0.49563217 -1.59729528 -2.26582479 -0.49947906 -1.59154987 -2.26659584 -0.49720085 -1.59846354 -2.23568726 -0.51248813 -1.56743336 -2.20378375 -0.512537 -1.59737349 -2.20235872 -0.5185765 -1.56617975 -1.52047384 -0.54548395 -0.65403152 -2.16999674 -0.51920331 -1.62115192 -1.18522954 -0.41112494 -0.52731776 -2.10655737 -0.51600564 -1.56509018 -1.36953878 -0.50791454 -0.59347534 -2.13266301 -0.51421571 -1.50558376 -2.14095116 -0.51853192 -1.60065699 -1.28354156 -0.45461035 -0.54677033 -2.06659198 -0.51472783 -1.53147697 -2.13687038 -0.51341677 -1.68069744 -2.05005693 -0.51250839 -1.59119797 -2.06812644 -0.5148977 -1.44805622 -2.10952091 -0.51261866 -1.62716293 -1.61703134 -0.54618037 -0.79207134 -1.39865923 -0.51919413 -0.62252975 -1.99812305 -0.51748157 -1.52220011 -2.10905457 -0.51149821 -1.65627289 -2.02036428 -0.51131463 -1.61185789 -1.4265182 -0.52815747 -0.6290853 -2.05081034 -0.51251841 -1.65128613 -2.10863113 -0.51854694 -1.70450354 -1.95680261 -0.52178657 -1.52146387 -2.05982161 -0.51631224 -1.68737745 -1.97796428 -0.51490653 -1.62892199 -1.95258355 -0.51592135 -1.61179638 -2.01214242 -0.51825809 -1.68379164 -1.90468109 -0.52797329 -1.53789663 -1.95233631 -0.51787603 -1.75637531 -1.47853303 -0.54016972 -0.63877869 -1.20156205 -0.41454136 -0.60434103 -1.24247575 -0.43135154 -0.57954431 -1.3531971 -0.48959398 -0.67762327 -1.51891196 -0.54945135 -0.76029682 -1.59459209 -0.55103385 -0.86173868 -1.48746216 -0.54360759 -0.74948692 -1.60543036 -0.5515393 -0.94422555 -1.64011431 -0.5512141 -0.99252629 -1.66863167 -0.54760957 -0.95821095 -1.51652813 -0.54758644 -0.81820297 -1.547328 -0.55116856 -0.81945491 -1.39786971 -0.51322389 -0.68551731 -1.43739319 -0.52850986 -0.72100401 -1.45946097 -0.53667152 -0.69048309 -1.24053502 -0.41960669 -0.704252 -1.27049494 -0.43796277 -0.65370202 -1.60323691 -0.55035245 -1.01032782 -1.48651695 -0.53892446 -0.81347942 -1.54580963 -0.54898012 -0.88235378 -1.38843846 -0.49981833 -0.73375559 -1.31678843 -0.45601881 -0.73951268 -1.27244294 -0.43339777 -0.71798825 -1.57288206 -0.54528606 -1.0069344 -1.57436776 -0.54951692 -0.94112062 -1.57587492 -0.55144167 -0.88242698 -1.4515177 -0.52774417 -0.77989793 -1.51600361 -0.54264188 -0.87482691 -1.48174703 -0.52887368 -0.8655417 -1.29407978 -0.44026172 -0.77241683 -1.54414546 -0.54271662 -0.93850708 -1.49945784 -0.52530432 -0.93364716 -1.43484843 -0.51601112 -0.78687096 -1.35709167 -0.46791041 -0.79578829 -1.53036094 -0.52983987 -1.01139569 -1.43373358 -0.48622239 -0.92763019 -1.37662983 -0.46034384 -0.88088584 -1.2566731 -0.42565513 -0.79017687 -1.30723214 -0.43912315 -0.83299875 -1.54007614 -0.52720022 -1.06504703 -1.42576885 -0.46988821 -1.01263618 -1.41745377 -0.46989799 -0.97494411 -1.85262489 -0.4546895 -0.36777878 -1.26834893 -0.42427862 -0.8721633 -1.30584264 -0.43032622 -0.89518213 -1.47646117 -0.48791945 -1.09821081 -1.49250817 -0.48542261 -1.2294693 -1.37045515 -0.44850171 -0.95133519 -1.42380869 -0.46197212 -1.12522817 -1.35962725 -0.44022322 -1.03208375 -1.85805202 -0.44248712 -0.32350135 -1.32806921 -0.43035185 -1.00886226 -1.29813051 -0.4250617 -0.96958828 -1.45896924 -0.46758068 -1.23984098 -1.23853588 -0.41947925 -0.9707303 -1.83888328 -0.43437767 -0.28960276 -1.33920479 -0.43502772 -1.1179173 -1.40086389 -0.44953501 -1.21071482 -1.84289718 -0.40252173 -0.28626323 -1.81210315 -0.44959521 -0.28491044 -1.81465077 -0.43498635 -0.25220037 -1.29043531 -0.424178 -1.06666708 -1.23979664 -0.41721082 -1.01960039 -1.1794982 -0.41632318 -0.96869445 -1.43479347 -0.44967163 -1.32096434 -1.1139071 -0.42455614 -0.98499751 -1.18949962 -0.41847563 -1.00804329 -1.36252964 -0.43973756 -1.20821667 -1.4038589 -0.43989754 -1.33735704 -1.31107831 -0.43204272 -1.16111374 -1.19662023 -0.42608547 -1.09254169 -1.25971389 -0.42482924 -1.10577679 -1.14091682 -0.43599093 -1.13199091 -2.00536585 -0.49514532 -1.01089573 -1.33796108 -0.43529463 -1.24230099 -2.01433229 -0.4851011 -0.96990371 -1.37394106 -0.43529809 -1.33431768 -1.97306919 -0.50059927 -1.01316643 -1.24580693 -0.43310034 -1.19232893 -2.03735614 -0.46069241 -0.91145682 -1.97458017 -0.48651576 -0.91620851 -1.88052511 -0.5207243 -0.99863529 -1.93699002 -0.49855387 -0.96160197 -1.28066564 -0.43324757 -1.23315382 -1.91639304 -0.48616707 -0.8542695 -1.87893963 -0.50576425 -0.93099809 -1.82027256 -0.52670085 -0.94875002 -1.38902867 -0.4345274 -1.39882803 -1.31256795 -0.43523765 -1.34119463 -1.1624136 -0.43979228 -1.18992186 -1.98051274 -0.47799611 -0.86193204 -1.87277675 -0.49408221 -0.8621223 -1.23183942 -0.43032992 -1.28249216 -2.01361418 -0.46609128 -0.83257008 -1.84641719 -0.49664903 -0.77390265 -1.77032185 -0.5267179 -0.86317492 -1.16306317 -0.43985164 -1.24810791 -1.09722972 -0.44098198 -1.21626043 -1.93768048 -0.47455525 -0.76831269 -1.79710579 -0.51515555 -0.82527375 -1.68123746 -0.54296005 -0.90617251 -1.40396357 -0.43469608 -1.51936769 -1.3813535 -0.43486142 -1.5077095 -1.36693323 -0.44253218 -1.59671402 -1.25364637 -0.43046451 -1.35198212 -1.82306159 -0.49351013 -0.67090702 -1.76502562 -0.52126229 -0.79929924 -1.72578251 -0.52276814 -0.74546576 -1.30625415 -0.43525243 -1.40807438 -1.2173233 -0.43087649 -1.36064243 -1.32925606 -0.43822277 -1.58413363 -1.92043805 -0.47253752 -0.68585205 -1.59459209 -0.55103385 -0.86173868 -1.61703134 -0.54618037 -0.79207134 -1.10310578 -0.44067967 -1.2975378 -1.13685942 -0.43771815 -1.38250589 -1.31093073 -0.4384228 -1.50064993 -1.92137194 -0.46251106 -0.61604643 -1.75974166 -0.50146413 -0.64072132 -1.65740776 -0.52627778 -0.67961907 -1.2422545 -0.43436289 -1.43456984 -1.06698132 -0.44626498 -1.25725985 -1.85947692 -0.47542334 -0.61157513 -1.77387667 -0.48954487 -0.58187318 -1.58373511 -0.53918779 -0.66196322 -1.20026207 -0.44014502 -1.44228792 -1.2559166 -0.432482 -1.56436586 -1.24443364 -0.43341029 -1.4742837 -1.80063796 -0.47430456 -0.53779531 -1.71510863 -0.49302983 -0.51218963 -1.68439901 -0.50951326 -0.61125159 -1.62626481 -0.52733779 -0.6352694 -1.06448388 -0.45722294 -1.37317801 -1.0968858 -0.44459176 -1.35867643 -1.15322316 -0.43682301 -1.42183447 -1.58662856 -0.52719557 -0.55775237 -1.18109667 -0.44050324 -1.47262239 -1.03415012 -0.46399081 -1.29655027 -1.68104577 -0.50207829 -0.56019902 -1.64977431 -0.50816917 -0.56280375 -1.62870991 -0.50993347 -0.51504374 -1.0948925 -0.44750464 -1.43094397 -1.12607944 -0.43925524 -1.42690086 -0.94854158 -0.51374817 -1.34464407 -1.00294971 -0.48438501 -1.34919262 -0.69288921 -0.52865028 -1.41154575 -0.73137325 -0.53200507 -1.42110872 -0.69032514 -0.53419518 -1.36755466 -1.23971772 -0.43114376 -1.50974131 -0.91077709 -0.52584553 -1.30135441 -0.91471362 -0.52982056 -1.35878181 -0.94342417 -0.51750004 -1.38712025 -0.75521052 -0.54015398 -1.34819794 -0.84789407 -0.53808188 -1.38983154 -0.78696716 -0.54145038 -1.3225708 -0.71542025 -0.51201081 -1.51255369 -0.7401253 -0.5254041 -1.46690941 -0.83919823 -0.54163492 -1.30049467 -0.87885332 -0.53604889 -1.40138197 -0.88165289 -0.53687739 -1.32783365 -1.14350533 -0.43370843 -1.53139067 -1.18670499 -0.43498576 -1.51293755 -1.1420871 -0.44192576 -1.49079275 -0.99831539 -0.48675418 -1.41909981 -1.05879426 -0.45915878 -1.46335125 -0.74029273 -0.51136053 -1.54297161 -0.80091041 -0.52202308 -1.51668024 -0.69134283 -0.49778271 -1.58675432 -1.0929693 -0.44728005 -1.49546957 -0.94563532 -0.51108658 -1.46843767 -0.9085747 -0.52565181 -1.45870638 -0.86680508 -0.52802896 -1.47692919 -0.76722288 -0.50076878 -1.63692045 -1.01645541 -0.47636187 -1.47017193 -1.05678988 -0.45023084 -1.5289731 -1.09157586 -0.44089913 -1.53111458 -0.8240065 -0.51156175 -1.59550714 -0.94588345 -0.50286448 -1.52354956 -0.84001815 -0.51901925 -1.54566813 -0.93450928 -0.5106796 -1.62724447 -0.9666937 -0.503757 -1.65742254 -0.93805444 -0.50414407 -1.58956528 -0.9302159 -0.51392269 -1.7355423 -1.05362487 -0.45288825 -1.58943224 -0.89132833 -0.51251781 -1.57978916 -0.90273744 -0.51481748 -1.62646198 -0.97571594 -0.48654425 -1.55872202 -0.92120308 -0.5069325 -1.55743599 -0.89571863 -0.51568222 -1.70404291 -1.05729246 -0.44809067 -1.55930138 -0.87089026 -0.51427674 -1.63651037 -0.87568736 -0.51473451 -1.54822683 -1.1003108 -0.4351424 -1.5629673 -0.92871588 -0.50779355 -1.52530098 -0.8482033 -0.51042116 -1.62367535</float_array>
          <technique_common>
            <accessor source="#pos_0-array" count="29694" stride="3">
              <param name="X" type="float"/>
              <param name="Y" type="float"/>
              <param name="Z" type="float"/>
            </accessor>
          </technique_common>
        </source>
        <source id="uvs_0">
          <float_array id="uvs_0-array" count="29694">0.40876 0.39295 0.40803 0.37532 0.40311 0.40108 0.41361 0.38139 0.40321 0.3784 0.40592 0.40646 0.41265 0.39651 0.41089 0.36054 0.4055 0.36843 0.08702 0.67537 0.08247 0.6748 0.08716 0.67589 0.42008 0.39677 0.40544 0.35634 0.41481 0.36401 0.40138 0.35278 0.11895 0.12367 0.119 0.12359 0.11438 0.12238 0.58895 0.8575 0.58875 0.86189 0.58903 0.85768 0.41737 0.3749 0.41939 0.40352 0.40817 0.34581 0.41495 0.34193 0.33151 0.79407 0.33299 0.79521 0.33266 0.7938 0.33279 0.79762 0.5822 0.87317 0.58173 0.87432 0.58224 0.8737 0.42408 0.38857 0.41565 0.40953 0.42391 0.41353 0.4192 0.34624 0.41917 0.36578 0.58131 0.87346 0.58417 0.8703 0.58393 0.87145 0.58417 0.87118 0.42491 0.37575 0.42473 0.40066 0.41356 0.32088 0.3984 0.34441 0.42192 0.30974 0.58365 0.87051 0.58376 0.87163 0.58355 0.87189 0.42835 0.38137 0.43103 0.3927 0.40488 0.32536 0.42357 0.32537 0.42124 0.35784 0.58291 0.87075 0.58858 0.86114 0.58845 0.86578 0.58847 0.86552 0.42794 0.36694 0.43288 0.40351 0.41487 0.30665 0.39738 0.33079 0.42586 0.30362 0.42684 0.34166 0.42501 0.35221 0.58871 0.86187 0.4354 0.38031 0.432 0.3867 0.43448 0.39682 0.58499 0.86989 0.58498 0.87053 0.5852 0.87046 0.41865 0.27904 0.40505 0.30851 0.40257 0.31857 0.42977 0.3074 0.42189 0.2852 0.5859 0.86942 0.58589 0.86984 0.43474 0.36793 0.43847 0.39523 0.58619 0.86958 0.41186 0.29854 0.39738 0.31125 0.43244 0.30013 0.42641 0.28511 0.43326 0.3133 0.43056 0.36035 0.4354 0.3928 0.43797 0.37768 0.43653 0.40656 0.58449 0.87097 0.42269 0.2639 0.41252 0.27365 0.40399 0.29001 0.43166 0.33536 0.43221 0.35225 0.43715 0.38309 0.43866 0.36759 0.43841 0.39662 0.43747 0.41848 0.43989 0.40123 0.39905 0.30224 0.43459 0.30544 0.4365 0.33412 0.44139 0.38127 0.44245 0.36834 0.43675 0.35843 0.44056 0.38819 0.44065 0.39064 0.40307 0.27793 0.39639 0.27666 0.3956 0.29747 0.43912 0.30166 0.44646 0.31368 0.43659 0.34843 0.44254 0.32741 0.40519 0.26799 0.39203 0.29871 0.44257 0.35667 0.44306 0.3495 0.44376 0.38359 0.4026 0.25495 0.45151 0.33426 0.44989 0.34473 0.44604 0.36982 0.4602 0.32989 0.45046 0.35862 0.46617 0.33588 0.46381 0.35498 0.54758 0.35194 0.55238 0.35276 0.53995 0.30775 0.55601 0.38608 0.55663 0.32866 0.53433 0.30282 0.55718 0.35868 0.54654 0.3789 0.55989 0.34944 0.54621 0.299 0.53492 0.33072 0.53254 0.28399 0.56175 0.3763 0.55623 0.41154 0.53537 0.37564 0.5675 0.31998 0.56471 0.30173 0.53931 0.28658 0.52952 0.30834 0.55984 0.39608 0.54738 0.41066 0.53848 0.39516 0.5687 0.33704 0.55656 0.28607 0.52893 0.36469 0.52924 0.33396 0.52681 0.26563 0.56432 0.39295 0.55989 0.41214 0.55083 0.43448 0.53448 0.40048 0.57809 0.32117 0.57092 0.30586 0.56654 0.28996 0.52903 0.38732 0.52529 0.325 0.52255 0.28693 0.56349 0.40732 0.5705 0.375 0.57141 0.35589 0.5439 0.43189 0.53655 0.42 0.57586 0.33601 0.57608 0.30629 0.52528 0.36743 0.56643 0.42085 0.57061 0.38659 0.54437 0.44009 0.52961 0.41319 0.58146 0.3423 0.58391 0.29042 0.57424 0.28204 0.52356 0.38893 0.57469 0.38375 0.57729 0.35733 0.53883 0.43924 0.54525 0.45729 0.53699 0.4298 0.52975 0.43055 0.526 0.40709 0.58771 0.34567 0.59169 0.31011 0.51937 0.36953 0.5727 0.39586 0.53854 0.44584 0.54135 0.44881 0.52663 0.43071 0.58274 0.36551 0.59133 0.32328 0.52315 0.40459 0.51958 0.38924 0.57 0.41659 0.57738 0.39166 0.57933 0.37699 0.53572 0.43746 0.54258 0.45826 0.53233 0.43729 0.5293 0.43554 0.52371 0.41931 0.59077 0.35545 0.60031 0.3341 0.57203 0.43718 0.57337 0.41293 0.53853 0.44938 0.53581 0.44743 0.53872 0.45933 0.58728 0.38065 0.6008 0.35106 0.52019 0.41395 0.5819 0.4014 0.5755 0.42843 0.53195 0.44606 0.5418 0.4753 0.52933 0.4436 0.59365 0.37579 0.53232 0.45239 0.53533 0.46268 0.58705 0.41849 0.59072 0.39213 0.59404 0.402 0.72519 0.02028 0.72523 0.02032 0.72524 0.02017 0.72578 0.0177 0.72553 0.0165 0.72636 0.0069 0.72613 0.01343 0.25747 0.17438 0.25676 0.17855 0.25685 0.18288 0.25667 0.1753 0.25808 0.17229 0.25644 0.16655 0.25673 0.16963 0.25687 0.1717 0.25687 0.17375 0.72341 0.02821 0.72416 0.03456 0.72456 0.02916 0.72283 0.03695 0.72523 0.02064 0.72412 0.03745 0.72322 0.04072 0.72049 0.04317 0.72282 0.0459 0.38988 0.93199 0.38973 0.93188 0.38965 0.93214 0.05597 0.85876 0.05612 0.8573 0.05597 0.85829 0.0562 0.85784 0.05487 0.85585 0.05529 0.856 0.05494 0.85539 0.38612 0.30379 0.38655 0.3039 0.38614 0.30325 0.85018 0.44548 0.84951 0.4563 0.85302 0.45941 0.89413 0.87698 0.89417 0.877 0.89416 0.87697 0.84757 0.44143 0.89418 0.87667 0.18192 0.51623 0.18184 0.51738 0.18206 0.51672 0.84873 0.43182 0.18083 0.51694 0.1804 0.51386 0.39506 0.90492 0.39355 0.90112 0.39339 0.90326 0.85027 0.43431 0.84749 0.42277 0.85542 0.45181 0.85295 0.44008 0.39344 0.90615 0.39291 0.90449 0.85849 0.45985 0.85932 0.45149 0.8505 0.4214 0.85601 0.43145 0.85093 0.41118 0.8604 0.44236 0.86333 0.44594 0.85631 0.41663 0.86232 0.43095 0.85668 0.40142 0.86472 0.43721 0.86037 0.41317 0.86345 0.42034 0.86775 0.44111 0.85901 0.38776 0.86826 0.43036 0.86488 0.41193 0.86114 0.39219 0.87097 0.43602 0.86355 0.3938 0.8628 0.37013 0.86838 0.41919 0.86474 0.37818 0.87126 0.40975 0.86793 0.38232 0.86711 0.36429 0.87196 0.38669 0.87489 0.37898 0.87396 0.39702 0.87352 0.45261 0.87493 0.45746 0.87634 0.45874 0.87472 0.45717 0.34926 0.771 0.34453 0.78535 0.35123 0.77815 0.35888 0.77715 0.35246 0.77828 0.35455 0.77927 0.35383 0.77262 0.35573 0.78584 0.26272 0.80075 0.26298 0.80111 0.26276 0.80058 0.52932 0.08994 0.5339 0.08656 0.52844 0.08112 0.5262 0.07858 0.52814 0.08043 0.52762 0.07972 0.52466 0.08212 0.52825 0.08091 0.52693 0.08748 0.53407 0.08837 0.52927 0.09692 0.54206 0.07953 0.54207 0.07893 0.54162 0.0791 0.52657 0.07849 0.52571 0.07659 0.52503 0.07611 0.07536 0.50728 0.074 0.51411 0.07497 0.51439 0.07851 0.51057 0.07625 0.51485 0.07796 0.51542 0.08139 0.51475 0.08467 0.4993 0.08337 0.51463 0.08761 0.50431 0.08396 0.51492 0.09293 0.51346 0.08835 0.51525 0.8941 0.88149 0.89427 0.88118 0.89426 0.8797 0.89423 0.87971 0.89425 0.87961 0.89419 0.87615 0.89381 0.87654 0.89423 0.8759 0.89425 0.87559 0.63238 0.5997 0.62935 0.59841 0.63264 0.60717 0.63269 0.5927 0.63077 0.6081 0.63625 0.613 0.62767 0.58909 0.63884 0.60544 0.62189 0.60182 0.63354 0.61984 0.63711 0.62214 0.62239 0.59145 0.63025 0.58204 0.63625 0.58691 0.6293 0.61504 0.64095 0.62556 0.62252 0.58761 0.62641 0.57763 0.62338 0.61118 0.6141 0.57701 0.63153 0.62476 0.63699 0.62904 0.64448 0.6317 0.64346 0.62285 0.62401 0.58435 0.63389 0.56852 0.62937 0.62368 0.62096 0.61676 0.61803 0.61136 0.63348 0.632 0.64202 0.63444 0.64715 0.62798 0.64631 0.61543 0.61791 0.57009 0.62113 0.56706 0.62494 0.55934 0.63566 0.56154 0.62557 0.62152 0.60872 0.5736 0.63229 0.63384 0.63808 0.6355 0.64803 0.63455 0.61434 0.55244 0.60652 0.53903 0.60705 0.5997 0.64537 0.64094 0.65082 0.62968 0.65005 0.624 0.62285 0.54886 0.63176 0.54489 0.60227 0.57374 0.89354 0.87619 0.02894 0.49162 0.02964 0.49722 0.03269 0.49879 0.03395 0.49381 0.03318 0.49909 0.65347 0.6177 0.03452 0.50067 0.59955 0.53376 0.59647 0.5682 0.03806 0.4955 0.03829 0.50292 0.03988 0.50375 0.04148 0.50028 0.04079 0.50419 0.04151 0.50485 0.04533 0.50219 0.04284 0.50569 0.04388 0.50664 0.04314 0.50375 0.61868 0.51045 0.6272 0.51917 0.59294 0.51114 0.59611 0.58014 0.04945 0.50101 0.04817 0.5104 0.0488 0.51084 0.60485 0.50241 0.59046 0.53791 0.59554 0.4982 0.59913 0.59515 0.59057 0.56832 0.62417 0.49915 0.60034 0.48467 0.59321 0.59565 0.58939 0.58671 0.58721 0.57141 0.59648 0.60822 0.58636 0.5813 0.60178 0.45886 0.58449 0.55985 0.59161 0.60267 0.58828 0.59704 0.5853 0.59359 0.58284 0.5785 0.58156 0.58767 0.58217 0.56506 0.58743 0.60399 0.58418 0.60441 0.58138 0.59608 0.58979 0.60924 0.5792 0.5846 0.586 0.61295 0.57903 0.61596 0.99366 0.76453 0.99143 0.76166 0.9911 0.76362 0.99155 0.76867 0.99102 0.76418 0.9906 0.76707 0.98971 0.77218 0.99271 0.7711 0.98965 0.77249 0.99088 0.77583 0.9896 0.77278 0.98924 0.77446 0.98963 0.77724 0.98901 0.77571 0.98892 0.77612 0.98825 0.77871 0.98817 0.77899 0.99084 0.77974 0.39569 0.9477 0.40325 0.96002 0.40162 0.94696 0.39167 0.95808 0.39946 0.9403 0.38928 0.95261 0.40018 0.96565 0.39321 0.94251 0.38915 0.96012 0.39567 0.96238 0.39682 0.93589 0.3848 0.95302 0.39306 0.96767 0.38807 0.93981 0.3986 0.96836 0.40102 0.93775 0.39045 0.93648 0.3822 0.95938 0.99149 0.78169 0.98815 0.77906 0.38642 0.96356 0.98814 0.77912 0.40643 0.93635 0.39263 0.93193 0.99143 0.78378 0.988 0.77983 0.98795 0.78169 0.38356 0.96872 0.98772 0.78136 0.98765 0.78182 0.40305 0.9352 0.39688 0.93127 0.98735 0.78564 0.98785 0.78699 0.98697 0.78729 0.98688 0.78758 0.98823 0.79034 0.9869 0.79242 0.98679 0.7881 0.98624 0.7913 0.98596 0.79262 0.98656 0.79712 0.98536 0.79562 0.39439 0.92648 0.98537 0.80099 0.98488 0.79777 0.98452 0.79993 0.39652 0.92494 0.39094 0.92143 0.40018 0.93342 0.39249 0.91588 0.39891 0.9229 0.39705 0.91441 0.98624 0.80409 0.9839 0.80271 0.98358 0.80401 0.40192 0.93093 0.39426 0.90957 0.98436 0.80061 0.39933 0.91373 0.39566 0.90921 0.98447 0.80758 0.98336 0.80517 0.98293 0.80856 0.98247 0.81457 0.98234 0.81411 0.98332 0.81946 0.98226 0.81499 0.98192 0.81806 0.98199 0.82413 0.98156 0.82082 0.98129 0.82314 0.98109 0.82433 0.98094 0.82721 0.98071 0.82686 0.9842 0.82803 0.98062 0.8273 0.98044 0.82791 0.98136 0.83258 0.98008 0.83021 0.97969 0.83153 0.97731 0.84802 0.97678 0.84706 0.97665 0.84789 0.97529 0.86687 0.9741 0.86305 0.97356 0.86545 0.97311 0.8671 0.97407 0.87067 0.97285 0.86825 0.97142 0.89292 0.96979 0.88678 0.96949 0.8887 0.97273 0.88751 0.97122 0.87952 0.97181 0.87439 0.97122 0.87902 0.97108 0.87985 0.41339 0.88591 0.41181 0.87793 0.41017 0.88282 0.41504 0.88172 0.41062 0.87274 0.41129 0.89016 0.41241 0.87424 0.41489 0.8884 0.40844 0.86988 0.41164 0.87012 0.40837 0.88573 0.41329 0.87308 0.42067 0.88248 0.40946 0.86545 0.41034 0.86431 0.40755 0.8912 0.41412 0.89326 0.41205 0.86707 0.41678 0.87931 0.41248 0.86511 0.41801 0.89086 0.40505 0.8598 0.40698 0.87816 0.40953 0.89527 0.40634 0.8886 0.41675 0.87388 0.41422 0.86911 0.41917 0.87679 0.42366 0.89052 0.4067 0.85661 0.40477 0.8697 0.40932 0.85898 0.4059 0.89281 0.41447 0.89964 0.41643 0.89543 0.41076 0.8578 0.41332 0.86279 0.42202 0.87729 0.42659 0.87885 0.40346 0.85272 0.4027 0.86212 0.40404 0.88086 0.40523 0.89465 0.40295 0.88349 0.40984 0.9006 0.43433 0.88878 0.42272 0.89747 0.40562 0.85391 0.40211 0.85397 0.40072 0.86329 0.40093 0.87159 0.40959 0.8506 0.40182 0.88623 0.4131 0.90423 0.42088 0.90483 0.41115 0.85513 0.4065 0.85167 0.39738 0.84903 0.39832 0.84711 0.40101 0.85868 0.40678 0.90327 0.40395 0.89812 0.39815 0.87999 0.40918 0.90755 0.43767 0.90465 0.42921 0.90304 0.40327 0.84934 0.39812 0.85571 0.3995 0.87566 0.40697 0.84701 0.40942 0.84813 0.39896 0.89609 0.3972 0.88786 0.41024 0.91492 0.4176 0.90896 0.42215 0.92029 0.40458 0.84689 0.39675 0.8635 0.96883 0.89386 0.9689 0.89521 0.40803 0.84512 0.40568 0.90856 0.39664 0.89341 0.40256 0.90193 0.97117 0.8794 0.96983 0.90236 0.96843 0.8966 0.9678 0.90045 0.4076 0.9157 0.43383 0.91808 0.40232 0.84674 0.97114 0.87956 0.96868 0.89489 0.96681 0.90577 0.4004 0.90111 0.96675 0.90644 0.9667 0.90632 0.41336 0.925 0.41462 0.91717 0.42528 0.92681 0.96509 0.91698 0.96595 0.92113 0.96476 0.91896 0.09059 0.51454 0.40571 0.84531 0.40359 0.90768 0.39839 0.90266 0.09269 0.51527 0.09346 0.51543 0.41049 0.92578 0.41661 0.93353 0.43325 0.93739 0.09444 0.51556 0.09973 0.51112 0.0982 0.51603 0.09969 0.51637 0.10163 0.51667 0.40578 0.91591 0.10305 0.51291 0.40239 0.91093 0.10353 0.51729 0.10742 0.50438 0.10569 0.5175 0.10946 0.51793 0.40987 0.92876 0.40646 0.92429 0.42334 0.94412 0.43075 0.95591 0.11137 0.51214 0.11094 0.51831 0.11136 0.51832 0.11324 0.51873 0.11491 0.51686 0.11454 0.51922 0.11545 0.52029 0.11761 0.52084 0.40016 0.91067 0.11775 0.51977 0.41809 0.94006 0.43998 0.96544 0.11797 0.52087 0.11925 0.52081 0.11952 0.51407 0.1206 0.52096 0.40321 0.91955 0.12167 0.52141 0.12478 0.51999 0.12408 0.5224 0.39767 0.90535 0.41446 0.94075 0.40597 0.93082 0.41984 0.9483 0.42189 0.96229 0.44374 0.94177 0.43854 0.97972 0.12688 0.52283 0.13566 0.5183 0.13265 0.52201 0.13486 0.52172 0.4044 0.9256 0.12944 0.51404 0.12801 0.52275 0.1302 0.5223 0.13604 0.52176 0.39896 0.90941 0.41116 0.93346 0.41593 0.94845 0.44931 0.97463 0.14013 0.51562 0.13864 0.52136 0.14339 0.52173 0.14713 0.51244 0.1439 0.52179 0.14781 0.52201 0.44699 0.9228 0.44691 0.92281 0.44699 0.92295 0.44634 0.92024 0.44603 0.92106 0.44624 0.92141 0.40864 0.933 0.41745 0.9604 0.41095 0.94362 0.42298 0.97895 0.44654 0.92195 0.4008 0.91385 0.44672 0.92153 0.97269 0.24758 0.97256 0.24828 0.97257 0.24867 0.41284 0.95639 0.41843 0.97612 0.9726 0.2489 0.97294 0.2495 0.39719 0.9081 0.97314 0.24918 0.97322 0.24794 0.97326 0.25049 0.97328 0.25067 0.40984 0.96079 0.41338 0.96858 0.4076 0.9461 0.9739 0.24855 0.9733 0.25073 0.40353 0.94287 0.40597 0.95413 0.41126 0.97943 0.97355 0.25178 0.9741 0.25029 0.9736 0.25201 0.97422 0.25175 0.97365 0.25228 0.97387 0.25339 0.44101 0.8993 0.44086 0.90216 0.441 0.90296 0.44134 0.90184 0.44109 0.90364 0.00777 0.91896 0.00032 0.93003 0.00552 0.93427 0.00241 0.94396 0.01264 0.91933 0.01129 0.94001 0.01057 0.96044 0.01656 0.92317 0.01709 0.96071 0.01635 0.94065 0.01653 0.90168 0.01819 0.98104 0.0229 0.91964 0.01395 0.88851 0.02281 0.94058 0.02283 0.96584 0.02574 0.88289 0.03107 0.91107 0.02505 0.8651 0.02907 0.94506 0.03715 0.87531 0.01299 0.8691 0.0394 0.85397 0.02905 0.96734 0.03691 0.91737 0.03711 0.90065 0.00806 0.8542 0.023 0.813 0.03605 0.82035 0.03643 0.94159 0.04544 0.87076 0.04632 0.89167 0.01313 0.81691 0.03355 0.97311 0.04563 0.92227 0.04739 0.91405 0.0134 0.78344 0.04487 0.9457 0.04379 0.96757 0.03747 0.98161 0.04395 0.98718 0.62653 0.34531 0.63038 0.36335 0.62791 0.33873 0.62336 0.36868 0.6378 0.35959 0.62228 0.32816 0.62594 0.38766 0.63638 0.38092 0.63541 0.33057 0.62842 0.32131 0.62333 0.37988 0.64681 0.36997 0.6415 0.34381 0.61317 0.32047 0.61792 0.38382 0.6185 0.36731 0.63584 0.39541 0.65335 0.40638 0.63724 0.32639 0.61949 0.30479 0.61767 0.39716 0.61886 0.37503 0.63013 0.40298 0.64942 0.36223 0.64073 0.31393 0.61315 0.3738 0.62315 0.39998 0.61354 0.36308 0.63433 0.4197 0.64951 0.33149 0.65817 0.38483 0.63338 0.30638 0.64601 0.31815 0.61246 0.38523 0.62319 0.4065 0.62757 0.4106 0.65901 0.45458 0.65315 0.35975 0.63777 0.30354 0.64552 0.30851 0.61884 0.28581 0.61007 0.36369 0.61756 0.40304 0.6281 0.42342 0.64174 0.44134 0.65712 0.34664 0.64955 0.31369 0.65913 0.37349 0.62961 0.28639 0.64155 0.30162 0.62289 0.43138 0.63333 0.43829 0.64679 0.47958 0.65378 0.31828 0.6368 0.28841 0.64365 0.28381 0.64828 0.29996 0.62667 0.2724 0.62876 0.43387 0.64195 0.46436 0.65754 0.49821 0.63597 0.27965 0.6293 0.44591 0.63564 0.45148 0.63539 0.48571 0.642 0.51039 0.63534 0.46756 0.64023 0.27377 0.63018 0.48297 0.62979 0.50062 0.62936 0.46219 0.62735 0.45889 0.44115 0.90442 0.90227 0.83652 0.90123 0.86009 0.91231 0.84093 0.91319 0.81873 0.9034 0.81331 0.91378 0.79985 0.90269 0.79247 0.89472 0.78425 0.90505 0.7697 0.91492 0.77141 0.44134 0.90415 0.44118 0.90526 0.44138 0.90668 0.44183 0.90591 0.44143 0.90713 0.44146 0.90798 0.86616 0.83003 0.86389 0.84908 0.87367 0.83602 0.44165 0.90889 0.44161 0.90899 0.85469 0.84991 0.86285 0.82904 0.44191 0.90921 0.44164 0.90941 0.4417 0.91075 0.86647 0.81254 0.44219 0.91528 0.44215 0.91509 0.44217 0.91535 0.84749 0.84825 0.85361 0.8289 0.44218 0.9154 0.87523 0.8255 0.88107 0.84727 0.849 0.85969 0.84337 0.83801 0.44219 0.91548 0.84804 0.82598 0.85904 0.80753 0.44867 0.91883 0.4485 0.92135 0.44921 0.92093 0.88213 0.82421 0.86537 0.79361 0.84505 0.85067 0.13396 0.78865 0.13471 0.78653 0.13408 0.78815 0.8492 0.80613 0.89049 0.85474 0.87505 0.80112 0.84196 0.82062 0.83973 0.82964 0.90348 0.01228 0.90666 0.01292 0.90658 0.01227 0.90547 0.01385 0.85905 0.78891 0.89172 0.83132 0.8833 0.80169 0.8643 0.77316 0.83813 0.80945 0.8402 0.84411 0.90681 0.01541 0.90696 0.01839 0.8427 0.80223 0.85 0.78536 0.89307 0.80662 0.88465 0.77888 0.85812 0.78018 0.87226 0.78409 0.83564 0.83867 0.90502 0.0217 0.83532 0.82144 0.90724 0.02267 0.90757 0.02602 0.87849 0.77745 0.87326 0.7773 0.85771 0.76936 0.8284 0.78971 0.90827 0.03985 0.90894 0.0391 0.90864 0.03645 0.90778 0.02909 0.83013 0.80585 0.90434 0.02889 0.90655 0.04034 0.90827 0.03369 0.84381 0.78278 0.85298 0.76687 0.88563 0.75626 0.87313 0.76646 0.86563 0.75 0.83262 0.77725 0.90909 0.04037 0.82973 0.8398 0.9095 0.04311 0.90932 0.0417 0.84488 0.77283 0.87491 0.75272 0.85979 0.74901 0.90968 0.04496 0.9068 0.04634 0.8442 0.76184 0.87695 0.73147 0.85573 0.74581 0.86846 0.73143 0.83682 0.77116 0.86305 0.72971 0.82863 0.76477 0.84905 0.75411 0.83747 0.75905 0.87109 0.71851 0.8578 0.73091 0.84512 0.74518 0.8649 0.71258 0.90989 0.04604 0.90909 0.04742 0.91019 0.04772 0.911 0.05372 0.91121 0.05539 0.90883 0.05812 0.91102 0.06252 0.91179 0.06039 0.91136 0.05651 0.91206 0.06325 0.91219 0.06458 0.91253 0.06958 0.91047 0.0741 0.91268 0.0722 0.9127 0.07266 0.9095 0.08007 0.91286 0.07466 0.91242 0.08209 0.91312 0.07933 0.91327 0.09025 0.9136 0.08803 0.91372 0.08966 0.91378 0.0904 0.91389 0.09145 0.91616 0.09752 0.91635 0.09756 0.91717 0.09977 0.87026 0.6667 0.87015 0.67185 0.87025 0.6717 0.86896 0.66695 0.86987 0.67228 0.86888 0.67229 0.87042 0.67142 0.87133 0.66658 0.86915 0.67335 0.87166 0.66965 0.86764 0.67579 0.86822 0.67503 0.86678 0.67319 0.86902 0.67371 0.87185 0.66919 0.87176 0.66236 0.87265 0.66781 0.87279 0.66678 0.87267 0.66553 0.8664 0.67745 0.86605 0.67797 0.86444 0.67305 0.86555 0.67862 0.86374 0.67844 0.86169 0.67581 0.86232 0.6825 0.86328 0.68134 0.86027 0.67159 0.86023 0.68531 0.86449 0.67986 0.8641 0.6804 0.8591 0.68232 0.85868 0.68827 0.85983 0.686 0.91633 0.1837 0.91919 0.20614 0.91951 0.18917 0.91578 0.20754 0.91906 0.21154 0.90994 0.2062 0.91907 0.2121 0.91937 0.21476 0.91389 0.23196 0.91869 0.23063 0.92001 0.22024 0.91969 0.21718 0.92168 0.23338 0.92183 0.2344 0.92118 0.23691 0.49877 0.67851 0.49666 0.69448 0.50284 0.6971 0.92217 0.23643 0.50398 0.68176 0.4903 0.78742 0.48946 0.78843 0.48953 0.79336 0.50936 0.7064 0.50086 0.66107 0.48958 0.7996 0.51418 0.69269 0.50792 0.66935 0.4934 0.79354 0.49386 0.81547 0.48951 0.804 0.51287 0.70938 0.50304 0.64456 0.48963 0.813 0.49266 0.82606 0.4896 0.81761 0.48959 0.82397 0.49129 0.83564 0.48957 0.82472 0.52488 0.70049 0.51554 0.67574 0.5067 0.64879 0.48935 0.83321 0.49025 0.84301 0.4893 0.83775 0.51994 0.71362 0.5111 0.65456 0.50804 0.61334 0.48922 0.84343 0.48915 0.85026 0.53512 0.70682 0.52606 0.68239 0.52307 0.66323 0.51835 0.64283 0.51144 0.61633 0.48918 0.85034 0.48915 0.85059 0.5364 0.68796 0.50913 0.59039 0.49516 0.85748 0.48916 0.85461 0.54164 0.72203 0.5372 0.67251 0.52976 0.66814 0.52352 0.64434 0.51852 0.61678 0.49083 0.8602 0.48916 0.85574 0.48938 0.85763 0.54915 0.70989 0.54785 0.67952 0.52065 0.58299 0.4894 0.86125 0.54655 0.65723 0.53569 0.64414 0.52943 0.62786 0.52612 0.57447 0.51382 0.56089 0.56229 0.68897 0.55348 0.66675 0.52582 0.60645 0.52783 0.5442 0.54733 0.64007 0.54025 0.63495 0.53504 0.61169 0.54659 0.55782 0.53626 0.59498 0.55769 0.6456 0.53931 0.57594 0.55023 0.61922 0.54182 0.61491 0.54395 0.5949 0.54738 0.57704 0.55781 0.62289 0.56965 0.62869 0.55918 0.60962 0.55052 0.59576 0.47838 0.66175 0.47743 0.65441 0.47364 0.67198 0.48191 0.65185 0.47062 0.6672 0.47649 0.67702 0.48063 0.64091 0.48209 0.66338 0.46926 0.67848 0.47283 0.65047 0.47676 0.6909 0.48078 0.68195 0.4882 0.64834 0.47029 0.66329 0.47193 0.68682 0.4762 0.63782 0.48533 0.62278 0.49084 0.65071 0.48517 0.6719 0.46925 0.69422 0.47171 0.64835 0.47293 0.70918 0.48165 0.69558 0.47726 0.62153 0.48222 0.61827 0.48866 0.63149 0.48777 0.66031 0.48627 0.70385 0.46905 0.70362 0.48068 0.71094 0.4742 0.63544 0.48659 0.60061 0.49042 0.61517 0.49193 0.64213 0.49541 0.65594 0.49154 0.69228 0.49306 0.67465 0.46741 0.71616 0.47394 0.72133 0.48528 0.71507 0.47112 0.62937 0.47733 0.601 0.49447 0.61812 0.49139 0.70617 0.46925 0.71934 0.48815 0.90228 0.48753 0.90113 0.48807 0.90431 0.48825 0.90488 0.49286 0.72032 0.48674 0.58132 0.49636 0.60297 0.50113 0.61799 0.49109 0.90525 0.48835 0.90633 0.48873 0.87771 0.4888 0.87272 0.4883 0.87783 0.47102 0.59288 0.49709 0.58404 0.48996 0.86872 0.48756 0.88359 0.48762 0.88448 0.47614 0.56702 0.49189 0.55983 0.50296 0.6032 0.49064 0.887 0.48736 0.8861 0.48714 0.89162 0.48968 0.89352 0.48714 0.8929 0.48743 0.88487 0.4874 0.89529 0.48849 0.90057 0.48729 0.89871 0.48734 0.90022 0.74409 0.566 0.74398 0.56783 0.74446 0.56755 0.73875 0.57122 0.73882 0.57126 0.73875 0.57132 0.73549 0.57043 0.73643 0.57265 0.73578 0.57309 0.73444 0.57376 0.72841 0.5745 0.729 0.57643 0.7281 0.57708 0.72607 0.57866 0.72475 0.57958 0.46339 0.72184 0.46712 0.70784 0.46194 0.71218 0.7246 0.57246 0.68533 0.59669 0.68821 0.60296 0.68801 0.60233 0.68606 0.59791 0.72425 0.57983 0.92899 0.18222 0.93109 0.16934 0.92844 0.17099 0.93293 0.17882 0.9322 0.1592 0.92716 0.18725 0.93112 0.18666 0.93748 0.17673 0.93413 0.16181 0.93332 0.18919 0.93582 0.15107 0.93016 0.19579 0.94029 0.16043 0.93747 0.19065 0.93532 0.1357 0.93468 0.20386 0.94683 0.1708 0.9416 0.18708 0.9388 0.14003 0.71958 0.56988 0.94723 0.15359 0.94149 0.13435 0.94031 0.1127 0.94497 0.12885 0.95164 0.15143 0.94396 0.19403 0.9366 0.11103 0.95105 0.12669 0.95096 0.17153 0.94815 0.18086 0.94524 0.10655 0.95083 0.10362 0.95559 0.12388 0.95421 0.17609 0.94141 0.10103 0.95679 0.10892 0.95569 0.1487 0.9498 0.18609 0.9549 0.18071 0.94601 0.08682 0.9626 0.0933 0.96072 0.11562 0.95927 0.1396 0.95831 0.16524 0.95285 0.07979 0.9582 0.08224 0.95168 0.18991 0.95929 0.18154 0.95136 0.05406 0.9691 0.06509 0.96507 0.1151 0.96433 0.12736 0.96377 0.14371 0.95292 0.19621 0.94605 0.19749 0.96188 0.15629 0.95598 0.0466 0.96712 0.09502 0.96436 0.04924 0.9527 0.21164 0.94295 0.19614 0.94857 0.2044 0.95652 0.19983 0.96494 0.1663 0.97478 0.06007 0.96854 0.12844 0.95567 0.22458 0.94416 0.20183 0.96135 0.19316 0.98376 0.08229 0.97768 0.03227 0.97381 0.10129 0.97089 0.14744 0.9701 0.16256 0.94823 0.21773 0.94533 0.21263 0.96196 0.21134 0.96914 0.17548 0.98751 0.06851 0.9969 0.03004 0.97655 0.00663 0.97346 0.1221 0.96564 0.19622 0.962 0.22686 0.99159 0.1158 0.97863 0.11451 0.97557 0.16566 0.97588 0.15017 0.96859 0.20268 0.96721 0.22149 0.9839 0.11566 0.97705 0.13413 0.97412 0.18056 0.96784 0.2361 0.9822 0.13646 0.98181 0.15293 0.98053 0.17211 0.97264 0.23011 0.97716 0.1938 0.98883 0.13866 0.97284 0.2123 0.71988 0.5792 0.72051 0.58142 0.72312 0.58036 0.99581 0.14134 0.98826 0.15604 0.98682 0.17466 0.97565 0.22499 0.97918 0.21215 0.98369 0.19666 0.97781 0.2393 0.99448 0.16315 0.99228 0.181 0.98585 0.22777 0.99005 0.20142 0.99826 0.18507 0.99813 0.20956 0.99493 0.23763 0.68995 0.60093 0.68997 0.60256 0.71973 0.58194 0.69066 0.60239 0.71827 0.58234 0.69139 0.59077 0.69225 0.60203 0.69365 0.60144 0.71702 0.57012 0.71645 0.58305 0.69469 0.59214 0.69405 0.60134 0.81498 0.05651 0.81491 0.04457 0.81006 0.05039 0.81702 0.06106 0.81367 0.06946 0.81995 0.04868 0.80958 0.09634 0.81661 0.08036 0.8205 0.05654 0.81422 0.10422 0.80443 0.09219 0.8219 0.06752 0.81532 0.13221 0.80311 0.12893 0.79482 0.04778 0.82092 0.10213 0.82256 0.08699 0.80932 0.14315 0.79468 0.07105 0.81439 0.17764 0.7942 0.11343 0.80362 0.16114 0.78843 0.02084 0.82222 0.18331 0.8106 0.18753 0.78374 0.06268 0.79855 0.15714 0.81491 0.19273 0.78695 0.1139 0.79165 0.17295 0.80512 0.21023 0.77555 0.00693 0.81932 0.2042 0.81044 0.23939 0.78019 0.08111 0.78783 0.1745 0.77355 0.04141 0.77514 0.09944 0.77767 0.14201 0.79391 0.22814 0.7628 0.04566 0.76485 0.08717 0.77921 0.18979 0.78777 0.23099 0.754 0.02869 0.76848 0.12368 0.76556 0.18443 0.75721 0.08068 0.75045 0.066 0.7621 0.11531 0.75493 0.10886 0.74374 0.04082 0.7471 0.08542 0.74997 0.14618 0.75587 0.18061 0.7531 0.20565 0.74717 0.18668 0.71336 0.57619 0.71554 0.58358 0.87963 0.19392 0.89193 0.19112 0.89096 0.16844 0.87814 0.21152 0.90597 0.19113 0.89145 0.13891 0.87555 0.20945 0.90187 0.16663 0.8809 0.13843 0.87335 0.16717 0.91277 0.16802 0.89809 0.14155 0.87816 0.10014 0.86819 0.16938 0.90536 0.15447 0.91136 0.19583 0.90303 0.12302 0.87077 0.15763 0.892 0.08494 0.87469 0.11403 0.91223 0.14463 0.8658 0.13696 0.88714 0.06023 0.87006 0.05134 0.86321 0.1494 0.9183 0.13765 0.91316 0.13125 0.91916 0.17025 0.90316 0.09933 0.86333 0.10684 0.71282 0.58449 0.91018 0.12274 0.85988 0.13255 0.85725 0.05846 0.91584 0.11458 0.69664 0.59999 0.71103 0.58548 0.71031 0.58207 0.90732 0.08805 0.8582 0.14909 0.85939 0.10413 0.69803 0.59951 0.69847 0.59394 0.70191 0.59582 0.70084 0.59793 0.70199 0.59701 0.91072 0.09045 0.8573 0.1604 0.85455 0.15455 0.85513 0.13063 0.85565 0.09965 0.70997 0.58632 0.70225 0.59676 0.70855 0.58843 0.70475 0.59434 0.85213 0.08466 0.70473 0.59435 0.70815 0.57429 0.70757 0.58949 0.70714 0.59001 0.85348 0.17845 0.85085 0.14554 0.85165 0.11043 0.85249 0.06436 0.70628 0.5839 0.66204 0.61902 0.66261 0.62227 0.66584 0.62056 0.66584 0.62054 0.84893 0.15957 0.85345 0.20164 0.84811 0.09272 0.84854 0.19895 0.85623 0.22014 0.84636 0.13271 0.8485 0.06195 0.8388 0.18999 0.85192 0.2357 0.84368 0.21256 0.83663 0.13962 0.84374 0.08233 0.8365 0.16662 0.83826 0.21332 0.83327 0.18995 0.84556 0.23198 0.83163 0.14291 0.82835 0.17023 0.85109 0.25923 0.83216 0.2215 0.83567 0.2385 0.82877 0.20184 0.82414 0.17539 0.82747 0.22783 0.82274 0.1947 0.82373 0.22806 0.86086 0.35011 0.8558 0.34805 0.85701 0.35771 0.85806 0.3367 0.85039 0.3528 0.86374 0.34279 0.85401 0.34089 0.84989 0.34063 0.86823 0.34894 0.86151 0.33198 0.8544 0.32999 0.84413 0.34998 0.8664 0.33267 0.85825 0.32075 0.85054 0.33259 0.84372 0.34199 0.87562 0.33064 0.86055 0.30615 0.85267 0.31302 0.8509 0.32637 0.84724 0.33519 0.83986 0.34015 0.87054 0.31543 0.85213 0.30498 0.84242 0.33423 0.8385 0.34731 0.87918 0.31017 0.85866 0.29344 0.8674 0.30619 0.8477 0.30571 0.84674 0.32559 0.83591 0.33954 0.83475 0.33235 0.88009 0.33437 0.86513 0.29471 0.85439 0.29096 0.84562 0.2895 0.84294 0.32544 0.82874 0.34319 0.83772 0.32415 0.88463 0.31534 0.8642 0.27453 0.85918 0.26729 0.84292 0.31585 0.8432 0.30483 0.8284 0.35743 0.83225 0.32263 0.87559 0.29596 0.88464 0.29014 0.87708 0.2613 0.85433 0.27306 0.84837 0.28476 0.84327 0.29462 0.82451 0.36461 0.8329 0.36541 0.82664 0.32457 0.83527 0.31281 0.88874 0.27446 0.86826 0.25379 0.85518 0.2626 0.84459 0.27278 0.83948 0.30425 0.83921 0.28445 0.83939 0.29444 0.81942 0.34899 0.8193 0.32791 0.88523 0.27665 0.86338 0.23972 0.87238 0.21063 0.85948 0.23689 0.83982 0.26428 0.81929 0.33726 0.82295 0.29629 0.88241 0.25964 0.86631 0.20513 0.83538 0.29451 0.83574 0.30388 0.83527 0.285 0.80659 0.34724 0.82081 0.30388 0.83187 0.30384 0.86079 0.20254 0.8356 0.27208 0.80796 0.32729 0.81967 0.28969 0.8165 0.30957 0.82904 0.29477 0.86504 0.16895 0.83111 0.27938 0.81571 0.3205 0.79993 0.34758 0.82699 0.2828 0.81619 0.294 0.86108 0.15627 0.82686 0.25982 0.80739 0.31199 0.80435 0.30799 0.81847 0.2729 0.81225 0.28968 0.8098 0.30275 0.82512 0.27232 0.82171 0.25962 0.81769 0.25987 0.80857 0.28701 0.81212 0.27618 0.81362 0.24476 0.8006 0.39157 0.8078 0.41356 0.8101 0.38537 0.79954 0.41172 0.80282 0.36958 0.80095 0.44576 0.7962 0.39879 0.79379 0.38085 0.79035 0.41352 0.79173 0.44739 0.78876 0.39597 0.79338 0.37053 0.79616 0.46093 0.78641 0.41774 0.7857 0.39006 0.78941 0.37278 0.78532 0.46612 0.78561 0.44188 0.78295 0.40461 0.77597 0.38942 0.77627 0.40949 0.77863 0.43611 0.77784 0.42357 0.7785 0.37543 0.77595 0.45451 0.77206 0.39676 0.77245 0.38514 0.7677 0.42494 0.76794 0.44083 0.76581 0.38442 0.76415 0.40518 0.76417 0.43188 0.76148 0.44701 0.76223 0.37959 0.75934 0.39148 0.75718 0.43596 0.7622 0.36117 0.75891 0.41134 0.75446 0.408 0.75543 0.39043 0.75164 0.41851 0.74936 0.37209 0.74939 0.39115 0.75619 0.34247 0.7392 0.40782 0.74921 0.35601 0.74433 0.37188 0.7403 0.3952 0.74057 0.35134 0.93903 0.68225 0.93595 0.67337 0.93428 0.6771 0.94278 0.67845 0.92982 0.67181 0.93595 0.68594 0.9466 0.69159 0.94313 0.66805 0.93506 0.66185 0.92941 0.6782 0.94589 0.69951 0.94906 0.68512 0.94561 0.67417 0.93891 0.66302 0.93082 0.63772 0.92631 0.6747 0.9457 0.70769 0.93012 0.68673 0.95763 0.68944 0.95433 0.71082 0.95173 0.6659 0.93817 0.65041 0.92768 0.65115 0.92381 0.6812 0.92667 0.66716 0.93645 0.69916 0.95703 0.67891 0.95325 0.67659 0.94626 0.65228 0.94045 0.63803 0.93354 0.62542 0.92707 0.62699 0.92286 0.67627 0.92154 0.66965 0.94722 0.73368 0.94134 0.7161 0.92846 0.69305 0.96912 0.68169 0.96627 0.72773 0.95736 0.66699 0.95516 0.65608 0.93721 0.63214 0.92602 0.62027 0.92235 0.66402 0.92583 0.64448 0.91745 0.67992 0.94275 0.72897 0.95112 0.73841 0.93768 0.72125 0.92915 0.70031 0.92594 0.69964 0.96549 0.67492 0.97018 0.69919 0.97241 0.7116 0.96324 0.74123 0.94538 0.64 0.94005 0.6251 0.93091 0.61342 0.91614 0.65626 0.92426 0.63462 0.92207 0.64717 0.92168 0.61716 0.91839 0.6719 0.91755 0.69235 0.94553 0.74797 0.93291 0.71771 0.9214 0.6987 0.97414 0.67225 0.9726 0.73328 0.96692 0.66507 0.95705 0.64019 0.94569 0.63225 0.92579 0.61281 0.91859 0.62278 0.91905 0.63653 0.91601 0.66243 0.91358 0.67197 0.91322 0.67953 0.93827 0.74645 0.93282 0.73793 0.92307 0.72017 0.92845 0.7184 0.96362 0.65219 0.95196 0.6187 0.93889 0.61123 0.92972 0.60569 0.91745 0.64268 0.91828 0.62949 0.92149 0.60245 0.91636 0.61224 0.91537 0.66785 0.91911 0.70246 0.91168 0.70026 0.91226 0.65382 0.93987 0.76062 0.92718 0.75114 0.97141 0.66118 0.95984 0.63215 0.91314 0.64727 0.91499 0.62627 0.91545 0.63469 0.91457 0.61955 0.91142 0.66322 0.91052 0.66793 0.91557 0.70782 0.91007 0.68102 0.91194 0.65889 0.93462 0.75776 0.92195 0.7356 0.91741 0.72465 0.97479 0.64179 0.96541 0.62825 0.95239 0.60734 0.9332 0.59823 0.91271 0.63811 0.91769 0.59632 0.91231 0.60709 0.90858 0.67172 0.90872 0.70176 0.91145 0.71429 0.90623 0.64342 0.90527 0.6529 0.92095 0.74972 0.9788 0.65367 0.96403 0.61764 0.93936 0.59838 0.92781 0.5791 0.9075 0.62125 0.90651 0.61317 0.90529 0.66282 0.90795 0.67677 0.90728 0.68124 0.97432 0.62109 0.95366 0.59922 0.93376 0.58314 0.90615 0.63203 0.91429 0.57733 0.92662 0.56888 0.90807 0.60793 0.90456 0.65635 0.90416 0.66825 0.91392 0.72789 0.90491 0.67245 0.90861 0.72941 0.90447 0.69679 0.90087 0.64533 0.91844 0.74526 0.96943 0.60676 0.94964 0.5856 0.93748 0.58003 0.92997 0.56237 0.90192 0.63352 0.90176 0.61664 0.90858 0.5864 0.89997 0.61147 0.90062 0.65799 0.90113 0.66589 0.90553 0.72325 0.90511 0.67918 0.90515 0.71226 0.91913 0.76768 0.96459 0.59398 0.93706 0.55937 0.90235 0.62773 0.9208 0.56708 0.90973 0.56867 0.93223 0.54565 0.90419 0.59509 0.9002 0.60183 0.90135 0.67332 0.91447 0.74699 0.9106 0.73284 0.90586 0.74359 0.9026 0.68532 0.90151 0.70174 0.89673 0.63959 0.95488 0.57596 0.90379 0.62481 0.90043 0.62777 0.90093 0.62171 0.9221 0.55926 0.91306 0.55662 0.9038 0.5765 0.90874 0.56273 0.92699 0.54097 0.89739 0.60684 0.89324 0.64198 0.89799 0.6595 0.89874 0.6699 0.90128 0.72313 0.90071 0.73221 0.89913 0.63196 0.93889 0.54126 0.90218 0.5685 0.90498 0.56167 0.9305 0.53318 0.90122 0.58882 0.8982 0.59666 0.89426 0.66248 0.90011 0.6771 0.90908 0.75036 0.90185 0.74758 0.89963 0.69875 0.90022 0.71975 0.89724 0.63069 0.89121 0.63543 0.89796 0.61961 0.89727 0.62517 0.92138 0.5495 0.9091 0.55599 0.92351 0.53722 0.89574 0.58979 0.89231 0.65363 0.89365 0.66936 0.89746 0.67328 0.91224 0.76844 0.90703 0.75777 0.89912 0.72751 0.90332 0.76026 0.90093 0.74059 0.90053 0.68498 0.89986 0.71099 0.89487 0.62886 0.89196 0.6321 0.89098 0.64041 0.8947 0.61721 0.91553 0.54832 0.90908 0.55085 0.89528 0.59908 0.89037 0.65645 0.89051 0.66116 0.8959 0.72569 0.90017 0.76241 0.89826 0.74916 0.8984 0.68632 0.89837 0.70847 0.89879 0.71837 0.89405 0.6218 0.89419 0.63381 0.88925 0.62895 0.89363 0.61505 0.89743 0.58629 0.89239 0.5902 0.89014 0.64631 0.88876 0.65503 0.89666 0.67771 0.8894 0.66315 0.89627 0.70082 0.89151 0.62551 0.88935 0.6251 0.88663 0.63206 0.91651 0.54141 0.89642 0.57765 0.89152 0.57607 0.89341 0.60172 0.89382 0.67431 0.88605 0.65683 0.89128 0.67218 0.89592 0.73566 0.89757 0.75332 0.89457 0.68122 0.89676 0.71463 0.89078 0.61974 0.8867 0.62675 0.8909 0.6133 0.89056 0.58315 0.89148 0.59471 0.88708 0.64779 0.88554 0.64038 0.88559 0.65861 0.88855 0.66927 0.89141 0.726 0.89218 0.70543 0.89524 0.71578 0.88808 0.61718 0.8841 0.62482 0.89546 0.57165 0.88807 0.58285 0.88524 0.64661 0.88419 0.63752 0.8848 0.65101 0.89233 0.67961 0.88272 0.65616 0.88571 0.66352 0.88935 0.67794 0.89368 0.71601 0.89201 0.73553 0.89483 0.74539 0.89153 0.70201 0.8871 0.6079 0.88492 0.61514 0.88395 0.63006 0.89321 0.57022 0.8876 0.57515 0.88931 0.59324 0.88913 0.60341 0.883 0.65036 0.88581 0.6687 0.88547 0.6721 0.89147 0.71808 0.88833 0.72574 0.89351 0.76137 0.88929 0.70841 0.89185 0.71334 0.88247 0.62335 0.88312 0.61802 0.89537 0.56502 0.88665 0.58115 0.88735 0.59671 0.88244 0.62878 0.882 0.6416 0.8905 0.68832 0.87995 0.64978 0.88206 0.65849 0.88117 0.66163 0.88776 0.68269 0.88893 0.71388 0.88895 0.73543 0.89182 0.74546 0.88874 0.70234 0.88506 0.60903 0.8836 0.61354 0.89364 0.56428 0.8906 0.56669 0.88413 0.57532 0.88503 0.59151 0.88238 0.63327 0.88137 0.63774 0.8796 0.65185 0.87898 0.64463 0.88502 0.67573 0.88597 0.72101 0.88718 0.73734 0.88635 0.71372 0.88421 0.60212 0.88148 0.6194 0.89632 0.55809 0.88676 0.56911 0.88327 0.59319 0.87888 0.63844 0.8798 0.6254 0.88773 0.68834 0.88553 0.69876 0.87763 0.64347 0.88056 0.64394 0.87995 0.65676 0.88116 0.66514 0.88547 0.6853 0.88127 0.66981 0.88895 0.74596 0.88489 0.70984 0.88286 0.60772 0.89511 0.5541 0.88911 0.55909 0.87643 0.62762 0.87725 0.6324 0.87909 0.65667 0.87718 0.63986 0.87994 0.6626 0.88273 0.67916 0.88441 0.73232 0.88195 0.70882 0.88678 0.74382 0.88904 0.75455 0.87985 0.61435 0.89263 0.55495 0.87654 0.62255 0.87555 0.63079 0.88304 0.6924 0.87798 0.65284 0.87414 0.63726 0.87924 0.66835 0.88087 0.67468 0.88242 0.71963 0.88689 0.55925 0.8748 0.61931 0.87622 0.63547 0.87608 0.64189 0.87763 0.65512 0.87836 0.65967 0.8797 0.68763 0.88152 0.73321 0.88419 0.74354 0.87921 0.71166 0.88065 0.69914 0.87696 0.61225 0.87289 0.62191 0.87259 0.63127 0.87517 0.64133 0.87549 0.65272 0.87787 0.6631 0.87917 0.67964 0.87901 0.70003 0.87672 0.60026 0.87274 0.61025 0.8712 0.62497 0.87478 0.6481 0.87682 0.65719 0.8729 0.6375 0.87252 0.63474 0.8767 0.66384 0.87795 0.67138 0.8788 0.67492 0.87716 0.68177 0.87173 0.61963 0.8716 0.62912 0.87194 0.64049 0.8731 0.64919 0.87412 0.65332 0.87176 0.63771 0.87703 0.66997 0.87718 0.69413 0.871 0.62012 0.87054 0.62624 0.87211 0.64591 0.87543 0.66263 0.87512 0.65839 0.87594 0.66773 0.87169 0.60519 0.87057 0.6195 0.87126 0.64197 0.87057 0.63734 0.86969 0.64237 0.8711 0.65006 0.87337 0.65577 0.87018 0.63215 0.87637 0.67529 0.87094 0.60986 0.87073 0.61487 0.86945 0.62299 0.87032 0.64153 0.86943 0.63894 0.86939 0.63438 0.87249 0.65819 0.87479 0.66597 0.86961 0.64619 0.86923 0.63079 0.87548 0.6727 0.86908 0.61838 0.86825 0.64027 0.8709 0.65296 0.86882 0.62546 0.86989 0.61389 0.86691 0.62661 0.86792 0.63292 0.86743 0.63629 0.86619 0.63469 0.8663 0.63144 0.86407 0.62249 0.86491 0.63275 0.86483 0.62879 0.86245 0.62564 0.78423 0.32192 0.78328 0.27951 0.77626 0.27927 0.78905 0.31237 0.78174 0.26905 0.77715 0.31472 0.79694 0.27554 0.78926 0.33563 0.79253 0.25461 0.77489 0.26292 0.77033 0.28264 0.78211 0.34134 0.79933 0.29739 0.79783 0.32614 0.78313 0.25251 0.77001 0.30909 0.77455 0.32918 0.80156 0.2705 0.80323 0.24357 0.78934 0.35287 0.79789 0.23279 0.77876 0.24269 0.76396 0.32368 0.77753 0.3499 0.78109 0.3605 0.76948 0.33284 0.80861 0.2641 0.77499 0.36866 0.7643 0.35979 0.76686 0.37674 0.01904 0.25541 0.02733 0.24135 0.01857 0.23171 0.02676 0.28227 0.02842 0.20163 0.01215 0.24495 0.03676 0.24323 0.02573 0.30802 0.02054 0.20211 0.0154 0.21706 0.0167 0.27164 0.03717 0.279 0.01786 0.30074 0.03787 0.176 0.02023 0.16324 0.01165 0.22933 0.00803 0.27845 0.02868 0.14474 0.04344 0.18647 0.01359 0.18321 0.0113 0.19416 0.00419 0.23722 0.02281 0.14102 0.01424 0.16742 0.0088 0.21555 0.01404 0.14086 0.66869 0.61821 0.66591 0.6112 0.66932 0.61768 0.66933 0.6103 0.67243 0.61064 0.6704 0.61663 0.67232 0.61458 0.67561 0.61131 0.67533 0.61215 0.67561 0.6119 0.6758 0.61174 0.6807 0.6093 0.68285 0.59585 0.68264 0.6081 0.68705 0.60519 0.68642 0.60592 0.687 0.60559 0.6871 0.60551 0.68723 0.60542 0.68728 0.60532 0.20125 0.78429 0.20413 0.78992 0.2088 0.78822 0.20889 0.78737 0.2152 0.78115 0.21929 0.78527 0.22222 0.78478 0.22349 0.77418 0.22689 0.77559 0.2233 0.78431 0.22601 0.78223 0.23193 0.76971 0.22666 0.78206 0.22987 0.78074 0.23389 0.77754 0.23224 0.78017 0.23392 0.7798 0.23668 0.7782 0.23515 0.77032 0.23722 0.77789 0.23753 0.77081 0.23736 0.77779 0.23778 0.77758 0.24094 0.77197 0.51833 0.52382 0.51338 0.51622 0.51289 0.52117 0.24225 0.77573 0.24572 0.77466 0.50965 0.49199 0.31308 0.5061 0.31368 0.47949 0.30879 0.48171 0.31936 0.523 0.30503 0.4716 0.30883 0.51864 0.32202 0.54006 0.29378 0.50895 0.30374 0.53784 0.32964 0.52093 0.2896 0.49772 0.30214 0.57166 0.3282 0.55139 0.28947 0.52228 0.32199 0.58066 0.33416 0.53997 0.33275 0.56646 0.33536 0.55315 0.33557 0.54038 0.3351 0.57496 0.33885 0.54207 0.34046 0.52763 0.33825 0.55665 0.24671 0.77429 0.2449 0.75675 0.25165 0.76668 0.24753 0.774 0.25241 0.77175 0.25628 0.77052 0.25877 0.76975 0.25922 0.76427 0.26119 0.76942 0.26289 0.76923 0.10878 0.1329 0.10436 0.11978 0.09817 0.1174 0.09602 0.13008 0.09226 0.11427 0.08916 0.11728 0.08974 0.11265 0.08792 0.11206 0.08671 0.11173 0.07999 0.10929 0.08061 0.12767 0.07536 0.10718 0.07426 0.11028 0.07455 0.10682 0.07329 0.10595 0.07003 0.10421 0.06842 0.1155 0.06705 0.10311 0.06567 0.1024 0.06137 0.11359 0.06167 0.10411 0.06435 0.10179 0.06242 0.1014 0.06165 0.10116 0.05747 0.0994 0.05579 0.09888 0.05532 0.11472 0.05179 0.11053 0.05547 0.09873 0.05094 0.09789 0.0508 0.09772 0.05099 0.10136 0.04878 0.09752 0.04855 0.09871 0.04417 0.10364 0.04703 0.09701 0.04328 0.0958 0.04116 0.09912 0.04213 0.0954 0.03736 0.09809 0.0407 0.09468 0.03771 0.09345 0.03437 0.09185 0.0333 0.0914 0.03034 0.09384 0.0296 0.09018 0.02819 0.09154 0.02812 0.08972 0.02688 0.08234 0.02647 0.0829 0.02662 0.07978 0.10762 0.12174 0.11085 0.12553 0.10971 0.12187 0.111 0.12198 0.11543 0.13032 0.11199 0.12217 0.12351 0.12442 0.12293 0.12896 0.12687 0.1261 0.12653 0.12477 0.1271 0.12479 0.131 0.12443 0.13344 0.12421 0.12695 0.14652 0.1337 0.12422 0.13368 0.14717 0.17704 0.14466 0.17338 0.13513 0.17109 0.13485 0.16921 0.14779 0.13583 0.1387 0.13382 0.1242 0.1664 0.13388 0.13782 0.12436 0.16406 0.13303 0.16395 0.13418 0.14176 0.12788 0.13844 0.12452 0.16346 0.13284 0.14199 0.12562 0.16038 0.13216 0.15993 0.14705 0.14497 0.13114 0.14449 0.12653 0.1535 0.13076 0.15311 0.13063 0.1528 0.13454 0.15141 0.1298 0.14602 0.12735 0.19445 0.13837 0.19788 0.13272 0.19401 0.13485 0.1876 0.13671 0.18529 0.13584 0.18829 0.136 0.18689 0.13609 0.1878 0.13597 0.18749 0.13604 0.20652 0.28892 0.21242 0.29337 0.21225 0.28739 0.20662 0.27598 0.21203 0.28065 0.21198 0.27636 0.20917 0.26644 0.21178 0.26889 0.21165 0.26474 0.21113 0.24771 0.21144 0.24844 0.21143 0.24791 0.21153 0.24483 0.2077 0.24246 0.21178 0.23803 0.21025 0.22054 0.21185 0.23205 0.21195 0.2221 0.20981 0.22951 0.21199 0.23558 0.21129 0.21104 0.20554 0.21647 0.2112 0.21005 0.21094 0.20343 0.20742 0.19966 0.21084 0.20146 0.21035 0.19652 0.20784 0.19243 0.21001 0.19367 0.20937 0.18764 0.20353 0.18039 0.20905 0.18343 0.20854 0.17454 0.20504 0.16504 0.20837 0.17134 0.20788 0.16131 0.20658 0.15548 0.20767 0.15633 0.20762 0.15462 0.20755 0.15197 0.20009 0.13247 0.20258 0.15398 0.19975 0.13251 0.0263 0.07615 0.02499 0.07663 0.02577 0.07336 0.02293 0.07548 0.0244 0.07373 0.02293 0.07408 0.02146 0.07537 0.01992 0.07629 0.01889 0.07931 0.01196 0.07787 0.01376 0.07589 0.01249 0.07565 0.012 0.07531 0.01138 0.07248 0.38413 0.29956 0.38091 0.30078 0.38169 0.29614 0.37815 0.29813 0.38083 0.29579 0.37889 0.29392 0.37577 0.29438 0.37726 0.29278 0.37657 0.29181 0.37414 0.28929 0.37369 0.28958 0.37322 0.28769 0.36979 0.28959 0.37158 0.28403 0.36667 0.27832 0.37007 0.28117 0.36804 0.27812 0.36751 0.27447 0.36559 0.27153 0.36611 0.27073 0.36475 0.26908 0.35815 0.26058 0.35875 0.26054 0.35841 0.25989 0.36027 0.27398 0.36368 0.26722 0.3597 0.26174 0.35636 0.26746 0.36331 0.26677 0.36144 0.26471 0.36085 0.26363 0.35416 0.26224 0.67881 0.94939 0.67855 0.94995 0.6795 0.95093 0.68435 0.95329 0.68038 0.95194 0.68242 0.95437 0.68637 0.95672 0.68317 0.9557 0.68468 0.95921 0.68528 0.96025 0.68875 0.96375 0.68746 0.96428 0.68797 0.96522 0.68563 0.96083 0.68779 0.96046 0.68536 0.96045 0.68883 0.96657 0.69021 0.96829 0.69306 0.96563 0.69116 0.96908 0.69212 0.96954 0.69483 0.95999 0.69218 0.96957 0.17247 0.49724 0.17091 0.51363 0.1713 0.51419 0.17397 0.50733 0.17409 0.51699 0.17268 0.51966 0.17325 0.52198 0.17552 0.52315 0.17676 0.52043 0.17671 0.52512 0.17725 0.52479 0.17798 0.52067 0.17825 0.52431 0.17909 0.50409 0.17911 0.52165 0.17953 0.52017 0.46333 0.43523 0.45684 0.4098 0.45987 0.44931 0.45373 0.43996 0.17875 0.52154 0.1798 0.51965 0.18078 0.51834 0.47129 0.43729 0.47343 0.42322 0.17874 0.52279 0.17907 0.52258 0.10368 0.7967 0.10685 0.79123 0.1037 0.79559 0.10325 0.79606 0.09999 0.80823 0.09992 0.79983 0.446 0.42632 0.09712 0.80267 0.0963 0.80913 0.09574 0.80435 0.48073 0.46269 0.47634 0.44102 0.47785 0.42932 0.09113 0.8095 0.09645 0.82964 0.09052 0.81016 0.09029 0.81036 0.08911 0.83349 0.47323 0.39988 0.44934 0.41096 0.08593 0.83006 0.09013 0.81052 0.08566 0.81498 0.08212 0.81907 0.48351 0.45299 0.48371 0.41257 0.08137 0.81998 0.083 0.84241 0.07371 0.83856 0.07873 0.82326 0.07356 0.83062 0.44325 0.41491 0.07225 0.83232 0.45693 0.38278 0.47881 0.40074 0.44672 0.3932 0.48292 0.42791 0.07081 0.83959 0.07057 0.83446 0.06988 0.83496 0.06906 0.83552 0.06644 0.83994 0.44494 0.40239 0.47016 0.38387 0.45348 0.3893 0.48262 0.38267 0.48637 0.44042 0.48784 0.38435 0.49018 0.42186 0.06453 0.84833 0.06432 0.84257 0.0625 0.84407 0.06228 0.84822 0.06166 0.84517 0.49168 0.46706 0.49018 0.45044 0.47867 0.37733 0.46095 0.37379 0.44832 0.38214 0.4411 0.39783 0.48856 0.40419 0.50061 0.46742 0.50086 0.48267 0.49462 0.45791 0.48124 0.3358 0.48636 0.36434 0.49323 0.43912 0.48974 0.38618 0.49364 0.41018 0.50247 0.45487 0.4976 0.44718 0.48775 0.34902 0.47137 0.35455 0.4909 0.37051 0.49651 0.42893 0.49251 0.39005 0.49472 0.3933 0.49716 0.40329 0.50073 0.43539 0.49392 0.35668 0.49567 0.377 0.50065 0.38402 0.50813 0.41946 0.49704 0.34294 0.49873 0.36263 0.50295 0.40869 0.50714 0.38541 0.50538 0.36237 0.05975 0.84673 0.05933 0.84743 0.05964 0.84808 0.06226 0.85613 0.05918 0.84805 0.05851 0.84919 0.05735 0.85471 0.05763 0.85092 0.05666 0.85249 0.83528 0.54339 0.83541 0.54394 0.83547 0.54338 0.83324 0.54643 0.83469 0.55346 0.83483 0.55187 0.83188 0.55198 0.83373 0.56048 0.83416 0.55877 0.83538 0.54436 0.83531 0.54562 0.8338 0.56147 0.83106 0.55721 0.83318 0.56527 0.82903 0.56358 0.8327 0.56787 0.831 0.57784 0.83025 0.58052 0.82682 0.58031 0.82684 0.59344 0.82807 0.59254 0.82907 0.58712 0.82762 0.59566 0.82675 0.6021 0.82349 0.59906 0.82579 0.61019 0.82461 0.61994 0.82262 0.61839 0.82397 0.62367 0.81621 0.62501 0.81705 0.66104 0.81887 0.65874 0.81941 0.65507 0.8222 0.63491 0.81809 0.66497 0.81144 0.72842 0.81178 0.72812 0.81198 0.7255 0.81561 0.69009 0.81583 0.69285 0.81609 0.69088 0.81632 0.68572 0.81723 0.67424 0.81295 0.71524 0.81067 0.70895 0.81225 0.69709 0.81327 0.71259 0.81493 0.70202 0.81425 0.67485 0.81676 0.67882 0.72217 0.04845 0.71756 0.04931 0.72224 0.05091 0.72226 0.05132 0.71541 0.0561 0.72124 0.05941 0.7223 0.05305 0.72239 0.06124 0.72224 0.06477 0.72178 0.07319 0.71889 0.07118 0.72132 0.0795 0.7159 0.08857 0.71994 0.09155 0.71931 0.09702 0.71874 0.09717 0.7192 0.09867 0.71803 0.11182 0.71493 0.11616 0.71698 0.11922 0.71651 0.12305 0.71609 0.12831 0.71316 0.12856 0.71563 0.13338 0.71543 0.14074 0.71491 0.1442 0.71541 0.14386 0.71554 0.14467 0.71615 0.15204 0.71395 0.15385 0.7164 0.15537 0.71637 0.16028 0.71213 0.16506 0.71602 0.16829 0.71578 0.17179 0.70956 0.17748 0.71421 0.18366 0.71461 0.18401 0.71478 0.18154 0.71456 0.18516 0.71397 0.19776 0.71167 0.196 0.71382 0.20781 0.71415 0.21521 0.70617 0.20163 0.71122 0.22515 0.71426 0.22002 0.71085 0.293 0.71252 0.29717 0.71216 0.29233 0.70986 0.30161 0.71287 0.2419 0.71373 0.25237 0.71429 0.24401 0.71039 0.25603 0.71433 0.22905 0.71433 0.23709 0.71315 0.30448 0.7133 0.26507 0.71354 0.26044 0.70795 0.27054 0.71242 0.2803 0.70878 0.38912 0.7109 0.3899 0.7108 0.38395 0.71066 0.36735 0.69935 0.36667 0.7085 0.35013 0.71136 0.35595 0.71229 0.34623 0.70231 0.34186 0.71268 0.32693 0.71286 0.32099 0.70024 0.30368 0.71283 0.31681 0.71314 0.31409 0.00495 0.65444 0.00272 0.66243 0.01584 0.67117 0.01395 0.64243 0.01857 0.67285 0.02204 0.65473 0.01947 0.67327 0.0245 0.6726 0.02888 0.66338 0.02725 0.67347 0.02998 0.67229 0.03824 0.67107 0.03619 0.64786 0.03949 0.67075 0.04153 0.65387 0.03987 0.67077 0.04371 0.66994 0.04674 0.65652 0.04534 0.67022 0.04822 0.66972 0.05226 0.66644 0.05157 0.67076 0.05701 0.6713 0.06043 0.6716 0.05936 0.65662 0.06366 0.65819 0.06128 0.67166 0.0723 0.67266 0.07397 0.64349 0.07264 0.67271 0.07823 0.64261 0.08241 0.66727 0.07303 0.67283 0.34645 0.75712 0.34317 0.78413 0.34432 0.78485 0.34031 0.77799 0.36101 0.78609 0.36616 0.77885 0.36518 0.78545 0.37152 0.7809 0.3696 0.78467 0.3707 0.78382 0.37768 0.78017 0.37767 0.78037 0.44071 0.77166 0.43581 0.77878 0.43913 0.77935 0.43305 0.76371 0.37785 0.77982 0.37882 0.77635 0.37864 0.75293 0.43148 0.77776 0.42511 0.77739 0.42634 0.77754 0.42621 0.75719 0.38356 0.75247 0.37912 0.77631 0.41973 0.76979 0.42346 0.7774 0.38031 0.77446 0.38035 0.77447 0.4185 0.77769 0.4152 0.77762 0.4126 0.76041 0.40948 0.77733 0.41074 0.77753 0.40686 0.75965 0.38291 0.7733 0.4033 0.77525 0.40461 0.77659 0.38725 0.77341 0.39132 0.76384 0.38865 0.77379 0.39299 0.77477 0.40256 0.77616 0.40352 0.77651 0.26272 0.82279 0.26702 0.8124 0.2667 0.81215 0.26842 0.83263 0.2714 0.81955 0.26775 0.81292 0.278 0.81972 0.27391 0.81739 0.27663 0.82689 0.28031 0.8213 0.28186 0.8349 0.28564 0.82171 0.28649 0.82212 0.28714 0.84275 0.28759 0.82258 0.29022 0.83023 0.2888 0.82245 0.29156 0.82629 0.29118 0.82279 0.29243 0.82283 0.29644 0.82483 0.29677 0.83499 0.29868 0.82699 0.30017 0.82829 0.29963 0.84328 0.30364 0.83207 0.30379 0.83266 0.30812 0.83886 0.31178 0.83847 0.30878 0.83667 0.31236 0.8471 0.30411 0.8325 0.30383 0.83228 0.31394 0.84013 0.31647 0.84127 0.31711 0.85495 0.27077 0.81571 0.27126 0.81614 0.05663 0.85551 0.32019 0.85655 0.31951 0.85069 0.3195 0.85263 0.32017 0.86166 0.31953 0.85896 0.31954 0.86305 0.31986 0.86749 0.31953 0.86427 0.31946 0.87018 0.31906 0.87479 0.31935 0.87196 0.31914 0.87357 0.31948 0.87262 0.31982 0.8714 0.31941 0.8715 0.46669 0.72578 0.46781 0.72375 0.86144 0.46234 0.86204 0.46208 0.86382 0.45364 0.86417 0.4606 0.86538 0.46079 0.86668 0.45632 0.86735 0.46037 0.86906 0.45932 0.87069 0.45513 0.87155 0.45704 0.87235 0.45733 0.87475 0.45729 0.87588 0.45582 0.8768 0.45923 0.87794 0.46056 0.87828 0.45517 0.87934 0.46109 0.88123 0.46109 0.88226 0.44344 0.88351 0.45962 0.88698 0.45739 0.89032 0.44298 0.88743 0.4571 0.89136 0.45537 0.89359 0.45602 0.89657 0.4511 0.89544 0.45618 0.89692 0.45707 0.90114 0.45137 0.89976 0.4574 0.90179 0.45739 0.90702 0.45459 0.90588 0.45653 0.911 0.44976 0.90745 0.456 0.91146 0.45498 0.90692 0.45625 0.91312 0.45496 0.91553 0.44951 0.91507 0.45472 0.9166 0.45462 0.91753 0.45447 0.92345 0.4527 0.92451 0.44335 0.92624 0.45198 0.92949 0.4402 0.92711 0.45172 0.9321 0.45157 0.93465 0.43567 0.93333 0.45143 0.93846 0.45207 0.93931 0.44146 0.93883 0.45204 0.9428 0.44973 0.94165 0.42564 0.94472 0.44843 0.94933 0.43312 0.94714 0.44833 0.98645 0.44754 0.98074 0.45299 0.98587 0.45355 0.98029 0.45289 0.97998 0.43978 0.97978 0.45285 0.97423 0.44693 0.97611 0.45234 0.97341 0.45249 0.9702 0.4512 0.96665 0.44048 0.96821 0.45075 0.96373 0.44953 0.9598 0.44942 0.95852 0.44383 0.95443 0.44955 0.95302 0.44939 0.73772 0.84709 0.7396 0.84611 0.73842 0.83418 0.73455 0.84325 0.73835 0.83339 0.7319 0.83225 0.73831 0.83302 0.73827 0.83244 0.73456 0.82181 0.7377 0.81935 0.73741 0.81657 0.73465 0.81028 0.73607 0.80328 0.73419 0.78895 0.7348 0.78921 0.7347 0.78788 0.68864 0.79429 0.6911 0.78194 0.68664 0.78498 0.69403 0.78757 0.73085 0.77984 0.73356 0.77995 0.69131 0.78178 0.69497 0.78152 0.69436 0.77967 0.7318 0.77213 0.69498 0.77921 0.72703 0.77509 0.7308 0.76695 0.69838 0.77698 0.69937 0.78248 0.71238 0.77282 0.71299 0.76767 0.71185 0.76836 0.71547 0.77443 0.70562 0.77213 0.70179 0.77465 0.70797 0.78143 0.70815 0.77412 0.71078 0.76893 0.70802 0.77071 0.70672 0.7714 0.70017 0.77572 0.69952 0.77611 0.71509 0.76642 0.73016 0.7605 0.73005 0.76044 0.72375 0.78055 0.72375 0.76122 0.72346 0.76144 0.73011 0.75941 0.71833 0.76497 0.71789 0.76466 0.72001 0.77212 0.7229 0.7618 0.72644 0.7595 0.72684 0.75945 0.72944 0.75757 0.72033 0.7634 0.71851 0.76432 0.71825 0.76448 0.72684 0.75924 0.43395 0.42646 0.44057 0.43215 0.42891 0.42463 0.48984 0.47642 0.49609 0.48194 0.50041 0.48568 0.50606 0.49692 0.50877 0.49914 0.4877 0.47435 0.44254 0.43497 0.48495 0.47197 0.44343 0.43601 0.4816 0.46889 0.44669 0.44105 0.48032 0.46783 0.47613 0.46471 0.44917 0.44334 0.45341 0.4469 0.46608 0.458 0.46805 0.45927 0.47178 0.46163 0.45856 0.45166 0.46242 0.45524 0.46015 0.45332 0.51256 0.52028 0.51302 0.52191 0.51671 0.52733 0.51278 0.52134 0.9204 0.11929 0.92249 0.13462 0.92135 0.17006 0.9216 0.16691 0.92191 0.16171 0.92247 0.14111 0.92107 0.176 0.92054 0.18534 0.46407 0.72344 0.4635 0.7225 0.46317 0.72178 0.46204 0.71714 0.46159 0.71573 0.46048 0.70412 0.49272 0.72238 0.49383 0.72188 0.49556 0.7198 0.49791 0.7184 0.48804 0.72171 0.48208 0.72122 0.46875 0.72387 0.48091 0.72098 0.4763 0.72202 0.54562 0.72589 0.55235 0.72818 0.54145 0.72443 0.53466 0.72289 0.53403 0.72274 0.53373 0.72278 0.52308 0.72472 0.51644 0.72498 0.51865 0.72501 0.5156 0.72466 0.51209 0.72373 0.50908 0.72089 0.50739 0.72037 0.50283 0.71755 0.50217 0.71779 0.47424 0.72203 0.47371 0.72221 0.47035 0.72288 0.45406 0.70474 0.45375 0.70692 0.45429 0.7074 0.45647 0.70554 0.45561 0.70897 0.45639 0.70961 0.45868 0.71125 0.45868 0.71113 0.83227 0.85403 0.83355 0.85394 0.83498 0.85418 0.84058 0.85444 0.84241 0.8553 0.8454 0.8563 0.84742 0.85832 0.84919 0.86096 0.84989 0.86128 0.88594 0.86456 0.88988 0.86639 0.85142 0.86112 0.88149 0.86101 0.85547 0.86118 0.88044 0.86068 0.71949 0.77615 0.85699 0.86113 0.87274 0.85762 0.85985 0.85951 0.867 0.85859 0.86414 0.85842 0.39393 0.90035 0.39214 0.90427 0.39401 0.89951 0.39441 0.89583 0.39629 0.89325 0.39621 0.89329 0.3997 0.84367 0.39936 0.84369 0.39642 0.8931 0.7209 0.78569 0.39863 0.84698 0.39647 0.89285 0.39681 0.88751 0.39688 0.88595 0.39703 0.87175 0.39718 0.87756 0.39696 0.85479 0.39675 0.86354 0.39698 0.87942 0.39698 0.86939 0.39705 0.87073 0.39223 0.90524 0.39144 0.90551 0.3912 0.90564 0.39112 0.90634 0.39038 0.91149 0.72735 0.7921 0.72484 0.79896 0.39026 0.91675 0.39026 0.91942 0.38885 0.93608 0.38732 0.93943 0.38692 0.93991 0.38839 0.93661 0.71189 0.78611 0.70374 0.7951 0.71531 0.78573 0.38047 0.96545 0.38022 0.96642 0.38122 0.96158 0.72156 0.79994 0.38173 0.95892 0.38574 0.94439 0.38558 0.94513 0.38393 0.95049 0.38313 0.95151 0.3827 0.95293 0.65373 0.62636 0.65466 0.62231 0.70838 0.79557 0.69817 0.79464 0.65325 0.62837 0.65167 0.63022 0.6524 0.62939 0.6513 0.63143 0.64854 0.64212 0.65012 0.63648 0.73127 0.80032 0.72439 0.81097 0.65306 0.629 0.39027 0.92084 0.39036 0.9223 0.38976 0.93147 0.8609 0.46273 0.71333 0.7968 0.70252 0.8115 0.70778 0.80659 0.69347 0.79412 0.85567 0.46281 0.85577 0.46288 0.72814 0.81044 0.71982 0.80936 0.85901 0.46312 0.85552 0.46268 0.85368 0.46047 0.85312 0.46053 0.70191 0.81559 0.69719 0.81827 0.73114 0.81083 0.85045 0.46026 0.72836 0.82397 0.71648 0.80787 0.72308 0.82135 0.42852 0.42441 0.42835 0.42438 0.42781 0.42415 0.42418 0.42349 0.71194 0.80853 0.70528 0.83072 0.71109 0.82016 0.69276 0.8162 0.73143 0.82156 0.42182 0.4218 0.72616 0.8253 0.71935 0.82103 0.41908 0.42011 0.41187 0.41603 0.41101 0.41546 0.4065 0.41262 0.40937 0.41452 0.40441 0.41195 0.70115 0.83043 0.71271 0.83085 0.6998 0.84006 0.3333 0.79625 0.58278 0.87292 0.72826 0.84395 0.716 0.81895 0.71843 0.8324 0.72271 0.84474 0.58302 0.87261 0.58138 0.87474 0.58728 0.86299 0.58645 0.86645 0.58686 0.86893 0.70883 0.84239 0.73141 0.84335 0.72603 0.84448 0.71641 0.83315 0.25784 0.18262 0.25744 0.16647 0.70443 0.84389 0.05592 0.86875 0.05597 0.85767 0.72951 0.85382 0.72633 0.85657 0.71842 0.84425 0.05495 0.85493 0.26268 0.80058 0.53582 0.10013 0.7083 0.85663 0.54164 0.08068 0.52541 0.07605 0.73367 0.85425 0.7187 0.85725 0.72267 0.85679 0.07287 0.50914 0.72697 0.86941 0.71285 0.8666 0.73021 0.87996 0.71775 0.87014 0.72306 0.86958 0.71273 0.87873 0.72673 0.88142 0.72262 0.88146 0.72115 0.88569 0.89373 0.87482 0.89425 0.87506 0.03645 0.50008 0.03614 0.50186 0.04743 0.50503 0.05334 0.50378 0.04976 0.51124 0.95735 0.43332 0.96254 0.43002 0.95559 0.42108 0.97936 0.83332 0.95831 0.42387 0.97613 0.85163 0.9723 0.8712 0.97362 0.88334 0.96751 0.42914 0.9642 0.92232 0.96077 0.41015 0.96722 0.41835 0.97209 0.4336 0.97422 0.25501 0.96682 0.40266 0.4418 0.91153 0.44225 0.91611 0.44917 0.92155 0.32663 0.8445 0.32712 0.84507 0.32704 0.8447 0.32696 0.84536 0.13481 0.78705 0.134 0.78842 0.97332 0.42363 0.9814 0.43016 0.97269 0.40376 0.96419 0.38364 0.87285 0.66645 0.975 0.41348 0.92308 0.24268 0.92252 0.23819 0.98689 0.4318 0.96983 0.38086 0.48931 0.86681 0.97951 0.41719 0.98367 0.42192 0.97714 0.4 0.97419 0.38576 0.97138 0.37103 0.48844 0.90734 0.4915 0.91036 0.48916 0.86926 0.76412 0.55667 0.76356 0.55836 0.76437 0.55834 0.99046 0.41864 0.98145 0.40923 0.98194 0.36913 0.98312 0.39797 0.98341 0.38064 0.95619 0.34462 0.95098 0.35535 0.96073 0.37211 0.95288 0.32491 0.95477 0.37212 0.94622 0.34928 0.96111 0.2982 0.94953 0.36929 0.95674 0.39065 0.94277 0.33285 0.95168 0.30045 0.94447 0.37758 0.94036 0.35817 0.94381 0.32084 0.96097 0.27129 0.93105 0.32847 0.93694 0.29524 0.94966 0.26506 0.95252 0.39778 0.9381 0.37578 0.9319 0.34402 0.92828 0.29892 0.94248 0.39256 0.93518 0.36053 0.92212 0.3402 0.94649 0.40806 0.92719 0.37363 0.93423 0.38649 0.92222 0.35059 0.92905 0.35766 0.93645 0.41354 0.92835 0.38421 0.93688 0.40201 0.91331 0.35049 0.92425 0.3811 0.93226 0.40195 0.91711 0.36308 0.92362 0.39296 0.92733 0.39721 0.91218 0.36052 0.93039 0.42402 0.91969 0.37839 0.92618 0.41891 0.908 0.36076 0.91031 0.38533 0.21263 0.78686 0.92263 0.40405 0.91492 0.38399 0.92508 0.43272 0.91871 0.4008 0.91674 0.38903 0.92178 0.4167 0.91311 0.40096 0.91593 0.40047 0.91764 0.41237 0.90856 0.40121 0.9207 0.4295 0.26247 0.76624 0.91644 0.42627 0.90801 0.41373 0.9199 0.44132 0.91287 0.41536 0.9115 0.43679 0.90786 0.43553 0.21284 0.30172 0.20774 0.30664 0.90814 0.44506 0.90305 0.44308 0.89913 0.43993 0.90302 0.43475 0.89533 0.43412 0.89782 0.42853 0.90351 0.42367 0.89182 0.43362 0.89727 0.41064 0.89993 0.41859 0.90363 0.40922 0.88829 0.43201 0.89292 0.42012 0.01809 0.07627 0.89425 0.39944 0.90111 0.40417 0.90582 0.39499 0.88278 0.43344 0.88909 0.41963 0.88925 0.39466 0.89872 0.39019 0.87866 0.44189 0.88445 0.41996 0.88775 0.40383 0.89457 0.37707 0.90253 0.39215 0.90674 0.38399 0.87518 0.44876 0.87908 0.43128 0.88588 0.4074 0.88285 0.40023 0.88156 0.38124 0.89965 0.3774 0.90717 0.37308 0.87541 0.43877 0.87629 0.42746 0.87997 0.41973 0.88089 0.41176 0.69648 0.96515 0.69275 0.9701 0.87766 0.38974 0.88204 0.36765 0.89557 0.35265 0.90216 0.37087 0.1729 0.51712 0.8734 0.42724 0.17344 0.51548 0.1724 0.51558 0.87763 0.40006 0.90183 0.34839 0.90695 0.35746 0.87282 0.44386 0.87688 0.41677 0.87874 0.40946 0.87726 0.35859 0.88326 0.34915 0.89632 0.33894 0.87011 0.44926 0.10709 0.79163 0.87363 0.41356 0.91168 0.33534 0.9056 0.3478 0.87332 0.33936 0.91206 0.31936 0.86666 0.44766 0.90118 0.29133 0.91473 0.28301 0.72805 0.0085 0.56366 0.57594 0.56904 0.58011 0.55983 0.56049 0.56331 0.58992 0.55791 0.57422 0.56121 0.58199 0.55502 0.56771 0.55793 0.58465 0.56324 0.41905 0.55901 0.4217 0.5625 0.43642 0.56635 0.43658 0.557 0.4413 0.56155 0.45189 0.55314 0.45195 0.5704 0.45256 0.56536 0.45491 0.57601 0.44655 0.56186 0.48195 0.55343 0.4792 0.54605 0.46803 0.57547 0.45743 0.56892 0.46275 0.56642 0.4803 0.55812 0.47994 0.57788 0.43273 0.58201 0.45674 0.56781 0.50592 0.5623 0.50222 0.55735 0.50141 0.58116 0.43726 0.57976 0.45887 0.57658 0.47206 0.57025 0.49844 0.54819 0.49412 0.58569 0.44067 0.56636 0.51915 0.57376 0.50544 0.56354 0.52151 0.54754 0.503 0.58139 0.47872 0.58521 0.45376 0.56979 0.51978 0.55768 0.51133 0.55151 0.5091 0.5399 0.49565 0.58412 0.46852 0.58884 0.44801 0.57042 0.53898 0.56287 0.53816 0.57245 0.51862 0.55686 0.53307 0.54837 0.50841 0.54511 0.51451 0.58216 0.49737 0.58311 0.48505 0.58677 0.46869 0.55974 0.54783 0.57604 0.52136 0.55443 0.52373 0.55452 0.51678 0.54827 0.51746 0.60132 0.4247 0.5902 0.46714 0.57306 0.54486 0.56587 0.5452 0.55613 0.54459 0.55436 0.52954 0.55133 0.51737 0.58273 0.51038 0.58497 0.48966 0.59875 0.44286 0.60622 0.41546 0.5717 0.55538 0.56987 0.56466 0.56808 0.57012 0.57775 0.5402 0.55609 0.55696 0.55414 0.53525 0.55278 0.52003 0.55295 0.52651 0.54838 0.5202 0.58044 0.52363 0.60611 0.44667 0.5877 0.48642 0.57437 0.56461 0.5513 0.53119 0.55114 0.52445 0.58232 0.52564 0.58639 0.50878 0.59244 0.47206 0.57978 0.54849 0.55122 0.52838 0.5885 0.50293 0.59179 0.48996 0.57269 0.57943 0.58225 0.53674 0.57683 0.56544 0.54812 0.52749 0.58545 0.52669 0.57502 0.57606 0.57152 0.58952 0.58225 0.54795 0.57963 0.56037 0.59051 0.50745 0.5751 0.59042 0.58539 0.53728 0.57618 0.58166 0.58073 0.57141 0.5878 0.53024 0.58318 0.55404 0.58157 0.55632 0.57833 0.58563 0.58635 0.54394 0.19734 0.51967 0.1978 0.5173 0.19713 0.51423 0.199 0.52369 0.19734 0.5113 0.19651 0.51592 0.19918 0.52777 0.19887 0.51931 0.19587 0.51238 0.19838 0.51285 0.19747 0.52504 0.20101 0.53544 0.20109 0.52418 0.19542 0.50175 0.19753 0.50817 0.19574 0.51897 0.19949 0.53429 0.20149 0.53269 0.19464 0.50096 0.19953 0.5108 0.19523 0.51663 0.19717 0.52777 0.1977 0.53299 0.20103 0.54213 0.2028 0.54036 0.2016 0.5287 0.19759 0.50206 0.19496 0.49454 0.19501 0.50933 0.19937 0.50128 0.19523 0.52148 0.19577 0.52648 0.19875 0.53759 0.20309 0.534 0.20048 0.51625 0.1931 0.49465 0.19311 0.50153 0.20001 0.50354 0.19461 0.51845 0.1945 0.51462 0.19723 0.54347 0.20153 0.55088 0.20465 0.53903 0.20101 0.51091 0.20354 0.52784 0.20419 0.53358 0.19634 0.49514 0.19763 0.49531 0.1939 0.49295 0.19282 0.49696 0.19313 0.50691 0.19984 0.49799 0.19406 0.52236 0.19529 0.53782 0.19556 0.54662 0.19778 0.55645 0.20425 0.54818 0.2017 0.516 0.19521 0.49074 0.19295 0.49039 0.19408 0.49062 0.19202 0.49467 0.19163 0.4997 0.20183 0.50904 0.20252 0.50374 0.1925 0.5259 0.19391 0.51583 0.19285 0.50893 0.1939 0.5309 0.20538 0.55572 0.20682 0.55071 0.20657 0.54249 0.20495 0.52808 0.2055 0.532 0.19753 0.49153 0.19613 0.48872 0.19191 0.49042 0.19338 0.48773 0.1922 0.50418 0.20054 0.49464 0.19379 0.51905 0.20361 0.51516 0.20394 0.52174 0.19448 0.48813 0.19937 0.49196 0.19227 0.48798 0.19121 0.49247 0.19043 0.49696 0.20519 0.51319 0.20273 0.50034 0.19256 0.5139 0.19299 0.51229 0.19149 0.50185 0.2088 0.55967 0.20614 0.53632 0.20587 0.52754 0.1978 0.48613 0.195 0.48464 0.19112 0.48627 0.19256 0.48407 0.19378 0.48449 0.19023 0.49431 0.20518 0.50612 0.2 0.48882 0.20168 0.49145 0.19226 0.50934 0.19164 0.50448 0.20719 0.56823 0.21059 0.55536 0.20798 0.54264 0.2062 0.51956 0.20847 0.53518 0.20632 0.5259 0.19725 0.47979 0.19616 0.48297 0.19 0.48791 0.19003 0.49794 0.20682 0.51229 0.20312 0.49689 0.20505 0.50182 0.19066 0.50248 0.211 0.56229 0.2083 0.539 0.20762 0.51703 0.19922 0.48371 0.19523 0.47665 0.19668 0.47636 0.19039 0.48048 0.19328 0.47785 0.20861 0.51091 0.20262 0.48611 0.20703 0.50276 0.19123 0.50789 0.19128 0.50506 0.21046 0.57889 0.21357 0.55836 0.21024 0.54715 0.20792 0.52853 0.2081 0.52065 0.19944 0.47222 0.19423 0.47588 0.20241 0.47472 0.19151 0.47708 0.19252 0.47539 0.2091 0.50511 0.20391 0.49437 0.20669 0.49978 0.21291 0.56753 0.21202 0.55137 0.21074 0.52276 0.2121 0.5417 0.21168 0.54526 0.19784 0.47313 0.19491 0.47066 0.1966 0.4683 0.19323 0.47366 0.19371 0.47498 0.21067 0.51602 0.21117 0.50704 0.20437 0.47429 0.20523 0.48669 0.20964 0.50028 0.21525 0.56315 0.20994 0.52829 0.21142 0.5351 0.20008 0.47096 0.19403 0.47218 0.20521 0.47869 0.20239 0.46782 0.20528 0.49234 0.20773 0.49425 0.21849 0.5768 0.21427 0.55366 0.21325 0.526 0.21406 0.54293 0.20166 0.46994 0.19407 0.46825 0.1954 0.46788 0.19332 0.47072 0.2132 0.51384 0.21229 0.49905 0.20541 0.47135 0.20463 0.46883 0.2067 0.49162 0.20552 0.48035 0.2087 0.49025 0.21656 0.55698 0.21413 0.5203 0.21494 0.55021 0.2135 0.53388 0.21424 0.5038 0.21052 0.49624 0.20654 0.47416 0.20604 0.48538 0.20595 0.47948 0.21499 0.53033 0.21524 0.51538 0.21604 0.51198 0.21391 0.49403 0.21232 0.49373 0.20644 0.46853 0.20694 0.48758 0.21043 0.48812 0.21609 0.52821 0.21762 0.52524 0.21809 0.51137 0.21537 0.49806 0.21261 0.48657 0.20745 0.47083 0.20645 0.48097 0.20746 0.48303 0.20687 0.47631 0.20844 0.48276 0.20936 0.47927 0.21824 0.54177 0.21769 0.53328 0.21928 0.51922 0.21784 0.50443 0.21652 0.49474 0.20848 0.47096 0.21104 0.48076 0.21333 0.48051 0.2231 0.51967 0.22196 0.50328 0.21847 0.49056 0.21472 0.48692 0.2087 0.47458 0.20979 0.47209 0.21144 0.47636 0.21817 0.49877 0.21815 0.48501 0.21626 0.48175 0.221 0.49462 0.22215 0.48303 0.21016 0.46679 0.21213 0.47176 0.21397 0.47482 0.21464 0.47784 0.22471 0.4959 0.21979 0.4779 0.21885 0.47671 0.2165 0.47626 0.2229 0.49121 0.22194 0.47564 0.21233 0.46603 0.21416 0.46987 0.2154 0.47381 0.22504 0.48877 0.22073 0.47152 0.22505 0.48103 0.22188 0.47292 0.2184 0.474 0.2183 0.47236 0.22666 0.49248 0.22405 0.47385 0.21738 0.46468 0.21716 0.47112 0.22948 0.50575 0.22659 0.48438 0.22434 0.4689 0.2277 0.47373 0.22522 0.4701 0.2155 0.46069 0.22055 0.46843 0.23069 0.48672 0.22359 0.46703 0.2191 0.46786 0.21805 0.45955 0.23408 0.50102 0.23142 0.48112 0.22975 0.47614 0.22849 0.46259 0.22976 0.46685 0.22006 0.46365 0.21621 0.45762 0.22369 0.46443 0.22624 0.46404 0.22119 0.46045 0.21897 0.45624 0.23704 0.49684 0.23228 0.46937 0.22566 0.46294 0.22877 0.45972 0.23119 0.46042 0.21747 0.45381 0.23495 0.48039 0.23494 0.47014 0.23385 0.46563 0.22665 0.45991 0.21992 0.45292 0.23761 0.479 0.22293 0.45824 0.22372 0.45414 0.22831 0.45657 0.23238 0.45531 0.23318 0.45906 0.21803 0.44986 0.2402 0.4783 0.23648 0.46296 0.22636 0.45395 0.2297 0.4536 0.21928 0.4472 0.2157 0.45199 0.23866 0.47242 0.24031 0.46563 0.2248 0.45097 0.23575 0.45627 0.23117 0.45057 0.23824 0.46007 0.22175 0.44829 0.21645 0.44714 0.24333 0.47176 0.22676 0.44916 0.23535 0.45113 0.22851 0.44678 0.21655 0.443 0.22055 0.44479 0.21532 0.44924 0.23989 0.45698 0.22485 0.44646 0.232 0.44709 0.22888 0.44104 0.21467 0.44232 0.21747 0.43918 0.22295 0.44378 0.21368 0.44629 0.21296 0.45032 0.24258 0.46418 0.22638 0.44408 0.23941 0.45069 0.23578 0.44668 0.22655 0.43966 0.21498 0.43501 0.22002 0.43998 0.24681 0.4629 0.24338 0.45616 0.22426 0.44079 0.24369 0.45064 0.23154 0.4408 0.228 0.43616 0.21256 0.4415 0.21273 0.4379 0.21646 0.42999 0.21954 0.43313 0.21082 0.4491 0.23812 0.44382 0.23499 0.43886 0.23142 0.43545 0.22696 0.4278 0.23023 0.42497 0.21337 0.4337 0.21479 0.43114 0.21811 0.42977 0.24717 0.45444 0.22574 0.43855 0.24257 0.44401 0.2113 0.44401 0.2113 0.43618 0.2148 0.42407 0.21656 0.42152 0.21949 0.42013 0.22205 0.4339 0.24901 0.45027 0.238 0.4377 0.24208 0.43324 0.23241 0.42121 0.22479 0.42895 0.22663 0.42199 0.21014 0.44393 0.21161 0.43104 0.22177 0.42931 0.22368 0.43047 0.23589 0.42181 0.24579 0.43789 0.23003 0.41839 0.21322 0.42357 0.21485 0.41694 0.21955 0.40792 0.22084 0.42395 0.23925 0.42933 0.25117 0.44427 0.24557 0.42933 0.2353 0.41326 0.22358 0.42668 0.23011 0.41295 0.21325 0.41661 0.22121 0.40497 0.23802 0.41759 0.24061 0.42255 0.2536 0.44792 0.24961 0.43596 0.23285 0.40801 0.22374 0.42144 0.22584 0.41606 0.21589 0.40631 0.21964 0.40282 0.22313 0.41293 0.25785 0.43641 0.25375 0.43369 0.24922 0.42271 0.24535 0.41839 0.23906 0.41288 0.23809 0.40443 0.22878 0.40694 0.22421 0.39884 0.24493 0.41657 0.23448 0.39306 0.22548 0.41089 0.23121 0.3951 0.22494 0.40286 0.25363 0.42361 0.24266 0.40291 0.23824 0.39609 0.22768 0.39249 0.24476 0.41019 0.26096 0.42959 0.25198 0.41257 0.24286 0.39772 0.24149 0.39063 0.2506 0.40644 0.26207 0.41367 0.25928 0.41062 0.24743 0.39854 0.25502 0.40386 0.2488 0.38063 0.25508 0.38653 0.28504 0.51146 0.28029 0.50561 0.27995 0.51474 0.2837 0.4934 0.27607 0.50793 0.27822 0.49179 0.28713 0.50081 0.27757 0.52089 0.27693 0.49875 0.28247 0.48538 0.2898 0.4865 0.27444 0.51604 0.27259 0.50119 0.27559 0.48046 0.27182 0.48979 0.28087 0.47684 0.28645 0.47453 0.27095 0.51208 0.26619 0.49286 0.27345 0.46907 0.26419 0.48906 0.27051 0.52031 0.27139 0.4742 0.26539 0.47366 0.26344 0.50741 0.26592 0.52197 0.26895 0.46993 0.27713 0.46468 0.26189 0.48071 0.25809 0.49782 0.27014 0.46416 0.27516 0.45588 0.28054 0.45987 0.25755 0.47157 0.25907 0.49061 0.26146 0.51486 0.26009 0.46631 0.26196 0.46129 0.25515 0.48081 0.26159 0.53438 0.25458 0.48882 0.25595 0.50419 0.26409 0.45656 0.27158 0.4583 0.25501 0.46617 0.2528 0.47047 0.25691 0.51913 0.25676 0.46104 0.26028 0.45227 0.26585 0.4519 0.26849 0.45417 0.27254 0.45246 0.24836 0.47726 0.25075 0.48449 0.25222 0.4974 0.25029 0.50312 0.25664 0.4543 0.26371 0.44934 0.27023 0.44949 0.24842 0.46859 0.25219 0.46147 0.24873 0.49075 0.24942 0.5196 0.25322 0.45666 0.25849 0.44632 0.26647 0.44549 0.26821 0.44735 0.27068 0.44197 0.24675 0.48462 0.24968 0.51156 0.26285 0.44112 0.26476 0.44096 0.26818 0.43861 0.24953 0.46496 0.24412 0.48059 0.24704 0.49691 0.24762 0.5148 0.26876 0.43382 0.2419 0.4852 0.24369 0.48928 0.2473 0.52767 0.24666 0.50651 0.26408 0.43306 0.26731 0.42221 0.24169 0.49393 0.24508 0.52096 0.24528 0.51227 0.24404 0.50648 0.26949 0.41914 0.23903 0.49429 0.24632 0.52768 0.23911 0.50124 0.2431 0.51939 0.24422 0.52318 0.24212 0.51586 0.23642 0.50389 0.24075 0.51232 0.23854 0.5114 0.24217 0.52703 0.24017 0.52902 0.23307 0.51934 0.23668 0.52768 0.2312 0.51378 0.23029 0.52685 0.32058 0.87516 0.31955 0.87559 0.32035 0.87034 0.3208 0.87307 0.32115 0.87497 0.32101 0.86926 0.32047 0.86468 0.32156 0.87295 0.3207 0.86362 0.09199 0.67659 0.32183 0.86972 0.09106 0.65664 0.32047 0.86018 0.32195 0.87248 0.32134 0.86509 0.31955 0.8578 0.32185 0.87554 0.32283 0.87352 0.3216 0.86303 0.32104 0.85877 0.32291 0.87003 0.32244 0.8663 0.3415 0.78183 0.32344 0.87061 0.32141 0.85998 0.32222 0.86215 0.32092 0.85486 0.32347 0.87304 0.32181 0.85787 0.32321 0.86442 0.31995 0.85018 0.32422 0.86944 0.3223 0.85704 0.3215 0.84701 0.32383 0.8752 0.32323 0.8589 0.32264 0.8517 0.32372 0.86251 0.32444 0.87499 0.32466 0.86498 0.32525 0.87296 0.32389 0.85684 0.32522 0.86072 0.32517 0.86868 0.32452 0.8608 0.17857 0.44993 0.1777 0.45511 0.17914 0.45145 0.17651 0.45445 0.1794 0.45624 0.17851 0.44462 0.17722 0.44923 0.17716 0.45935 0.17974 0.45145 0.1806 0.44767 0.17512 0.45458 0.17461 0.45861 0.17931 0.46066 0.18095 0.45328 0.17675 0.44338 0.1796 0.4411 0.17572 0.45069 0.18045 0.45749 0.1759 0.44811 0.17788 0.4411 0.17894 0.43953 0.17343 0.45201 0.17422 0.4572 0.18137 0.45946 0.18152 0.45601 0.17512 0.44372 0.17713 0.43949 0.17497 0.4491 0.17237 0.45433 0.17276 0.46158 0.17512 0.43892 0.17706 0.43684 0.17216 0.45085 0.1722 0.45873 0.17418 0.44103 0.17311 0.44336 0.17157 0.45331 0.17177 0.45725 0.17175 0.46088 0.17399 0.43608 0.17608 0.43655 0.1709 0.45097 0.17104 0.45734 0.17165 0.44652 0.16923 0.46161 0.17033 0.46145 0.17155 0.4639 0.17295 0.43764 0.17624 0.43188 0.16877 0.45179 0.17026 0.45671 0.17105 0.44241 0.16997 0.46399 0.17367 0.43123 0.17167 0.43094 0.17207 0.44099 0.16897 0.44782 0.16837 0.45506 0.1686 0.46108 0.17059 0.46559 0.17073 0.43339 0.17054 0.43774 0.17842 0.42482 0.16597 0.45159 0.16668 0.45488 0.16846 0.45846 0.16795 0.44638 0.16757 0.46458 0.1686 0.46613 0.17189 0.46697 0.17079 0.42831 0.17508 0.4228 0.16405 0.45815 0.16483 0.45931 0.16567 0.46145 0.16961 0.4404 0.16416 0.46704 0.16954 0.46869 0.17002 0.43146 0.1691 0.43393 0.16575 0.44696 0.16386 0.45553 0.16762 0.44035 0.16775 0.46837 0.16791 0.46983 0.17205 0.42349 0.16921 0.43007 0.16431 0.45314 0.16195 0.46344 0.16018 0.46075 0.16767 0.43476 0.1683 0.42644 0.16442 0.44114 0.16279 0.44986 0.16195 0.45245 0.16074 0.45644 0.16509 0.43427 0.16662 0.42829 0.16614 0.42488 0.16179 0.44618 0.15839 0.46365 0.15925 0.45907 0.1654 0.42986 0.168 0.41851 0.16295 0.434 0.16239 0.44149 0.1596 0.45419 0.15709 0.45711 0.16392 0.43078 0.16323 0.42395 0.15919 0.43753 0.1596 0.45061 0.15734 0.46059 0.16431 0.42734 0.16209 0.41991 0.16242 0.42769 0.1567 0.44099 0.15546 0.44668 0.15761 0.46417 0.15655 0.4631 0.16094 0.42472 0.16132 0.42987 0.15918 0.43156 0.15411 0.44087 0.15612 0.45014 0.15685 0.46579 0.15338 0.46308 0.15866 0.41962 0.1561 0.43169 0.15415 0.44366 0.15188 0.45142 0.15396 0.45787 0.15804 0.46933 0.15327 0.46719 0.15835 0.42398 0.15976 0.42682 0.15808 0.42799 0.15227 0.43441 0.15049 0.44779 0.15258 0.45649 0.15621 0.46867 0.1533 0.4605 0.15218 0.46681 0.15667 0.42125 0.15619 0.4245 0.14952 0.44209 0.14946 0.45248 0.15088 0.45769 0.15474 0.46916 0.15701 0.47068 0.15226 0.46209 0.15217 0.47011 0.15141 0.46407 0.148 0.44656 0.1559 0.47054 0.15145 0.46013 0.1515 0.47119 0.1507 0.46572 0.14611 0.44905 0.1478 0.44242 0.14805 0.45686 0.1505 0.45917 0.14851 0.46735 0.14928 0.465 0.14396 0.45535 0.14818 0.4593 0.14993 0.46087 0.14761 0.46892 0.14239 0.44857 0.14644 0.45811 0.14597 0.46824 0.14988 0.47256 0.14749 0.46599 0.14156 0.4546 0.14081 0.45853 0.14892 0.4613 0.14665 0.47028 0.14768 0.46159 0.13929 0.45691 0.14572 0.47114 0.13996 0.4576 0.1371 0.4597 0.29137 0.31152 0.28723 0.31606 0.28924 0.32889 0.28613 0.30856 0.28529 0.33071 0.29478 0.31534 0.28153 0.31302 0.2922 0.29785 0.28569 0.34254 0.27815 0.32398 0.29568 0.32655 0.29652 0.30167 0.28484 0.30284 0.29112 0.33748 0.28163 0.34001 0.27631 0.34116 0.30318 0.31127 0.30244 0.29823 0.27778 0.31076 0.27283 0.32671 0.28645 0.35158 0.27924 0.34653 0.27332 0.34273 0.29888 0.33835 0.27841 0.35381 0.29535 0.34711 0.27095 0.35263 0.27066 0.31965 0.27009 0.33081 0.27932 0.36515 0.29564 0.35545 0.26727 0.36905 0.26947 0.35143 0.30134 0.35256 0.26783 0.34104 0.27593 0.36808 0.28324 0.36406 0.28905 0.36447 0.27174 0.37149 0.26461 0.33057 0.26208 0.34361 0.27487 0.38237 0.28251 0.37984 0.29392 0.36955 0.30041 0.37207 0.26663 0.38859 0.26121 0.36186 0.26453 0.3512 0.26561 0.31695 0.27824 0.38976 0.28924 0.38731 0.26377 0.38651 0.27197 0.38429 0.26233 0.38163 0.25953 0.35372 0.26247 0.32374 0.25846 0.34351 0.27326 0.40142 0.28363 0.39118 0.26331 0.39823 0.2681 0.39457 0.25908 0.37605 0.25548 0.35632 0.25957 0.33138 0.25806 0.33627 0.27836 0.40341 0.28663 0.40524 0.25937 0.3852 0.25742 0.37201 0.25415 0.33678 0.25528 0.34945 0.26961 0.40477 0.274 0.41153 0.28108 0.40377 0.28391 0.40088 0.26583 0.40971 0.25264 0.3644 0.27188 0.41531 0.27871 0.41511 0.28247 0.41418 0.25271 0.35338 0.25022 0.36749 0.25234 0.34775 0.2673 0.41203 0.25005 0.36134 0.25043 0.34588 0.26922 0.41111 0.24877 0.35658 0.24787 0.36809 0.40304 0.59105 0.40294 0.58692 0.40143 0.59163 0.40346 0.58204 0.40203 0.58719 0.40462 0.57961 0.40233 0.58346 0.4019 0.58463 0.40374 0.57909 0.40522 0.58211 0.40256 0.58122 0.40409 0.57591 0.40556 0.57824 0.40174 0.58279 0.40319 0.57737 0.40291 0.57969 0.40672 0.57683 0.40541 0.57261 0.40348 0.5747 0.40717 0.56949 0.40418 0.57362 0.40616 0.57106 0.40303 0.57587 0.40852 0.56653 0.40468 0.57187 0.40527 0.56756 0.40379 0.5723 0.40601 0.56691 0.40896 0.55948 0.40293 0.57279 0.40432 0.56747 0.40553 0.56451 0.40305 0.56979 0.40716 0.56291 0.4064 0.56394 0.4075 0.56067 0.40439 0.5641 0.40539 0.56186 0.40331 0.56724 0.40658 0.56115 0.40826 0.55957 0.40596 0.56048 0.40647 0.55901 0.40932 0.55599 0.40735 0.5572 0.40387 0.56045 0.40309 0.56245 0.40472 0.55883 0.40859 0.55728 0.40551 0.55717 0.40857 0.55371 0.40347 0.55691 0.40414 0.5558 0.40679 0.55405 0.40769 0.55183 0.40496 0.5528 0.4056 0.55398 0.4065 0.54948 0.40649 0.55332 0.31712 0.24643 0.31356 0.25102 0.3178 0.2575 0.3122 0.24661 0.31241 0.26766 0.30825 0.27039 0.30802 0.25094 0.30726 0.27977 0.3056 0.26199 0.30391 0.28062 0.3035 0.25601 0.30295 0.27365 0.2976 0.29046 0.30232 0.26468 0.29797 0.2771 0.29715 0.28368 0.30106 0.29479 0.30027 0.25717 0.29665 0.27344 0.29157 0.29252 0.29973 0.26329 0.30037 0.24909 0.29687 0.26937 0.2916 0.28042 0.29074 0.27669 0.28884 0.2852 0.29666 0.25818 0.29709 0.25148 0.30371 0.24756 0.29241 0.27084 0.28527 0.29404 0.29638 0.26473 0.29513 0.24438 0.30043 0.23991 0.28788 0.28179 0.28864 0.27055 0.28235 0.2893 0.29097 0.2596 0.29122 0.24937 0.29665 0.23951 0.29324 0.26579 0.28437 0.27828 0.28051 0.30275 0.28246 0.29418 0.29224 0.23931 0.29586 0.2297 0.28267 0.2832 0.2855 0.26994 0.27801 0.29254 0.28675 0.26028 0.28827 0.24085 0.29344 0.233 0.27935 0.2879 0.28259 0.27832 0.28391 0.26997 0.27783 0.30068 0.27411 0.30605 0.27698 0.2968 0.28734 0.2482 0.28867 0.23548 0.29395 0.22751 0.27999 0.28308 0.28087 0.2771 0.28422 0.26161 0.27294 0.31267 0.27627 0.28816 0.2719 0.29363 0.28309 0.25239 0.2847 0.24075 0.28528 0.23703 0.29023 0.23088 0.27464 0.28334 0.27368 0.30153 0.27103 0.3093 0.27261 0.29757 0.28175 0.24782 0.28619 0.23238 0.29421 0.22283 0.27853 0.27716 0.27983 0.25528 0.26822 0.28782 0.26751 0.29751 0.28384 0.23621 0.28156 0.24255 0.28519 0.22864 0.29163 0.22175 0.27587 0.27012 0.27063 0.30243 0.26533 0.29313 0.2691 0.27969 0.27886 0.24801 0.27389 0.27302 0.26486 0.31185 0.26232 0.29145 0.26709 0.27686 0.26579 0.30364 0.2623 0.29757 0.2775 0.25512 0.27596 0.2472 0.2734 0.26444 0.26739 0.26433 0.27031 0.26154 0.2616 0.30228 0.27558 0.25386 0.26038 0.30954 0.25582 0.32252 0.26261 0.2823 0.25974 0.29209 0.26268 0.26781 0.25824 0.30615 0.25959 0.29741 0.27026 0.25449 0.25579 0.31363 0.26057 0.27631 0.26753 0.25953 0.25908 0.30184 0.27133 0.2487 0.25559 0.30982 0.24724 0.33621 0.25042 0.32289 0.25663 0.2954 0.25813 0.27057 0.26192 0.2613 0.25662 0.30136 0.26695 0.25464 0.25252 0.30991 0.25579 0.30575 0.25242 0.31371 0.2577 0.27591 0.26964 0.24674 0.25327 0.30547 0.24754 0.32538 0.25545 0.28678 0.25562 0.2778 0.25922 0.26172 0.26293 0.2557 0.25297 0.30037 0.26658 0.25102 0.25012 0.30973 0.24944 0.30439 0.24991 0.31363 0.25523 0.27064 0.26798 0.24679 0.2477 0.31704 0.25278 0.28593 0.2526 0.27773 0.2572 0.26006 0.26032 0.25576 0.26449 0.24634 0.26672 0.24518 0.26973 0.24001 0.24786 0.30931 0.24629 0.29755 0.24737 0.31357 0.24403 0.3219 0.24898 0.29046 0.25183 0.2693 0.25597 0.25854 0.25877 0.25706 0.26743 0.2407 0.27234 0.23629 0.24508 0.30853 0.24338 0.30622 0.24558 0.31712 0.24836 0.28303 0.25347 0.26435 0.25737 0.25232 0.26051 0.24872 0.26243 0.24584 0.26817 0.23542 0.24683 0.28594 0.24523 0.31326 0.25453 0.25829 0.25502 0.25438 0.25879 0.25238 0.26618 0.23912 0.25264 0.25708 0.25531 0.25004 0.25736 0.24597 0.2599 0.2457 0.25403 0.2516 0.25557 0.24555 0.25466 0.24806 0.25784 0.24276 0.2558 0.241 0.36301 0.44814 0.36166 0.46646 0.36658 0.47257 0.35855 0.44399 0.36238 0.49753 0.35165 0.4609 0.36314 0.43456 0.35471 0.43579 0.35042 0.49597 0.3493 0.43843 0.34268 0.4643 0.35262 0.42273 0.34597 0.45234 0.3421 0.50617 0.35522 0.41349 0.34543 0.41631 0.34309 0.45075 0.33642 0.46846 0.35181 0.41046 0.33341 0.46026 0.33131 0.49009 0.34573 0.40764 0.33962 0.4255 0.33367 0.43776 0.32953 0.47552 0.33702 0.51494 0.32284 0.46204 0.33514 0.40727 0.32488 0.45126 0.31935 0.47395 0.32376 0.492 0.33876 0.38993 0.33035 0.41782 0.31344 0.45779 0.33327 0.38078 0.32863 0.40485 0.32296 0.43446 0.31737 0.4862 0.31275 0.44394 0.32959 0.38528 0.33851 0.37127 0.31414 0.4121 0.30737 0.44286 0.32831 0.37112 0.34209 0.3768 0.33549 0.36373 0.31718 0.38838 0.30615 0.45128 0.30633 0.42024 0.34302 0.36103 0.31152 0.39877 0.3088 0.46787 0.30063 0.45339 0.30056 0.43922 0.32169 0.37126 0.32809 0.35919 0.33816 0.35388 0.31334 0.37116 0.30349 0.46737 0.3045 0.45936 0.30273 0.41219 0.30662 0.39561 0.29955 0.46501 0.29061 0.43973 0.29882 0.40201 0.31938 0.35377 0.33257 0.34031 0.30829 0.37191 0.29791 0.47384 0.29171 0.45071 0.29666 0.4358 0.30969 0.35735 0.32726 0.33867 0.3368 0.33858 0.29241 0.46566 0.28895 0.45658 0.28804 0.42829 0.3175 0.34135 0.32492 0.33627 0.33441 0.33173 0.29221 0.47573 0.28551 0.43886 0.2932 0.40792 0.32145 0.33543 0.31115 0.34102 0.32711 0.32515 0.34126 0.32474 0.28183 0.45102 0.28464 0.4222 0.32311 0.32115 0.30854 0.32508 0.31831 0.32588 0.33782 0.31692 0.33323 0.32637 0.31454 0.30674 0.3346 0.31606 0.27904 0.44847 0.28075 0.43076 0.32374 0.30072 0.32787 0.31531 0.31189 0.30389 0.3163 0.29547 0.31953 0.29722 0.33832 0.30595 0.32958 0.30337 0.27648 0.44716 0.27702 0.42948 0.30747 0.30043 0.32587 0.28067 0.27366 0.44603 0.33172 0.27708 0.31311 0.28768 0.3206 0.28761 0.33448 0.29341 0.27458 0.43033 0.27376 0.43697 0.27601 0.42296 0.33195 0.286 0.31584 0.28561 0.30827 0.28608 0.3218 0.26626 0.33946 0.30039 0.33442 0.28513 0.31226 0.279 0.3187 0.27354 0.33746 0.28582 0.27339 0.42101 0.27168 0.42826 0.27083 0.43583 0.31484 0.27477 0.26953 0.42691 0.25518 0.82806 0.25954 0.83906 0.2526 0.83033 0.2583 0.81672 0.25226 0.82092 0.2471 0.8233 0.24745 0.8175 0.31942 0.84437 0.31952 0.85719 0.30944 0.86065 0.31462 0.88654 0.30485 0.85283 0.3025 0.86852 0.96802 0.23641 0.97291 0.2401 0.29351 0.84781 0.29766 0.85849 0.93125 0.21091 0.93278 0.21086 0.4606 0.71296 0.29975 0.88034 0.2894 0.86838 0.29604 0.90449 0.27621 0.8577 0.28955 0.89642 0.28788 0.87942 0.45874 0.71134 0.28094 0.92226 0.27384 0.84049 0.27895 0.88199 0.28335 0.89958 0.26779 0.86904 0.27383 0.89753 0.26543 0.84645 0.26238 0.86094 0.26188 0.87825 0.25689 0.85264 0.25206 0.86458 0.2512 0.84424 0.25314 0.89539 0.24223 0.86935 0.24187 0.84836 0.24514 0.83467 0.23965 0.89 0.23569 0.84421 0.23072 0.85359 0.23842 0.82424 0.24061 0.80943 0.2292 0.83467 0.23239 0.8146 0.90807 0.8645 0.91124 0.86398 0.39723 0.84934 0.64805 0.64449 0.84902 0.45981 0.58908 0.85763 0.40327 0.41138 0.88304 0.91019 0.88314 0.91018 0.88323 0.91017 0.32542 0.84344 0.32568 0.84434 0.32593 0.84406 0.32468 0.84347 0.32531 0.84405 0.33038 0.79964 0.32831 0.80352 0.3323 0.8053 0.58377 0.86838 0.58288 0.86875 0.5862 0.8642 0.5854 0.86465 0.58553 0.86677 0.39148 0.74352 0.58524 0.86279 0.58489 0.8649 0.58475 0.86305 0.58401 0.86309 0.58424 0.86546 0.583 0.86343 0.58473 0.86784 0.58301 0.86625 0.72434 0.01817 0.2603 0.1765 0.26419 0.18332 0.26148 0.17024 0.26024 0.15823 0.26346 0.15999 0.26327 0.14627 0.26077 0.15346 0.25784 0.15363 0.25859 0.15545 0.25678 0.15956 0.39576 0.72436 0.41431 0.74157 0.72003 0.03273 0.72117 0.02503 0.92619 0.26349 0.92432 0.25309 0.92452 0.25956 0.40721 0.73758 0.381 0.74138 0.37735 0.74727 0.17013 0.48265 0.17191 0.48814 0.17578 0.4937 0.0563 0.86339 0.16781 0.72547 0.16916 0.72428 0.16921 0.72328 0.16997 0.72429 0.17121 0.47495 0.16843 0.47705 0.1736 0.47645 0.17111 0.47945 0.17261 0.47767 0.40867 0.72208 0.41496 0.7284 0.42797 0.74031 0.89287 0.8755 0.89266 0.87681 0.89219 0.87462 0.43797 0.89383 0.43854 0.89294 0.43801 0.88978 0.43943 0.88892 0.44004 0.88602 0.4378 0.88845 0.18569 0.50294 0.18522 0.5068 0.18647 0.49834 0.39381 0.70698 0.43776 0.8977 0.43856 0.89757 0.43906 0.89406 0.43831 0.89364 0.43888 0.89574 0.43729 0.74838 0.18281 0.50743 0.41403 0.70386 0.4038 0.69484 0.43031 0.72377 0.4376 0.72968 0.44878 0.75905 0.37679 0.75673 0.41843 0.71264 0.44457 0.73577 0.37058 0.75495 0.39917 0.93441 0.43292 0.70697 0.44001 0.71986 0.37384 0.74557 0.3619 0.74563 0.36422 0.74119 0.5197 0.23435 0.51966 0.23441 0.51975 0.23444 0.35102 0.74981 0.51957 0.23442 0.51955 0.23385 0.51946 0.23343 0.51969 0.23454 0.51974 0.23465 0.5197 0.23478 0.51965 0.23471 0.51961 0.23495 0.51932 0.23505 0.52 0.23395 0.52032 0.23242 0.08878 0.62682 0.5198 0.23409 0.51967 0.2342 0.0941 0.63161 0.51966 0.23433 0.08333 0.59102 0.44865 0.88768 0.44895 0.88657 0.44857 0.88573 0.44874 0.88574 0.44913 0.88605 0.44881 0.88545 0.44889 0.88506 0.44884 0.88535 0.07482 0.60534 0.44891 0.88548 0.07115 0.61952 0.44918 0.88559 0.44908 0.88556 0.07504 0.5785 0.0636 0.64216 0.06526 0.6286 0.30887 0.96317 0.30878 0.96311 0.30879 0.96335 0.30902 0.96333 0.30882 0.96374 0.06575 0.59635 0.30881 0.96207 0.30876 0.96202 0.30863 0.96185 0.30884 0.96195 0.0587 0.60539 0.30882 0.96207 0.30887 0.96206 0.30887 0.96212 0.30886 0.96217 0.30884 0.96223 0.06303 0.55841 0.05724 0.63615 0.05861 0.61825 0.30873 0.96221 0.07336 0.54982 0.30874 0.96295 0.30874 0.96271 0.30863 0.96283 0.30861 0.96252 0.04602 0.60228 0.30872 0.96246 0.0537 0.54713 0.30881 0.96248 0.30858 0.96323 0.3085 0.96268 0.05432 0.52523 0.0464 0.62118 0.03886 0.63636 0.51992 0.23424 0.52003 0.2344 0.30854 0.96224 0.04109 0.5776 0.03798 0.51429 0.04042 0.61461 0.30871 0.9636 0.30868 0.96319 0.03616 0.53272 0.03779 0.59205 0.41604 0.86826 0.41615 0.86882 0.4165 0.86808 0.41641 0.86684 0.4158 0.86739 0.02937 0.56274 0.03123 0.58678 0.02572 0.52812 0.03502 0.60756 0.41601 0.86617 0.0317 0.62364 0.41546 0.86648 0.41566 0.86517 0.41502 0.86539 0.41516 0.86501 0.41498 0.86296 0.41526 0.86386 0.41518 0.86282 0.02993 0.60041 0.01792 0.52242 0.03059 0.64162 0.41485 0.8643 0.41463 0.86351 0.52432 0.09519 0.51995 0.09301 0.52124 0.10021 0.02221 0.57184 0.01781 0.58504 0.02412 0.6337 0.52237 0.08872 0.52304 0.07832 0.01605 0.55989 0.02022 0.61194 0.01434 0.60122 0.01765 0.62585 0.52239 0.08037 0.00523 0.56857 0.00846 0.58625 0.0105 0.61804 0.05671 0.42048 0.05843 0.39966 0.05169 0.41369 0.00622 0.60066 0.04986 0.4332 0.06053 0.40613 0.00107 0.58489 0.06308 0.4073 0.06067 0.38921 0.07828 0.32753 0.08303 0.30756 0.07649 0.30356 0.07491 0.32631 0.05448 0.43528 0.14347 0.80487 0.1351 0.80351 0.14261 0.8223 0.13529 0.7864 0.14884 0.82973 0.15254 0.79334 0.13388 0.78891 0.1482 0.84184 0.14027 0.7694 0.16303 0.82392 0.15073 0.8525 0.15565 0.76716 0.15745 0.83904 0.16642 0.81412 0.14999 0.87048 0.1669 0.78995 0.16066 0.8531 0.16884 0.83922 0.15618 0.86758 0.16897 0.77025 0.17159 0.82328 0.15446 0.87935 0.1724 0.79223 0.1631 0.74693 0.16714 0.86955 0.17714 0.82818 0.16266 0.88313 0.18084 0.7821 0.17447 0.75253 0.17689 0.84591 0.18073 0.81093 0.15988 0.89119 0.17911 0.88911 0.17666 0.8965 0.18891 0.81809 0.18445 0.83723 0.16196 0.90423 0.15642 0.89485 0.18984 0.79457 0.18555 0.86418 0.17012 0.89718 0.19566 0.89338 0.18669 0.90229 0.17393 0.90488 0.19992 0.80631 0.19363 0.82319 0.19445 0.85316 0.16557 0.91071 0.18232 0.90876 0.19696 0.90598 0.17822 0.92133 0.18193 0.91971 0.19261 0.91378 0.18739 0.92244 0.04786 0.44734 0.05514 0.45036 0.06286 0.41474 0.06202 0.43229 0.06613 0.39605 0.06381 0.3759 0.08275 0.29771 0.08295 0.32888 0.07656 0.33732 0.05383 0.47113 0.05532 0.48171 0.05857 0.4699 0.0613 0.44168 0.06855 0.41262 0.07172 0.4116 0.07409 0.38739 0.09029 0.30901 0.08763 0.3178 0.08147 0.34076 0.05597 0.49278 0.06336 0.48787 0.06413 0.47125 0.63866 0.23986 0.63384 0.26341 0.63949 0.26871 0.63289 0.23429 0.64828 0.27848 0.64377 0.23027 0.63362 0.20896 0.65463 0.25232 0.64988 0.20896 0.63493 0.1957 0.66499 0.22361 0.62583 0.18089 0.64533 0.18212 0.66084 0.20734 0.63769 0.18203 0.65074 0.19053 0.66846 0.1957 0.63024 0.16776 0.64225 0.1677 0.64876 0.17213 0.65999 0.18814 0.61642 0.15916 0.63788 0.16013 0.66192 0.17382 0.62048 0.15318 0.63363 0.15347 0.64849 0.15766 0.64277 0.14753 0.65637 0.16579 0.60693 0.11963 0.62732 0.14659 0.63938 0.13931 0.62361 0.14084 0.63225 0.13777 0.0669 0.51269 0.07086 0.50381 0.06454 0.49799 0.06765 0.42011 0.06694 0.43667 0.0696 0.39857 0.06755 0.36982 0.09077 0.32587 0.7029 0.29357 0.08395 0.34079 0.08166 0.34854 0.69166 0.2822 0.69699 0.32159 0.06598 0.46143 0.69286 0.29695 0.69116 0.34506 0.06669 0.44407 0.68229 0.29024 0.6903 0.31399 0.68886 0.33321 0.06756 0.48714 0.69279 0.37515 0.67958 0.34376 0.07675 0.38408 0.69485 0.39597 0.6832 0.30861 0.68177 0.32755 0.67626 0.37868 0.68897 0.39287 0.67099 0.30138 0.67402 0.32456 0.66442 0.36425 0.67697 0.28421 0.66667 0.33789 0.66807 0.29304 0.65701 0.31931 0.0698 0.47404 0.07455 0.43198 0.07191 0.49079 0.07531 0.41693 0.07634 0.39971 0.08984 0.34106 0.09484 0.31705 0.09786 0.29145 0.08371 0.35107 0.07156 0.44718 0.07665 0.49435 0.07534 0.4794 0.07956 0.39708 0.09341 0.33598 0.10074 0.31497 0.0798 0.36744 0.07391 0.4678 0.07972 0.44164 0.07738 0.42604 0.69948 0.27626 0.08214 0.38136 0.70257 0.26298 0.0889 0.35038 0.70688 0.23429 0.09439 0.34341 0.08932 0.36122 0.70501 0.2486 0.70467 0.21399 0.69743 0.25583 0.70008 0.24169 0.70281 0.22777 0.69921 0.21055 0.7075 0.18938 0.08339 0.4855 0.08238 0.4339 0.08175 0.4189 0.69471 0.27005 0.7012 0.19474 0.0795 0.41342 0.08386 0.39477 0.69522 0.25323 0.69068 0.26458 0.69746 0.22061 0.69331 0.20179 0.70327 0.18256 0.10004 0.32492 0.69559 0.23426 0.68703 0.27876 0.69836 0.17659 0.70561 0.17027 0.09888 0.49525 0.09473 0.49364 0.69246 0.25086 0.68174 0.2703 0.69131 0.21405 0.68912 0.22388 0.69271 0.17729 0.08513 0.46043 0.70103 0.16377 0.09212 0.50252 0.68976 0.26054 0.68706 0.24123 0.68427 0.25525 0.68751 0.20307 0.70785 0.15827 0.08363 0.40673 0.68928 0.26195 0.67906 0.2472 0.68204 0.23476 0.68347 0.18742 0.69622 0.15793 0.09033 0.38663 0.10184 0.49956 0.70926 0.14812 0.70315 0.1522 0.10669 0.31193 0.10836 0.3036 0.09443 0.35477 0.67634 0.2618 0.67354 0.27624 0.68393 0.21994 0.68093 0.19935 0.68813 0.17368 0.09894 0.33599 0.0884 0.36952 0.67408 0.24013 0.67879 0.21686 0.68221 0.16912 0.69191 0.1445 0.69928 0.14238 0.09635 0.48523 0.70485 0.1419 0.67117 0.25939 0.67316 0.21002 0.67498 0.17407 0.68461 0.15742 0.09406 0.47633 0.71091 0.13786 0.08522 0.44823 0.08399 0.42465 0.66817 0.2386 0.66699 0.15856 0.67893 0.16009 0.68286 0.14182 0.69561 0.13036 0.70297 0.1232 0.70713 0.13025 0.1054 0.48927 0.65771 0.28816 0.6728 0.15462 0.69108 0.1288 0.11173 0.3127 0.09513 0.36954 0.09796 0.34903 0.10372 0.32623 0.65249 0.31311 0.67741 0.14319 0.69437 0.11689 0.70486 0.11307 0.71059 0.11135 0.09421 0.37634 0.0984 0.4794 0.70025 0.10805 0.08999 0.48459 0.70568 0.09909 0.091 0.44889 0.08732 0.42844 0.70974 0.08772 0.08905 0.42038 0.09327 0.39554 0.10633 0.32508 0.10188 0.33849 0.71222 0.07656 0.71421 0.06624 0.10195 0.47373 0.1076 0.47878 0.10998 0.49192 0.11161 0.32523 0.09982 0.3569 0.10532 0.33514 0.10148 0.36965 0.09585 0.39829 0.09806 0.37953 0.09543 0.46587 0.09804 0.4704 0.0915 0.4318 0.09595 0.41744 0.11096 0.48148 0.1171 0.32434 0.11178 0.33467 0.26745 0.17148 0.27355 0.17934 0.26643 0.15476 0.27652 0.20855 0.27689 0.14394 0.26931 0.1452 0.27004 0.21993 0.2845 0.14437 0.2835 0.22394 0.27479 0.12768 0.26509 0.1372 0.27947 0.1336 0.26821 0.12709 0.26113 0.13231 0.2897 0.22046 0.2878 0.13962 0.27095 0.11738 0.28333 0.12047 0.26089 0.12898 0.2884 0.17352 0.29583 0.16482 0.26562 0.11159 0.2781 0.1158 0.26255 0.11965 0.29989 0.21186 0.2902 0.12409 0.29729 0.13905 0.27214 0.10668 0.27731 0.09839 0.28792 0.10474 0.30311 0.15202 0.26794 0.10001 0.28381 0.09574 0.30765 0.20706 0.29228 0.11312 0.29606 0.119 0.30975 0.14645 0.27111 0.08913 0.27963 0.08674 0.31295 0.22343 0.29125 0.09404 0.30456 0.11466 0.30912 0.16134 0.31112 0.12608 0.27484 0.07943 0.28724 0.08489 0.31247 0.20715 0.30714 0.23546 0.29613 0.10208 0.30037 0.10921 0.31784 0.16135 0.31696 0.13601 0.28027 0.07005 0.31857 0.21497 0.32117 0.24649 0.2949 0.08394 0.29967 0.09059 0.31642 0.09818 0.31883 0.18358 0.32119 0.11952 0.28686 0.06487 0.29103 0.07376 0.31318 0.08264 0.32685 0.1684 0.32396 0.14489 0.3292 0.24017 0.32367 0.19104 0.30304 0.07997 0.32136 0.10267 0.32261 0.08934 0.32762 0.13274 0.29382 0.06057 0.32958 0.2136 0.30433 0.05861 0.32498 0.11031 0.3172 0.07616 0.32919 0.15264 0.33593 0.21234 0.33098 0.12496 0.29837 0.0484 0.312 0.06761 0.32881 0.09969 0.32784 0.07967 0.33303 0.16181 0.34336 0.23075 0.33235 0.14278 0.3356 0.13405 0.33549 0.25013 0.30813 0.03728 0.33592 0.1038 0.32031 0.06578 0.34202 0.16734 0.33923 0.12497 0.31392 0.03759 0.33709 0.08071 0.33587 0.11857 0.31896 0.0499 0.3324 0.07393 0.33591 0.1508 0.34956 0.16788 0.34553 0.13071 0.34303 0.0833 0.33991 0.10964 0.32421 0.03383 0.32854 0.04377 0.33899 0.14141 0.34254 0.14937 0.34467 0.11712 0.31977 0.02446 0.34781 0.05312 0.3366 0.06113 0.34687 0.14305 0.35104 0.08133 0.34885 0.06309 0.35162 0.09244 0.32619 0.01998 0.34021 0.04827 0.33299 0.03301 0.34341 0.03564 0.33216 0.00661 0.33713 0.0188 0.7674 0.74767 0.7626 0.73936 0.75809 0.76025 0.76658 0.72601 0.75788 0.73192 0.76425 0.76783 0.77124 0.7343 0.77345 0.76105 0.76823 0.6816 0.77004 0.7102 0.77798 0.73027 0.77844 0.75059 0.78675 0.66743 0.79165 0.68405 0.79954 0.67224 0.78672 0.6813 0.80261 0.6995 0.79628 0.65189 0.77935 0.70595 0.78718 0.70146 0.80665 0.68299 0.792 0.70802 0.80829 0.66347 0.78942 0.63419 0.80882 0.64491 0.80206 0.64113 0.78032 0.6579 0.78321 0.71378 0.78801 0.72322 0.81273 0.63181 0.79723 0.62763 0.77817 0.64339 0.11391 0.4794 0.80611 0.63594 0.81106 0.62036 0.80299 0.62803 0.79304 0.60852 0.78081 0.61269 0.10696 0.35226 0.81431 0.60498 0.80564 0.61368 0.78478 0.59682 0.77258 0.59744 0.09856 0.40167 0.0954 0.45005 0.10028 0.46507 0.09775 0.43869 0.80355 0.599 0.79637 0.58787 0.77914 0.58772 0.09501 0.42606 0.10642 0.46206 0.10798 0.46158 0.12064 0.34582 0.12549 0.34546 0.11273 0.46539 0.81954 0.5897 0.79007 0.57719 0.78376 0.5545 0.11915 0.46792 0.11768 0.45547 0.122 0.45459 0.1227 0.47463 0.09709 0.41035 0.80876 0.5737 0.79893 0.56421 0.77652 0.54895 0.09953 0.45453 0.09957 0.42135 0.11544 0.33753 0.81531 0.56999 0.82184 0.58105 0.80368 0.56136 0.79065 0.55066 0.78393 0.52522 0.12317 0.35646 0.10986 0.44537 0.10526 0.36715 0.11 0.35258 0.10194 0.40182 0.10125 0.43347 0.10405 0.4534 0.79062 0.53082 0.78702 0.53772 0.11349 0.35588 0.12924 0.35013 0.11735 0.35288 0.11713 0.44165 0.82127 0.5658 0.8077 0.54335 0.79849 0.52057 0.12792 0.35844 0.12224 0.36436 0.12462 0.44724 0.13214 0.36176 0.10864 0.36896 0.1059 0.39301 0.10437 0.41676 0.8176 0.55549 0.82446 0.57287 0.10468 0.43748 0.79302 0.5033 0.11629 0.36408 0.12054 0.43609 0.11407 0.43112 0.12279 0.37262 0.11196 0.37025 0.82164 0.54933 0.82446 0.55821 0.81626 0.52855 0.80453 0.49677 0.11792 0.37568 0.82718 0.56761 0.79938 0.50394 0.13115 0.37648 0.11174 0.3892 0.10687 0.40584 0.12099 0.41952 0.12534 0.41593 0.1227 0.39444 0.11289 0.42193 0.81906 0.53993 0.12149 0.38238 0.11769 0.41579 0.12302 0.40499 0.12803 0.39578 0.11569 0.39327 0.112 0.41258 0.82768 0.55156 0.82277 0.53315 0.82668 0.56028 0.01023 0.37781 0.00817 0.38281 0.01061 0.38297 0.01232 0.37498 0.00945 0.37214 0.00893 0.38702 0.01297 0.38018 0.01119 0.36858 0.00846 0.35746 0.00754 0.39112 0.01288 0.38711 0.01518 0.37679 0.01474 0.37193 0.01354 0.36529 0.00881 0.34883 0.00854 0.34116 0.01031 0.34753 0.01397 0.39263 0.00448 0.40953 0.00884 0.41147 0.82558 0.53853 0.01497 0.38267 0.01217 0.34404 0.00863 0.33547 0.0173 0.37786 0.01708 0.37242 0.01607 0.36697 0.01147 0.3375 0.01369 0.40625 0.01435 0.41736 0.01728 0.38508 0.01207 0.33249 0.82885 0.54514 0.82831 0.53152 0.01387 0.34475 0.01745 0.41303 0.01673 0.39683 0.01925 0.36979 0.0196 0.37998 0.01961 0.37465 0.01827 0.35539 0.01807 0.36363 0.01406 0.33845 0.02127 0.36535 0.0166 0.3414 0.01513 0.33379 0.01662 0.43953 0.0193 0.40983 0.01447 0.42738 0.83092 0.53892 0.02032 0.39404 0.02243 0.3714 0.02348 0.37755 0.01873 0.35127 0.02265 0.35728 0.02057 0.42812 0.02284 0.43799 0.02453 0.36756 0.0224 0.34036 0.01825 0.33514 0.04534 0.25875 0.04541 0.2523 0.04099 0.25995 0.05206 0.24618 0.02557 0.42699 0.02395 0.41579 0.02482 0.39038 0.02569 0.37362 0.02473 0.36167 0.02603 0.35857 0.0444 0.27032 0.04688 0.26551 0.02608 0.31657 0.02604 0.31101 0.02247 0.31962 0.02959 0.44265 0.02514 0.40361 0.02689 0.36885 0.02943 0.36511 0.02364 0.32946 0.02794 0.34926 0.0389 0.27942 0.05247 0.25137 0.02726 0.32295 0.03149 0.31874 0.03028 0.41818 0.03168 0.40376 0.0302 0.39137 0.02865 0.37537 0.03013 0.35892 0.02712 0.34058 0.02662 0.33469 0.02747 0.32868 0.04346 0.28426 0.04889 0.26881 0.05156 0.25917 0.03317 0.30366 0.03278 0.3128 0.03717 0.43185 0.02928 0.37042 0.03437 0.38376 0.03106 0.35509 0.03134 0.33663 0.03803 0.28632 0.05113 0.2708 0.03835 0.29467 0.04166 0.29233 0.03717 0.30578 0.03599 0.31878 0.03425 0.32568 0.03311 0.33069 0.04038 0.45257 0.04343 0.43224 0.04461 0.44831 0.04102 0.46903 0.03377 0.41459 0.03326 0.39226 0.03513 0.37419 0.03494 0.36808 0.03452 0.36259 0.0328 0.34343 0.05042 0.27772 0.03647 0.31328 0.04368 0.42152 0.03651 0.41913 0.03612 0.39473 0.0388 0.38604 0.03835 0.37246 0.03355 0.35444 0.03599 0.33344 0.04716 0.29216 0.05322 0.27917 0.05057 0.28518 0.05329 0.27177 0.04253 0.30181 0.04036 0.31341 0.04008 0.32831 0.04651 0.43544 0.03786 0.3642 0.03782 0.35873 0.03951 0.35145 0.05509 0.2706 0.05761 0.2799 0.0607 0.27123 0.05758 0.27194 0.04072 0.30784 0.03861 0.31907 0.04903 0.41512 0.04529 0.40622 0.0411 0.39791 0.04111 0.37407 0.04682 0.30012 0.05222 0.28964 0.05496 0.28596 0.06188 0.27641 0.06334 0.26828 0.04297 0.30817 0.04072 0.32072 0.04336 0.31449 0.04221 0.33995 0.0481 0.3972 0.04107 0.3656 0.04863 0.38667 0.04163 0.36085 0.04146 0.35465 0.05826 0.28649 0.06412 0.27923 0.04812 0.30943 0.04723 0.32715 0.05177 0.39807 0.04664 0.36962 0.04548 0.35644 0.04704 0.34705 0.04892 0.30228 0.05664 0.29295 0.05461 0.37669 0.07297 0.27914 0.07425 0.27241 0.06724 0.28276 0.07473 0.28418 0.05152 0.30526 0.0521 0.29836 0.06259 0.29213 0.05116 0.31977 0.05213 0.32772 0.05468 0.38925 0.05252 0.3741 0.04873 0.3645 0.0487 0.35214 0.07052 0.28685 0.05244 0.31196 0.06009 0.29947 0.05223 0.34658 0.05662 0.3763 0.05667 0.3692 0.04973 0.35891 0.0696 0.29412 0.07309 0.29475 0.05889 0.31451 0.05945 0.30602 0.05686 0.34281 0.05681 0.32253 0.05822 0.37789 0.18484 0.49733 0.18218 0.4987 0.18271 0.49192 0.05553 0.36167 0.05354 0.35476 0.0673 0.30053 0.06674 0.30753 0.0549 0.34883 0.07051 0.30112 0.06271 0.32328 0.06009 0.35159 0.06014 0.33819 0.06037 0.36661 0.05972 0.3582 0.07072 0.30912 0.06624 0.31414 0.06096 0.34491 0.06617 0.32566 0.06823 0.34674 0.06851 0.3393 0.06565 0.35987 0.06463 0.35362 0.0701 0.31957 0.0719 0.33638 0.06925 0.35475 0.07385 0.36566 0.07379 0.34342 0.07608 0.35495 0.0785 0.35542 0.06023 0.86282 0.13787 0.45605 0.13585 0.45742 0.13697 0.4567 0.13562 0.45527 0.13614 0.45997 0.89394 0.87927 0.05822 0.86877 0.06358 0.86812 0.89365 0.87892 0.89317 0.87313 0.89266 0.87091 0.89169 0.87145 0.89145 0.87478 0.89181 0.86998 0.89063 0.87362 0.00164 0.42009 0.00236 0.40838 0.00024 0.41815 0.00422 0.41826 0.06667 0.86042 0.05843 0.87763 0.06435 0.88053 0.00905 0.46741 0.00765 0.45692 0.00528 0.46075 0.01054 0.45896 0.01065 0.47478 0.00475 0.44214 0.00535 0.43069 0.0119 0.46417 0.00862 0.43763 0.0068 0.42341 0.06089 0.88415 0.06655 0.87503 0.01528 0.46992 0.01254 0.45478 0.01111 0.42928 0.01414 0.4608 0.07147 0.85521 0.01324 0.44431 0.05884 0.88915 0.06537 0.88739 0.06939 0.87474 0.01831 0.46041 0.07264 0.86769 0.01849 0.46885 0.01871 0.47765 0.06196 0.8954 0.07079 0.89043 0.01655 0.45408 0.02014 0.46764 0.02164 0.47871 0.02176 0.46106 0.01619 0.44822 0.08453 0.85905 0.0604 0.91842 0.06721 0.89727 0.02261 0.47079 0.02017 0.45131 0.0228 0.46187 0.02277 0.47805 0.08416 0.86783 0.02215 0.45344 0.06723 0.91533 0.07656 0.90477 0.024 0.47272 0.02214 0.44769 0.02449 0.45035 0.02475 0.46322 0.02634 0.47606 0.02533 0.46672 0.07935 0.87842 0.0922 0.86043 0.08837 0.84856 0.02629 0.45241 0.02877 0.46385 0.0274 0.47222 0.07204 0.91077 0.02949 0.47455 0.03095 0.45527 0.03172 0.4614 0.03327 0.46341 0.03312 0.47393 0.03215 0.45008 0.08705 0.88643 0.08889 0.87036 0.08616 0.84158 0.03448 0.47792 0.07857 0.916 0.03486 0.46442 0.03607 0.49178 0.03841 0.47285 0.03963 0.48323 0.04411 0.49782 0.04656 0.49564 0.09541 0.86941 0.0961 0.85761 0.08956 0.84207 0.04346 0.48348 0.04682 0.48883 0.05001 0.48809 0.04453 0.46896 0.05053 0.47964 0.09059 0.90473 0.99909 0.76682 0.9944 0.77383 0.99332 0.78178 0.99703 0.77807 0.99368 0.78725 0.99049 0.78609 0.10333 0.87682 0.09678 0.89587 0.09719 0.84457 0.99057 0.79062 0.98922 0.78776 0.98823 0.79465 0.99143 0.80245 0.98887 0.79754 0.9877 0.80285 0.98795 0.80997 0.98697 0.80744 0.1003 0.85852 0.09578 0.91203 0.98621 0.81086 0.98705 0.81692 0.98409 0.81243 0.98502 0.81417 0.98708 0.81969 0.98563 0.8243 0.98718 0.82853 0.10541 0.90241 0.10723 0.86193 0.09976 0.82311 0.10246 0.83988 0.98529 0.83402 0.98715 0.8361 0.97614 0.88895 0.97168 0.90488 0.10921 0.49814 0.11194 0.88447 0.11287 0.87373 0.10659 0.8406 0.11111 0.91934 0.11355 0.50469 0.11512 0.51165 0.11443 0.49777 0.1169 0.50362 0.11554 0.48943 0.11949 0.5047 0.1227 0.50726 0.12735 0.4977 0.1198 0.49302 0.11331 0.90948 0.11119 0.8541 0.10648 0.82921 0.12572 0.4821 0.12702 0.50768 0.12923 0.50638 0.13058 0.49158 0.13662 0.48702 0.13855 0.50301 0.14321 0.50222 0.14455 0.4904 0.27743 0.56869 0.28111 0.56296 0.2797 0.55905 0.12489 0.8907 0.12082 0.87751 0.11582 0.85911 0.11201 0.83985 0.12513 0.94048 0.10644 0.8162 0.28051 0.57049 0.28324 0.55286 0.27702 0.57844 0.28292 0.57592 0.28419 0.56538 0.28625 0.5595 0.27967 0.58868 0.28087 0.5993 0.28426 0.59216 0.27749 0.59606 0.28782 0.55097 0.28267 0.6066 0.28797 0.57547 0.27766 0.61605 0.27936 0.61689 0.27989 0.61112 0.2913 0.57748 0.11705 0.82668 0.11192 0.82848 0.10684 0.80587 0.28293 0.61761 0.28629 0.58268 0.28529 0.60731 0.27903 0.62617 0.29168 0.54882 0.27897 0.63211 0.28175 0.62877 0.2941 0.57768 0.28552 0.61699 0.13292 0.89654 0.12245 0.84387 0.11131 0.81671 0.11101 0.80501 0.28527 0.62998 0.29429 0.59041 0.28856 0.62887 0.28931 0.60575 0.28322 0.63879 0.28328 0.62621 0.2866 0.62873 0.3124 0.613 0.31672 0.60516 0.30993 0.60014 0.30156 0.59267 0.30524 0.61549 0.2878 0.63782 0.28596 0.64489 0.3233 0.61944 0.32618 0.61008 0.32213 0.60846 0.32931 0.61475 0.3151 0.61342 0.3023 0.6072 0.29118 0.62609 0.32476 0.63537 0.33223 0.61931 0.28967 0.63721 0.29179 0.63275 0.31961 0.61969 0.31494 0.62984 0.30836 0.62176 0.30105 0.62793 0.32851 0.63332 0.29319 0.63903 0.27801 0.70997 0.2759 0.7112 0.27676 0.72157 0.28396 0.64863 0.2911 0.64974 0.288 0.64954 0.29786 0.63306 0.32834 0.64215 0.27901 0.7304 0.28028 0.7243 0.2794 0.71894 0.28134 0.65107 0.31958 0.63627 0.31179 0.6388 0.32175 0.65006 0.29905 0.64899 0.28167 0.71794 0.28495 0.65679 0.29046 0.65667 0.30945 0.64513 0.30406 0.64221 0.32575 0.65329 0.29575 0.65185 0.27868 0.70393 0.28457 0.66017 0.31603 0.66575 0.39631 0.61348 0.39755 0.59922 0.39426 0.59927 0.40046 0.60418 0.39996 0.62253 0.39903 0.6327 0.40121 0.61327 0.40038 0.63274 0.40396 0.64853 0.4039 0.61434 0.40576 0.64419 0.39812 0.64278 0.40393 0.62873 0.40789 0.59534 0.4079 0.65536 0.39434 0.64095 0.40379 0.65564 0.40718 0.62233 0.40843 0.60865 0.40829 0.64747 0.39712 0.64915 0.41077 0.60275 0.40567 0.66176 0.41231 0.64562 0.39607 0.65345 0.40258 0.66065 0.41225 0.62036 0.41053 0.63441 0.41124 0.61035 0.41201 0.5855 0.41061 0.66462 0.41446 0.66333 0.39832 0.66138 0.41406 0.61551 0.41505 0.59387 0.4029 0.67173 0.40924 0.67123 0.41881 0.66549 0.41297 0.63173 0.39473 0.65917 0.39792 0.67024 0.41739 0.6068 0.41368 0.57353 0.41349 0.67283 0.4247 0.67009 0.4168 0.64012 0.42134 0.63527 0.41998 0.61595 0.42169 0.59608 0.41693 0.56128 0.39901 0.67951 0.40403 0.68031 0.40953 0.68135 0.41949 0.67244 0.42323 0.65367 0.41624 0.67929 0.42654 0.68148 0.42787 0.66755 0.42702 0.62235 0.42206 0.55978 0.4146 0.69377 0.4206 0.68123 0.42885 0.67895 0.43027 0.66289 0.43161 0.64563 0.42509 0.60236 0.4279 0.56882 0.43561 0.68294 0.43361 0.63035 0.42887 0.61074 0.43715 0.67744 0.43959 0.66723 0.43272 0.58945 0.43339 0.60809 0.44295 0.70178 0.43757 0.63864 0.44066 0.56505 0.44225 0.68668 0.44099 0.62141 0.44413 0.66017 0.43915 0.57681 0.43957 0.59907 0.44666 0.6915 0.44504 0.67336 0.44192 0.63533 0.44478 0.57481 0.44203 0.6023 0.4516 0.65214 0.45149 0.66678 0.45425 0.63182 0.44262 0.59236 0.45319 0.6124 0.45866 0.68195 0.4483 0.60691 0.46405 0.64664 0.46727 0.63166 0.45828 0.58975 0.46288 0.66957 0.46839 0.6735 0.46836 0.61583 0.29804 0.65722 0.31026 0.65046 0.28183 0.70784 0.28368 0.72404 0.27842 0.69785 0.28142 0.70373 0.28763 0.66882 0.29152 0.66839 0.29423 0.66035 0.32089 0.67202 0.31687 0.6849 0.32319 0.69695 0.1752 0.51308 0.18056 0.50489 0.1779 0.5034 0.28168 0.69498 0.18031 0.49629 0.17552 0.4964 0.28109 0.68067 0.17465 0.49933 0.28441 0.69118 0.28322 0.66869 0.28596 0.67833 0.35558 0.16409 0.36241 0.18381 0.35462 0.14244 0.36083 0.1574 0.3678 0.1741 0.35143 0.22965 0.36991 0.16063 0.35522 0.10955 0.37546 0.20605 0.36686 0.21245 0.35722 0.13027 0.37394 0.18887 0.36492 0.22839 0.37411 0.14852 0.37753 0.17935 0.37465 0.23527 0.36245 0.24591 0.37821 0.16331 0.3724 0.12529 0.36295 0.09735 0.38275 0.19374 0.38173 0.22751 0.38718 0.1644 0.38216 0.12417 0.3825 0.17514 0.37849 0.24436 0.38548 0.143 0.38825 0.08736 0.37315 0.08077 0.35637 0.05536 0.39111 0.21538 0.38666 0.18547 0.38642 0.23612 0.38979 0.17806 0.3941 0.14716 0.39359 0.10097 0.38974 0.26192 0.39285 0.16801 0.39971 0.08781 0.38133 0.05994 0.36746 0.04432 0.39731 0.23225 0.40099 0.22248 0.39623 0.19356 0.39961 0.18575 0.40621 0.11967 0.39652 0.1601 0.40395 0.21235 0.40235 0.25195 0.40553 0.15046 0.40891 0.09045 0.41078 0.22178 0.40684 0.2065 0.40597 0.17646 0.40962 0.1336 0.4128 0.08247 0.41006 0.19415 0.41765 0.2425 0.41876 0.15229 0.41368 0.167 0.41508 0.21134 0.42524 0.25533 0.41316 0.1878 0.41714 0.20416 0.43354 0.20783 0.42709 0.21328 0.59095 0.12221 0.59404 0.09626 0.59729 0.15337 0.58093 0.10666 0.57861 0.12927 0.61236 0.17923 0.58288 0.16281 0.60172 0.19304 0.56982 0.11515 0.59644 0.18395 0.57586 0.14329 0.61548 0.21576 0.57402 0.18641 0.56349 0.14413 0.59602 0.21769 0.60364 0.25013 0.5673 0.13054 0.62551 0.22563 0.61618 0.25117 0.55987 0.11203 0.55385 0.14942 0.58276 0.22577 0.59253 0.23334 0.6123 0.26384 0.56199 0.18078 0.54797 0.11819 0.56542 0.20316 0.58912 0.24646 0.59958 0.27923 0.54793 0.17732 0.54712 0.14483 0.56873 0.2292 0.54971 0.19983 0.5823 0.26741 0.55948 0.21693 0.58897 0.27369 0.54118 0.1967 0.54202 0.1684 0.55763 0.23047 0.56741 0.26141 0.59527 0.30177 0.55219 0.2215 0.53813 0.18311 0.54311 0.21207 0.53558 0.13967 0.54592 0.2142 0.53591 0.19853 0.53906 0.20685 0.53496 0.17437 0.54974 0.23459 0.55559 0.23855 0.5318 0.19638 0.53834 0.21825 0.54312 0.22809 0.5321 0.15373 0.56159 0.28263 0.53544 0.2097 0.54787 0.24652 0.55168 0.26676 0.52997 0.21255 0.5426 0.23876 0.52742 0.18717 0.55447 0.2836 0.53479 0.2214 0.54324 0.25401 0.51995 0.22025 0.53516 0.23519 0.53847 0.26707 0.52521 0.2417 0.49735 0.19288 0.5019 0.18474 0.49727 0.17117 0.50231 0.19262 0.49356 0.18178 0.49796 0.20049 0.49176 0.15946 0.49408 0.19494 0.48874 0.16813 0.4874 0.18772 0.49207 0.20781 0.49331 0.13924 0.48493 0.1731 0.48429 0.20258 0.49004 0.12782 0.48072 0.11278 0.48154 0.20962 0.47171 0.15324 0.47641 0.18865 0.47372 0.10988 0.4748 0.21095 0.46506 0.16272 0.46691 0.13235 0.46201 0.09747 0.46934 0.21764 0.45721 0.11941 0.46821 0.04966 0.4633 0.18932 0.45367 0.13636 0.44874 0.07431 0.45571 0.06797 0.45826 0.20674 0.44279 0.09384 0.4516 0.17378 0.44032 0.1196 0.43608 0.04395 0.44339 0.19983 0.42949 0.07452 0.43045 0.15783 0.43734 0.14393 0.42691 0.11344 0.42034 0.12349 0.4986 0.24813 0.49194 0.24374 0.49757 0.26346 0.49557 0.22399 0.48935 0.28446 0.50173 0.24246 0.4993 0.22158 0.49034 0.2332 0.47813 0.2651 0.49497 0.29709 0.50645 0.2735 0.49845 0.2114 0.4813 0.2467 0.48614 0.22465 0.47419 0.30304 0.49054 0.30312 0.50196 0.28413 0.50313 0.22386 0.5082 0.2601 0.50141 0.2025 0.47374 0.27069 0.48424 0.30072 0.48855 0.31472 0.50421 0.29583 0.50353 0.20481 0.50916 0.29092 0.46977 0.25381 0.46459 0.29101 0.48055 0.31777 0.49718 0.30723 0.51091 0.2466 0.50996 0.22435 0.51379 0.28941 0.50336 0.19343 0.45068 0.25963 0.46319 0.31058 0.48842 0.32213 0.50034 0.31479 0.51196 0.30779 0.51181 0.25831 0.51004 0.19893 0.45537 0.28549 0.49511 0.32705 0.5089 0.31482 0.51336 0.2518 0.5144 0.22018 0.51574 0.2689 0.44253 0.24033 0.45345 0.30523 0.44214 0.26901 0.50403 0.32459 0.51378 0.23339 0.5181 0.21269 0.44934 0.28948 0.51864 0.25738 0.51438 0.24108 0.51677 0.23371 0.44904 0.30638 0.44126 0.28624 0.51672 0.24943 0.51951 0.22866 0.43048 0.25619 0.51773 0.23928 0.4374 0.29624 0.30496 0.66288 0.70453 0.95963 0.69719 0.9605 0.70638 0.95097 0.71095 0.95444 0.6991 0.95438 0.3174 0.69082 0.71039 0.96182 0.71706 0.94475 0.70687 0.94612 0.28489 0.70574 0.6935 0.95109 0.70369 0.96812 0.71802 0.96164 0.71886 0.95185 0.69707 0.94218 0.69174 0.96132 0.28502 0.71496 0.68968 0.95394 0.70908 0.96742 0.7143 0.93987 0.72867 0.94834 0.69821 0.93697 0.68979 0.94013 0.68676 0.94513 0.70624 0.93355 0.7289 0.94312 0.69155 0.92454 0.6885 0.93505 0.71345 0.92257 0.72619 0.93285 0.69574 0.91727 0.70062 0.9254 0.28958 0.67631 0.68277 0.93256 0.71015 0.91739 0.68713 0.91962 0.68614 0.93033 0.29236 0.67621 0.30835 0.68064 0.31225 0.68523 0.30358 0.67607 0.72122 0.91958 0.69041 0.90047 0.70426 0.8984 0.32051 0.70678 0.32598 0.71922 0.7229 0.90926 0.73012 0.92003 0.69413 0.88415 0.71061 0.90229 0.28898 0.68801 0.73047 0.91172 0.6884 0.87233 0.70617 0.8858 0.71674 0.89558 0.73127 0.90251 0.73557 0.90545 0.69682 0.85628 0.70545 0.87641 0.3131 0.69316 0.31467 0.70019 0.73648 0.89031 0.68467 0.84253 0.31814 0.71544 0.28655 0.71548 0.69681 0.83486 0.28875 0.70375 0.29819 0.68267 0.30488 0.69331 0.31314 0.70871 0.31344 0.72895 0.29129 0.71052 0.29423 0.70149 0.30969 0.70263 0.34945 0.26652 0.35591 0.27323 0.35185 0.2563 0.35445 0.28198 0.30153 0.70832 0.35796 0.28071 0.3631 0.27815 0.36021 0.29339 0.29162 0.72064 0.2942 0.70928 0.30557 0.70412 0.35351 0.29568 0.3635 0.28275 0.31002 0.7144 0.29518 0.72052 0.30762 0.7231 0.35068 0.28515 0.36199 0.30553 0.36687 0.29294 0.29915 0.72206 0.29279 0.73515 0.34989 0.29902 0.36365 0.32118 0.29675 0.73457 0.30032 0.73091 0.30889 0.73079 0.2961 0.74421 0.30203 0.73818 0.3637 0.33924 0.37261 0.31082 0.37021 0.30024 0.30477 0.73725 0.29932 0.74524 0.29979 0.75216 0.3021 0.74528 0.34664 0.3254 0.37488 0.32613 0.37253 0.33777 0.37372 0.29928 0.30415 0.7526 0.32295 0.5917 0.32627 0.59483 0.32727 0.58377 0.3315 0.59078 0.3593 0.34114 0.37947 0.31134 0.37655 0.3366 0.37492 0.31889 0.37426 0.36534 0.33088 0.58134 0.32598 0.6011 0.3507 0.56626 0.3418 0.56809 0.34922 0.57619 0.32864 0.5994 0.33574 0.58707 0.35007 0.36615 0.36353 0.37441 0.38037 0.33757 0.38404 0.32642 0.38276 0.35744 0.37877 0.36112 0.34554 0.57917 0.35207 0.5791 0.33497 0.57796 0.38388 0.33722 0.37254 0.38554 0.38605 0.38656 0.38437 0.30944 0.33301 0.59467 0.32889 0.60676 0.35612 0.41294 0.38789 0.35324 0.38053 0.39247 0.35032 0.58533 0.34155 0.58234 0.3815 0.42514 0.38769 0.41915 0.33366 0.60405 0.33629 0.59284 0.38111 0.45124 0.33238 0.8815 0.33714 0.85606 0.32741 0.87689 0.33906 0.89829 0.32852 0.8378 0.33108 0.89324 0.3468 0.87579 0.34289 0.82918 0.32071 0.87921 0.33486 0.93074 0.34707 0.9097 0.31669 0.90194 0.34214 0.93532 0.32537 0.92433 0.35914 0.89521 0.34946 0.92411 0.31577 0.88744 0.32733 0.94482 0.31331 0.91801 0.32107 0.93658 0.33728 0.94765 0.34889 0.9431 0.35994 0.93243 0.33268 0.96185 0.3441 0.96262 0.32644 0.96096 0.36595 0.91241 0.31819 0.94628 0.33562 0.96618 0.36348 0.94589 0.34925 0.96539 0.32261 0.9618 0.33165 0.97547 0.33515 0.98703 0.33957 0.98771 0.32491 0.97085 0.37331 0.95444 0.31347 0.96966 0.32848 0.98951 0.34391 0.99922 0.31912 0.99153 0.36038 0.97403 0.31361 0.9777 0.31809 0.99489 0.30745 0.98023 0.311 0.99186 0.30941 0.99538 0.15939 0.54235 0.15634 0.52716 0.15722 0.55639 0.1596 0.52181 0.16323 0.54138 0.16384 0.52245 0.15767 0.50282 0.16223 0.56336 0.16994 0.52747 0.15677 0.57745 0.16831 0.54139 0.15193 0.56866 0.16331 0.59329 0.16649 0.56121 0.17766 0.54747 0.14917 0.57777 0.15493 0.59815 0.16574 0.58034 0.17139 0.5692 0.14774 0.56865 0.15389 0.58504 0.16224 0.61834 0.16977 0.59049 0.17446 0.596 0.14554 0.57824 0.14812 0.5597 0.14968 0.58594 0.16903 0.61142 0.1496 0.62572 0.14444 0.56452 0.14311 0.58756 0.1482 0.59482 0.16779 0.63618 0.16604 0.64164 0.1488 0.60732 0.14213 0.57081 0.13966 0.58767 0.1738 0.61823 0.15428 0.64095 0.14202 0.61322 0.1404 0.57841 0.13978 0.56617 0.13919 0.60891 0.17296 0.63307 0.14621 0.63711 0.13873 0.56598 0.14326 0.55949 0.17276 0.64576 0.13781 0.56158 0.13916 0.55875 0.88854 0.87876 0.89251 0.88341 0.89543 0.88626 0.88431 0.90497 0.88766 0.90886 0.34607 0.5896 0.34975 0.5939 0.34037 0.59166 0.3378 0.60152 0.34446 0.59729 0.33628 0.60937 0.34856 0.604 0.34146 0.60783 0.34403 0.61663 0.02281 0.08134 0.34581 0.6096 0.44701 0.92054 0.44728 0.92273 0.02395 0.09103 0.44714 0.92037 0.78112 0.89842 0.78033 0.8816 0.77679 0.87673 0.78809 0.8998 0.78418 0.8683 0.77401 0.88754 0.78407 0.91621 0.77394 0.87296 0.77501 0.90581 0.79009 0.88917 0.79362 0.90972 0.78027 0.86231 0.76775 0.87952 0.78644 0.86473 0.77886 0.9305 0.794 0.92062 0.77044 0.85971 0.79677 0.90357 0.79161 0.88094 0.78715 0.92571 0.80014 0.91442 0.78433 0.85695 0.77702 0.84971 0.76458 0.87721 0.79372 0.88932 0.79077 0.872 0.78766 0.85314 0.78061 0.85085 0.77215 0.84801 0.76365 0.88781 0.8003 0.90246 0.79528 0.88017 0.79234 0.8588 0.7859 0.84587 0.78259 0.84866 0.7795 0.8415 0.77555 0.83699 0.76434 0.84299 0.76044 0.88192 0.80839 0.89187 0.79349 0.86783 0.79107 0.84919 0.78211 0.84449 0.77238 0.82253 0.76452 0.83293 0.76155 0.86631 0.7596 0.89223 0.79845 0.87442 0.79521 0.85619 0.78941 0.84049 0.79414 0.84594 0.78473 0.83993 0.7787 0.83295 0.76086 0.83948 0.75713 0.89012 0.76263 0.89756 0.75597 0.86668 0.8021 0.88075 0.7976 0.86596 0.76758 0.81719 0.77995 0.8215 0.76173 0.82983 0.75638 0.85445 0.75814 0.90243 0.76029 0.90026 0.79726 0.84458 0.79894 0.85363 0.78775 0.83217 0.7927 0.83661 0.78576 0.82385 0.7746 0.80918 0.76469 0.82148 0.78217 0.78941 0.75867 0.83442 0.75719 0.84635 0.75633 0.90154 0.75304 0.89154 0.76144 0.90771 0.80473 0.8577 0.7669 0.81283 0.76443 0.81674 0.78785 0.80704 0.75927 0.82622 0.75575 0.84737 0.75938 0.90956 0.76357 0.90242 0.80184 0.84278 0.79928 0.82852 0.79294 0.82366 0.77412 0.80111 0.77112 0.80609 0.78976 0.77781 0.76158 0.82117 0.75701 0.8386 0.75281 0.84761 0.75733 0.91102 0.76159 0.90911 0.8066 0.84352 0.77992 0.78223 0.76547 0.80796 0.79124 0.79185 0.75647 0.83175 0.75428 0.84324 0.80135 0.81938 0.81752 0.8253 0.79686 0.80461 0.79802 0.79371 0.79048 0.76393 0.75414 0.83856 0.80967 0.82434 0.79686 0.77844 0.79867 0.75949 0.79181 0.75197 0.80624 0.80088 0.81619 0.80158 0.80215 0.79094 0.79697 0.75311 0.82495 0.7944 0.80186 0.7691 0.80293 0.75411 0.80101 0.73526 0.81717 0.78328 0.81497 0.77021 0.80232 0.74359 0.80909 0.73472 0.11444 0.66928 0.11917 0.6646 0.11493 0.65093 0.12288 0.67404 0.12015 0.6578 0.11025 0.64917 0.1186 0.67738 0.12212 0.66085 0.11779 0.65109 0.11182 0.6354 0.11428 0.67627 0.12339 0.67962 0.12531 0.66653 0.11723 0.64112 0.11977 0.64109 0.12224 0.65412 0.10709 0.63264 0.10955 0.67818 0.11876 0.68508 0.12631 0.65944 0.12466 0.65422 0.11501 0.63381 0.11022 0.62905 0.1126 0.68003 0.11384 0.68104 0.12135 0.69146 0.13143 0.67905 0.12735 0.65775 0.12323 0.6461 0.10978 0.68466 0.11495 0.68745 0.12562 0.69046 0.11813 0.69244 0.12939 0.68501 0.12894 0.6656 0.11826 0.63228 0.12106 0.6349 0.12599 0.6491 0.11427 0.62447 0.11183 0.68402 0.10648 0.68754 0.12204 0.69407 0.11894 0.69897 0.13293 0.68936 0.13084 0.66552 0.13013 0.66025 0.11844 0.62813 0.12499 0.64171 0.11314 0.68816 0.10341 0.68408 0.10904 0.69024 0.11641 0.69451 0.12111 0.69953 0.13037 0.69429 0.13592 0.68216 0.13394 0.67625 0.12795 0.65267 0.123 0.63384 0.12677 0.64371 0.11579 0.62184 0.10481 0.69234 0.10846 0.69745 0.11463 0.69394 0.12593 0.70022 0.11588 0.70338 0.13685 0.69135 0.13261 0.66454 0.13295 0.66766 0.13167 0.65871 0.12099 0.62978 0.1262 0.64054 0.11028 0.69432 0.10162 0.69399 0.11235 0.69619 0.12415 0.70656 0.13133 0.70366 0.13722 0.69557 0.13754 0.68169 0.139 0.69214 0.13595 0.67133 0.13009 0.6509 0.1242 0.63241 0.12159 0.6258 0.12893 0.64369 0.10801 0.70502 0.11137 0.69889 0.12009 0.70567 0.13498 0.70327 0.1363 0.67483 0.13373 0.66037 0.13488 0.66513 0.13541 0.66802 0.10314 0.70289 0.11311 0.70493 0.11475 0.70379 0.12682 0.71099 0.11818 0.7124 0.13097 0.70786 0.13832 0.70432 0.13998 0.6981 0.14024 0.686 0.13853 0.67698 0.14007 0.67438 0.13147 0.64914 0.13323 0.655 0.12662 0.63455 0.12455 0.63004 0.1076 0.71084 0.11243 0.70926 0.12111 0.71632 0.11435 0.71362 0.13384 0.7133 0.13707 0.71194 0.14135 0.69699 0.14065 0.69107 0.13966 0.68201 0.13786 0.66548 0.14131 0.67912 0.12982 0.64047 0.12872 0.63098 0.10252 0.7141 0.12893 0.7151 0.13898 0.70889 0.1413 0.70159 0.1428 0.69999 0.14211 0.68983 0.14346 0.68462 0.14049 0.68031 0.14301 0.67157 0.14198 0.67643 0.1339 0.64871 0.13744 0.66024 0.10518 0.71927 0.12308 0.72064 0.11495 0.71901 0.13218 0.72048 0.13606 0.72053 0.13976 0.71364 0.14192 0.70428 0.14354 0.69384 0.1455 0.70033 0.14081 0.66478 0.14281 0.68167 0.13212 0.63716 0.12664 0.61927 0.10962 0.71617 0.10094 0.71785 0.12219 0.72541 0.12739 0.72713 0.11827 0.72014 0.14016 0.7192 0.14266 0.70817 0.14415 0.70355 0.14294 0.69616 0.14434 0.69304 0.14428 0.69099 0.14443 0.66685 0.14361 0.67962 0.13512 0.63409 0.13573 0.65051 0.13102 0.62228 0.10413 0.72096 0.109 0.72069 0.11252 0.72336 0.1325 0.72543 0.13724 0.72315 0.14248 0.71454 0.1458 0.69584 0.14586 0.70365 0.14722 0.69923 0.14602 0.69448 0.14583 0.69077 0.1413 0.65856 0.14746 0.67685 0.14539 0.68733 0.10243 0.72303 0.10685 0.72324 0.12165 0.73083 0.11695 0.72816 0.13131 0.73034 0.13777 0.72702 0.14524 0.71865 0.14522 0.71197 0.14808 0.70233 0.14588 0.66261 0.15078 0.67034 0.14849 0.68904 0.1396 0.63423 0.13965 0.64456 0.13897 0.65196 0.12533 0.73728 0.11113 0.72668 0.12887 0.7361 0.13393 0.72971 0.14244 0.72191 0.1486 0.69873 0.14847 0.698 0.14639 0.70849 0.14761 0.70469 0.1488 0.70032 0.14724 0.6912 0.14874 0.69434 0.1053 0.72562 0.11659 0.73179 0.11947 0.73549 0.13277 0.73722 0.14366 0.72715 0.14557 0.72451 0.14761 0.71648 0.15023 0.69803 0.14685 0.71195 0.14936 0.70561 0.15075 0.70426 0.14967 0.66224 0.14531 0.65089 0.15187 0.69381 0.14444 0.63985 0.10089 0.72633 0.10777 0.72841 0.12745 0.74092 0.12057 0.73932 0.11357 0.73364 0.13049 0.74175 0.14025 0.72967 0.14782 0.72349 0.15098 0.70233 0.14854 0.71261 0.15321 0.70216 0.15377 0.66154 0.10474 0.72728 0.11008 0.73019 0.12428 0.74312 0.11761 0.73732 0.13761 0.73197 0.1369 0.73968 0.14287 0.73242 0.14524 0.73156 0.14945 0.72573 0.14999 0.71991 0.14887 0.65535 0.15359 0.65635 0.10288 0.72902 0.10582 0.72883 0.10855 0.7303 0.12894 0.74494 0.11753 0.74166 0.12314 0.74639 0.11206 0.73404 0.13404 0.7449 0.14041 0.73327 0.14882 0.71505 0.16566 0.66159 0.10154 0.72937 0.11366 0.73848 0.11969 0.74426 0.13669 0.74282 0.14592 0.73392 0.1436 0.73665 0.15305 0.65136 0.15905 0.64798 0.10566 0.7295 0.10332 0.73059 0.10902 0.73312 0.12828 0.74791 0.11679 0.74253 0.11729 0.74481 0.14041 0.74228 0.13632 0.74592 0.17057 0.65818 0.10331 0.73143 0.10724 0.73084 0.1319 0.75133 0.11492 0.74197 0.10828 0.73669 0.14628 0.73817 0.14506 0.74164 0.16642 0.64569 0.10559 0.73135 0.11117 0.74297 0.10859 0.73923 0.10593 0.73482 0.13553 0.75554 0.13959 0.74862 0.14836 0.73624 0.14342 0.74718 0.11558 0.74506 0.11332 0.74451 0.14652 0.74525 0.14868 0.74372 0.10321 0.73445 0.11239 0.7458 0.1094 0.74302 0.10541 0.73686 0.14098 0.75257 0.15094 0.73583 0.14628 0.74931 0.10777 0.74296 0.13859 0.75698 0.14388 0.75294 0.15069 0.74162 0.10482 0.73921 0.11002 0.74615 0.10665 0.74367 0.14325 0.75633 0.14995 0.74839 0.15272 0.74142 0.14598 0.75311 0.10394 0.74099 0.11243 0.74939 0.13937 0.76038 0.14796 0.75299 0.11123 0.75003 0.10804 0.74717 0.1434 0.75992 0.15108 0.75357 0.15381 0.74842 0.10543 0.74601 0.1121 0.75371 0.10676 0.7488 0.1453 0.75824 0.14089 0.76195 0.14766 0.75636 0.15692 0.74181 0.10347 0.74568 0.11003 0.75221 0.1141 0.75524 0.14681 0.76137 0.14282 0.76265 0.14916 0.75637 0.15466 0.75166 0.15662 0.7461 0.10501 0.7502 0.11171 0.75844 0.11523 0.7546 0.11298 0.75772 0.10815 0.75294 0.144 0.76322 0.14141 0.76486 0.15006 0.75745 0.15117 0.75671 0.15887 0.74314 0.10094 0.75049 0.11014 0.7594 0.11532 0.75903 0.14711 0.76519 0.15506 0.7543 0.15802 0.74921 0.10705 0.75602 0.10407 0.75351 0.113 0.76077 0.1104 0.76346 0.11788 0.75835 0.14973 0.76265 0.14291 0.76559 0.15249 0.76059 0.1544 0.75644 0.10875 0.7638 0.11786 0.76103 0.11524 0.76262 0.10792 0.76196 0.15543 0.75969 0.10388 0.75804 0.11105 0.7648 0.10887 0.76716 0.11942 0.76163 0.11276 0.76541 0.10645 0.76067 0.10512 0.75929 0.11094 0.76897 0.1073 0.76594 0.11825 0.76493 0.11677 0.7643 0.11477 0.76589 0.10628 0.76557 0.10373 0.76272 0.10919 0.76912 0.10711 0.77051 0.11208 0.77019 0.10553 0.76386 0.10808 0.77198 0.10971 0.77181 0.11782 0.76893 0.11584 0.76918 0.11474 0.77284 0.10419 0.76694 0.11015 0.77315 0.10548 0.77025 0.11308 0.77514 0.11112 0.77487 0.10849 0.77389 0.1073 0.77527 0.11643 0.77341 0.11385 0.77694 0.10962 0.77611 0.1037 0.77178 0.11575 0.77636 0.11196 0.77901 0.11087 0.77862 0.44697 0.91946 0.44658 0.91905 0.44733 0.91948 0.4471 0.9183 0.44602 0.91751 0.44667 0.91781 0.44675 0.91722 0.44688 0.91526 0.44677 0.91645 0.44639 0.915 0.44656 0.91519 0.44601 0.915 0.44608 0.91302 0.44642 0.91265 0.44675 0.91394 0.44619 0.91079 0.4467 0.91107 0.43106 0.85045 0.43147 0.85108 0.43289 0.85123 0.43189 0.85171 0.43113 0.85201 0.4299 0.8516 0.43287 0.85258 0.43362 0.85239 0.43086 0.85343 0.42936 0.85198 0.43161 0.85283 0.43289 0.85416 0.43357 0.8544 0.43447 0.85327 0.42961 0.85411 0.43199 0.85432 0.43558 0.85587 0.43019 0.85475 0.43282 0.85573 0.4337 0.85575 0.43453 0.85623 0.42876 0.85476 0.43114 0.85703 0.43274 0.85807 0.42922 0.85636 0.43155 0.85795 0.43302 0.85878 0.43043 0.85836 0.43211 0.85911 0.42879 0.868 0.42961 0.86845 0.42926 0.86727 0.42974 0.8666 0.42903 0.86659 0.43238 0.86062 0.42815 0.86698 0.42909 0.86367 0.428 0.86308 0.42825 0.86482 0.43115 0.85944 0.42988 0.85899 0.43099 0.8654 0.42836 0.86564 0.43041 0.86457 0.42959 0.86229 0.43163 0.86073 0.43011 0.86024 0.42948 0.86174 0.43063 0.86146 0.43099 0.86222 0.43209 0.86385 0.43154 0.86317 0.97424 0.24829 0.64783 0.76941 0.64708 0.7651 0.6447 0.77351 0.64408 0.76747 0.64543 0.76414 0.64694 0.75855 0.64386 0.7774 0.64435 0.75963 0.74995 0.28574 0.74715 0.3045 0.7507 0.30362 0.75393 0.31574 0.75556 0.29584 0.75481 0.30283 0.75405 0.28526 0.76112 0.30923 0.76073 0.29376 0.75777 0.28604 0.75012 0.26049 0.76016 0.30166 0.76021 0.27071 0.76046 0.25763 0.76398 0.30088 0.76202 0.28449 0.76062 0.27875 0.76367 0.29588 0.7625 0.29326 0.76341 0.26927 0.76369 0.28563 0.76523 0.28056 0.76577 0.29356 0.76685 0.27775 0.76685 0.29129 0.76752 0.2853 0.18664 0.54538 0.18366 0.55151 0.18558 0.56342 0.18386 0.59015 0.18937 0.55647 0.1793 0.58926 0.18716 0.58561 0.18913 0.57544 0.18035 0.59928 0.18425 0.6133 0.19091 0.58642 0.17677 0.6089 0.18648 0.61044 0.19432 0.5538 0.1784 0.62267 0.18074 0.6146 0.18504 0.62171 0.1893 0.60375 0.19507 0.5781 0.17606 0.6246 0.18834 0.62212 0.19163 0.59965 0.20304 0.56881 0.17674 0.63267 0.17986 0.63257 0.1822 0.63464 0.18699 0.62796 0.19104 0.61267 0.20095 0.59167 0.19468 0.59484 0.18536 0.62851 0.18828 0.63657 0.19066 0.6286 0.17758 0.63886 0.17976 0.64118 0.18317 0.63886 0.18577 0.64335 0.19453 0.61324 0.17542 0.63997 0.18069 0.64502 0.18471 0.63924 0.18628 0.65425 0.18956 0.63949 0.19274 0.62857 0.19576 0.62404 0.174 0.66029 0.17666 0.65446 0.17866 0.65363 0.18255 0.65273 0.18446 0.65816 0.20668 0.60161 0.17996 0.66001 0.18567 0.66421 0.18782 0.66014 0.19068 0.64822 0.19708 0.63561 0.20545 0.62164 0.17255 0.66881 0.17606 0.66555 0.17737 0.67244 0.18313 0.66623 0.19028 0.65123 0.1988 0.63124 0.17892 0.67487 0.18687 0.66946 0.18275 0.68018 0.18995 0.65788 0.19334 0.65289 0.196 0.64867 0.20062 0.63462 0.17557 0.6733 0.16765 0.67255 0.17738 0.67825 0.18035 0.67868 0.1855 0.67694 0.19258 0.66099 0.17523 0.67868 0.16381 0.66811 0.1785 0.68216 0.18756 0.67491 0.17964 0.68743 0.18456 0.68801 0.19418 0.66559 0.16562 0.67271 0.16149 0.66619 0.16786 0.68266 0.17498 0.68363 0.17618 0.69175 0.18905 0.67725 0.18653 0.68767 0.17921 0.69239 0.18082 0.69005 0.19444 0.66113 0.16324 0.67533 0.17199 0.68692 0.17798 0.68962 0.18811 0.68332 0.18226 0.69547 0.18245 0.70266 0.19219 0.67648 0.19897 0.66182 0.16538 0.67944 0.16153 0.67281 0.15894 0.66857 0.16933 0.68909 0.17761 0.69468 0.19003 0.68015 0.18848 0.68752 0.17893 0.69644 0.1815 0.70035 0.18061 0.69463 0.1879 0.69553 0.19175 0.67917 0.19605 0.66805 0.20293 0.66032 0.16345 0.6797 0.16534 0.68251 0.16154 0.67726 0.15704 0.6731 0.16514 0.6862 0.17261 0.69407 0.17727 0.69854 0.19031 0.68211 0.18012 0.70019 0.18079 0.70751 0.18383 0.70452 0.19532 0.67461 0.2014 0.66693 0.19752 0.6715 0.16342 0.68339 0.15832 0.67812 0.16897 0.69479 0.17276 0.70065 0.1905 0.68495 0.18968 0.69191 0.17848 0.70029 0.17971 0.70468 0.18189 0.71166 0.18315 0.71383 0.19328 0.68055 0.20528 0.66978 0.16156 0.68137 0.16335 0.69218 0.1694 0.70204 0.17742 0.70559 0.18839 0.70017 0.17894 0.71288 0.18013 0.71744 0.18777 0.7058 0.19921 0.67234 0.16159 0.68593 0.16342 0.68717 0.15962 0.68296 0.1548 0.67752 0.16343 0.69789 0.16626 0.70224 0.17258 0.70668 0.19277 0.68338 0.1919 0.68784 0.19094 0.69521 0.18139 0.71663 0.18425 0.71595 0.1959 0.67894 0.19771 0.68123 0.20427 0.67364 0.16143 0.68915 0.15965 0.68679 0.15703 0.68226 0.16154 0.6916 0.16142 0.69587 0.16804 0.70484 0.16871 0.70743 0.17298 0.71336 0.18986 0.69992 0.18842 0.70365 0.17734 0.7122 0.1783 0.71975 0.17876 0.72667 0.18266 0.71772 0.18646 0.71576 0.1532 0.68282 0.16178 0.70458 0.1636 0.70677 0.16494 0.70554 0.16998 0.7101 0.19541 0.68666 0.19329 0.69207 0.19112 0.69831 0.18838 0.71222 0.17566 0.71479 0.17703 0.71799 0.17644 0.7265 0.18089 0.72256 0.18185 0.7253 0.1836 0.72255 0.19789 0.68597 0.15697 0.68805 0.15835 0.69171 0.15766 0.68583 0.15991 0.6998 0.16663 0.7089 0.1682 0.71108 0.16974 0.71435 0.19408 0.6943 0.19029 0.70367 0.18955 0.70866 0.17608 0.72903 0.18005 0.73034 0.18476 0.72388 0.18714 0.71993 0.20237 0.68724 0.15463 0.69298 0.16024 0.71072 0.1572 0.70148 0.16469 0.71043 0.16733 0.71284 0.17106 0.71798 0.16791 0.71463 0.17413 0.71618 0.19189 0.70101 0.17559 0.71962 0.17834 0.73159 0.18252 0.72913 0.19879 0.68971 0.15718 0.69752 0.16421 0.71296 0.15868 0.70863 0.15711 0.70414 0.16656 0.71186 0.17258 0.71676 0.16946 0.71787 0.19102 0.70566 0.19306 0.70133 0.18858 0.71547 0.17558 0.72203 0.17761 0.73665 0.17939 0.73488 0.18116 0.73074 0.18382 0.73197 0.19591 0.69565 0.19897 0.69689 0.16164 0.71453 0.15815 0.71247 0.16629 0.71517 0.1711 0.72033 0.16782 0.71715 0.17499 0.72102 0.17419 0.72055 0.19002 0.71123 0.19201 0.70652 0.18875 0.72109 0.17638 0.73509 0.1808 0.73408 0.18305 0.7317 0.18561 0.72826 0.19647 0.70012 0.20257 0.69372 0.15947 0.71441 0.15684 0.70957 0.17265 0.7204 0.16963 0.72167 0.19345 0.70616 0.18946 0.71502 0.17393 0.73335 0.17693 0.73862 0.17864 0.7392 0.18186 0.73311 0.18259 0.73512 0.18431 0.73459 0.20274 0.70103 0.20621 0.687 0.16 0.71864 0.16314 0.71766 0.15821 0.71738 0.16572 0.71875 0.1711 0.7232 0.16774 0.71983 0.1727 0.72335 0.19069 0.71392 0.19185 0.71378 0.18793 0.72611 0.18981 0.71922 0.17309 0.73477 0.17503 0.73813 0.18131 0.73687 0.18558 0.73477 0.19691 0.70663 0.2014 0.703 0.2078 0.69339 0.20527 0.6982 0.1616 0.72134 0.16771 0.72318 0.19515 0.71029 0.17137 0.73293 0.17728 0.74058 0.17623 0.74009 0.17912 0.74259 0.18225 0.73797 0.18419 0.7401 0.20633 0.69936 0.16013 0.72316 0.16299 0.72215 0.16612 0.72268 0.17095 0.72523 0.19128 0.7184 0.1933 0.71341 0.18657 0.73144 0.18917 0.72457 0.1716 0.73568 0.17367 0.73809 0.17714 0.74221 0.17492 0.74074 0.18011 0.74212 0.18335 0.73728 0.18288 0.74207 0.18518 0.73849 0.19842 0.70824 0.20433 0.70278 0.16273 0.72532 0.16455 0.7223 0.16959 0.72775 0.19215 0.71837 0.19547 0.71398 0.18603 0.73744 0.1877 0.72797 0.19026 0.72356 0.16738 0.73662 0.17608 0.74228 0.17477 0.74256 0.18168 0.74219 0.18353 0.74397 0.18457 0.74185 0.20638 0.70516 0.16455 0.72557 0.16626 0.72681 0.16785 0.72795 0.18726 0.73039 0.16702 0.73842 0.17242 0.73876 0.18187 0.74786 0.19784 0.71311 0.20229 0.70666 0.16448 0.72711 0.19415 0.71735 0.18705 0.73334 0.18819 0.73024 0.1708 0.73799 0.17235 0.74321 0.19623 0.71688 0.19989 0.71037 0.2033 0.71048 0.19465 0.72244 0.18749 0.73459 0.19832 0.71678 0.20155 0.71399 0.643 0.77129 0.64187 0.76192 0.64624 0.75494 0.51996 0.23011 0.5208 0.22784 0.64318 0.80129 0.64214 0.79949 0.64085 0.80815 0.19266 0.14549 0.64169 0.78926 0.19702 0.15982 0.19016 0.16055 0.6423 0.77542 0.6425 0.78426 0.64062 0.78446 0.18651 0.15405 0.19478 0.17686 0.64301 0.7532 0.64433 0.75024 0.64008 0.79236 0.18332 0.1691 0.18307 0.15013 0.18668 0.18141 0.63999 0.80406 0.64117 0.75814 0.6409 0.76559 0.18867 0.18287 0.1959 0.18565 0.64181 0.77997 0.17676 0.17371 0.18753 0.19168 0.20009 0.18794 0.63919 0.78691 0.63939 0.75247 0.63955 0.75754 0.64008 0.76132 0.17951 0.18565 0.19427 0.20274 0.20317 0.19976 0.64063 0.77697 0.64114 0.7438 0.64476 0.73914 0.18092 0.19621 0.1973 0.2163 0.20113 0.22063 0.64413 0.73503 0.64265 0.73841 0.63802 0.79095 0.63966 0.7977 0.63826 0.74637 0.63787 0.75653 0.18465 0.20953 0.19037 0.20084 0.19348 0.21247 0.63897 0.76256 0.63968 0.76974 0.18948 0.20991 0.18965 0.21799 0.19503 0.23255 0.20371 0.22934 0.6426 0.7351 0.6387 0.8027 0.63741 0.76157 0.63812 0.77276 0.64113 0.73515 0.19931 0.23929 0.64161 0.72883 0.63922 0.74021 0.63625 0.74691 0.6352 0.74944 0.63714 0.78339 0.19072 0.23406 0.19836 0.2495 0.20429 0.23445 0.63747 0.74104 0.6366 0.79725 0.6361 0.76158 0.6374 0.76736 0.63652 0.78004 0.18037 0.21776 0.19446 0.24614 0.18441 0.22817 0.20336 0.24179 0.63586 0.78867 0.63802 0.73137 0.63929 0.7256 0.63515 0.74002 0.63533 0.80683 0.63365 0.67179 0.63507 0.6662 0.63466 0.66414 0.63734 0.70413 0.63753 0.69552 0.63642 0.69878 0.63516 0.65797 0.63467 0.65954 0.6344 0.66299 0.18956 0.25439 0.18604 0.24574 0.19313 0.25708 0.20221 0.25272 0.63467 0.7547 0.63829 0.715 0.63583 0.73424 0.17537 0.23531 0.17796 0.24466 0.63509 0.80174 0.63551 0.70449 0.63404 0.66578 0.63515 0.68977 0.63516 0.69832 0.63473 0.65367 0.63404 0.65515 0.63429 0.66081 0.18462 0.26255 0.19184 0.27521 0.1795 0.25757 0.20472 0.25858 0.63414 0.74274 0.63339 0.74893 0.63464 0.76005 0.63357 0.76484 0.63415 0.78436 0.63729 0.71891 0.17295 0.2425 0.18973 0.27888 0.17634 0.26114 0.63622 0.72476 0.63217 0.80599 0.62749 0.82032 0.62943 0.80956 0.6258 0.81234 0.62294 0.81727 0.6217 0.83661 0.63482 0.70906 0.63357 0.7039 0.63298 0.66781 0.17995 0.27062 0.19725 0.28304 0.63365 0.64973 0.63365 0.66192 0.63335 0.65737 0.17186 0.25253 0.18312 0.28329 0.19691 0.29276 0.17466 0.27828 0.63355 0.77563 0.63633 0.71286 0.17063 0.26351 0.18992 0.29219 0.16737 0.2734 0.63388 0.727 0.63124 0.73525 0.16684 0.2588 0.18132 0.30197 0.17311 0.29056 0.19601 0.30629 0.63192 0.79831 0.16878 0.28708 0.18958 0.31393 0.621 0.82118 0.62876 0.79593 0.16379 0.28214 0.16098 0.2633 0.17454 0.31291 0.18247 0.31995 0.17077 0.30364 0.1964 0.32048 0.15442 0.29315 0.18693 0.3274 0.16531 0.30729 0.1717 0.32289 0.18174 0.3352 0.19501 0.34564 0.15368 0.31068 0.17737 0.32824 0.18463 0.35263 0.16386 0.32413 0.1884 0.36208 0.14706 0.29866 0.17179 0.3371 0.17511 0.34977 0.17872 0.3624 0.19185 0.3867 0.14756 0.33065 0.15594 0.33745 0.1831 0.37962 0.18646 0.37835 0.1697 0.35467 0.14171 0.3192 0.15933 0.35401 0.17399 0.36583 0.17902 0.40887 0.1879 0.40296 0.14058 0.35222 0.14562 0.35878 0.16876 0.37998 0.17502 0.398 0.16465 0.3586 0.1577 0.36763 0.16263 0.37466 0.13404 0.37978 0.14515 0.39062 0.16867 0.41529 0.15697 0.39891 0.62876 0.8049 0.63311 0.69634 0.63352 0.68799 0.63246 0.67422 0.63296 0.65117 0.63194 0.64629 0.63216 0.74251 0.63199 0.74963 0.63128 0.76909 0.63218 0.78252 0.63233 0.71944 0.61753 0.83342 0.61957 0.81677 0.62714 0.80356 0.62462 0.80355 0.63206 0.70829 0.63175 0.69965 0.63225 0.68942 0.63279 0.66301 0.63165 0.67021 0.63198 0.67832 0.63041 0.64797 0.63041 0.64373 0.63111 0.75443 0.62997 0.77589 0.63376 0.71524 0.63023 0.72954 0.62976 0.73931 0.6288 0.78846 0.61352 0.83078 0.62646 0.79612 0.63081 0.6803 0.63057 0.66767 0.63038 0.65561 0.62975 0.65081 0.62834 0.64578 0.14715 0.1414 0.15856 0.15478 0.62948 0.74822 0.62847 0.75398 0.62949 0.78176 0.62904 0.71284 0.62961 0.72467 0.61447 0.82033 0.14232 0.14505 0.61917 0.80705 0.16619 0.16191 0.63005 0.68734 0.62977 0.70334 0.62987 0.66054 0.14451 0.1585 0.14951 0.15398 0.15922 0.16441 0.62684 0.76996 0.62703 0.78002 0.62816 0.73163 0.62617 0.71499 0.60955 0.82447 0.60951 0.81417 0.60661 0.82092 0.13762 0.15244 0.14116 0.15494 0.15578 0.16101 0.17172 0.16033 0.16264 0.16792 0.62242 0.79343 0.62359 0.78098 0.60601 0.81576 0.60126 0.82679 0.62802 0.68542 0.6289 0.67937 0.62813 0.66514 0.14321 0.16757 0.1479 0.16229 0.15129 0.17052 0.17149 0.17384 0.16159 0.17668 0.16501 0.18007 0.62523 0.64541 0.62812 0.73814 0.62718 0.74357 0.62723 0.75435 0.62702 0.70493 0.13986 0.16361 0.13191 0.15736 0.62684 0.72149 0.15311 0.17913 0.17516 0.16283 0.16894 0.18172 0.61512 0.8046 0.61929 0.79267 0.60666 0.80765 0.60419 0.81344 0.14529 0.17974 0.13923 0.17409 0.15193 0.1876 0.17889 0.15684 0.17035 0.19311 0.17437 0.1897 0.16026 0.1859 0.1627 0.19818 0.62555 0.69102 0.62683 0.66959 0.12459 0.16616 0.12323 0.15383 0.12923 0.16388 0.1352 0.16989 0.62498 0.7521 0.62345 0.7736 0.62532 0.70894 0.14392 0.18928 0.13715 0.18219 0.14732 0.19301 0.15907 0.19488 0.16903 0.20597 0.17312 0.20073 0.6264 0.72904 0.62453 0.71788 0.12276 0.17716 0.1273 0.17175 0.11677 0.14765 0.13374 0.17823 0.13898 0.19382 0.15004 0.20231 0.15682 0.20391 0.16467 0.21153 0.16142 0.20795 0.61128 0.80141 0.60966 0.80875 0.60437 0.80689 0.12582 0.18036 0.11932 0.17334 0.13043 0.17477 0.624 0.69469 0.14361 0.1991 0.13308 0.1889 0.17625 0.20637 0.16929 0.21894 0.62611 0.67522 0.6249 0.68252 0.62544 0.66122 0.1212 0.18578 0.13006 0.18442 0.11234 0.17315 0.6227 0.64604 0.14114 0.20718 0.13731 0.20847 0.14788 0.21622 0.15114 0.21648 0.15957 0.22023 0.16783 0.22352 0.18004 0.20803 0.62582 0.73463 0.62339 0.76456 0.62281 0.70402 0.12432 0.18921 0.1177 0.18174 0.10984 0.15114 0.12941 0.2053 0.13301 0.20258 0.15546 0.22158 0.17435 0.22545 0.16143 0.23252 0.5963 0.83093 0.12133 0.19646 0.11936 0.19452 0.12779 0.19374 0.11075 0.18393 0.1036 0.18004 0.61981 0.77146 0.13748 0.22437 0.1313 0.22284 0.14826 0.23213 0.15402 0.23501 0.16581 0.23461 0.61556 0.7979 0.61919 0.78309 0.11509 0.1973 0.13776 0.23396 0.12864 0.216 0.1257 0.20188 0.1595 0.24977 0.16948 0.23864 0.16468 0.24454 0.62519 0.66898 0.62485 0.73998 0.11784 0.20373 0.10504 0.20295 0.11054 0.20645 0.12403 0.22338 0.14129 0.24088 0.14793 0.26105 0.15534 0.25344 0.1687 0.24913 0.62262 0.74727 0.61923 0.76089 0.62214 0.69966 0.62354 0.71228 0.11654 0.21504 0.12073 0.20757 0.13263 0.25011 0.12417 0.21149 0.12163 0.23874 0.13783 0.25732 0.16308 0.25376 0.10826 0.21987 0.11937 0.2171 0.1442 0.2725 0.15232 0.27151 0.11117 0.21845 0.1234 0.26694 0.13763 0.28462 0.11784 0.22676 0.14766 0.27618 0.11379 0.22461 0.10898 0.22886 0.11575 0.24835 0.12861 0.2747 0.1162 0.23654 0.14175 0.29069 0.10513 0.24082 0.11491 0.26018 0.12788 0.28588 0.13367 0.29658 0.137 0.30729 0.10965 0.24253 0.10755 0.25169 0.11459 0.272 0.12036 0.27793 0.11029 0.27135 0.12335 0.30301 0.12812 0.31118 0.13773 0.321 0.11229 0.29386 0.11975 0.28912 0.10842 0.29548 0.11616 0.31814 0.11947 0.32372 0.62432 0.72598 0.59417 0.82708 0.58938 0.82554 0.59135 0.81051 0.58255 0.82835 0.60698 0.79715 0.62017 0.68004 0.62267 0.67301 0.6233 0.65976 0.62186 0.73386 0.62105 0.70985 0.62256 0.71551 0.61688 0.76718 0.60062 0.80153 0.58535 0.81656 0.6044 0.7883 0.61205 0.79501 0.61521 0.7795 0.60905 0.7902 0.62227 0.66499 0.02699 0.10011 0.62056 0.64811 0.6191 0.63345 0.61955 0.7444 0.61825 0.69079 0.62007 0.70189 0.62288 0.72706 0.61588 0.75039 0.58025 0.8228 0.59761 0.79785 0.58997 0.79764 0.59283 0.80011 0.58237 0.80942 0.02437 0.11297 0.02929 0.10321 0.62079 0.67046 0.61896 0.65388 0.61529 0.6793 0.61731 0.64771 0.61636 0.64208 0.61595 0.63611 0.03627 0.1038 0.61851 0.62296 0.6188 0.70458 0.62036 0.71336 0.62028 0.7202 0.61404 0.75177 0.0274 0.11106 0.03881 0.11931 0.03952 0.10728 0.58846 0.79369 0.59605 0.78505 0.61162 0.77011 0.60378 0.7823 0.61576 0.68654 0.61682 0.66983 0.03086 0.11111 0.61916 0.66175 0.61289 0.6478 0.61401 0.62751 0.6122 0.61896 0.61999 0.72631 0.61457 0.74201 0.03268 0.11877 0.04246 0.11138 0.61697 0.69594 0.57334 0.81253 0.58986 0.78523 0.03047 0.12652 0.03569 0.12303 0.04499 0.11523 0.58583 0.78798 0.60698 0.76805 0.61389 0.68863 0.61716 0.65662 0.61391 0.67269 0.03532 0.13354 0.03869 0.12729 0.04413 0.13016 0.04914 0.10952 0.6106 0.64208 0.60947 0.65303 0.61357 0.63318 0.61193 0.61048 0.61348 0.73206 0.61055 0.74742 0.04797 0.11893 0.05313 0.1251 0.6186 0.71259 0.61864 0.7189 0.58006 0.79048 0.57123 0.79619 0.03705 0.13703 0.0394 0.13902 0.60284 0.77146 0.57412 0.7809 0.5652 0.78452 0.61281 0.68035 0.61116 0.66768 0.03492 0.14365 0.04294 0.14417 0.0506 0.13297 0.06068 0.12722 0.61131 0.62505 0.60785 0.61847 0.61692 0.72716 0.61598 0.69971 0.03774 0.1479 0.04607 0.1459 0.05513 0.1398 0.05665 0.1308 0.6174 0.70935 0.608 0.74882 0.59187 0.77937 0.58751 0.77904 0.59626 0.77158 0.03576 0.15628 0.04077 0.15232 0.04466 0.15747 0.04955 0.15294 0.05343 0.14847 0.06122 0.13763 0.60616 0.7538 0.60336 0.75519 0.56821 0.76115 0.61153 0.68266 0.60992 0.66283 0.60833 0.63791 0.03911 0.16086 0.0563 0.15271 0.06857 0.13649 0.60741 0.64867 0.60549 0.60434 0.61443 0.71978 0.60978 0.72688 0.61348 0.69626 0.03731 0.16938 0.0477 0.16158 0.05175 0.15877 0.05828 0.14424 0.0543 0.16137 0.07648 0.12506 0.06565 0.1494 0.58172 0.77995 0.59929 0.76598 0.04218 0.16536 0.04758 0.16799 0.05983 0.15755 0.0583 0.16745 0.07741 0.14892 0.06249 0.16799 0.06876 0.15219 0.60241 0.74915 0.58135 0.76862 0.57389 0.75947 0.04039 0.17392 0.05066 0.16599 0.0543 0.16669 0.06746 0.17906 0.60385 0.6364 0.60516 0.62314 0.60282 0.60773 0.61095 0.69135 0.05403 0.17186 0.06961 0.16956 0.08297 0.15462 0.60831 0.67884 0.06454 0.17552 0.60375 0.73512 0.59639 0.7576 0.58835 0.75834 0.0518 0.17902 0.06068 0.18033 0.07566 0.16526 0.08589 0.13681 0.58322 0.75709 0.06569 0.18936 0.07108 0.18372 0.58023 0.75334 0.57659 0.75124 0.60917 0.67358 0.60763 0.66339 0.60504 0.64413 0.05742 0.18185 0.08382 0.16735 0.08678 0.15024 0.06892 0.19444 0.06285 0.18429 0.60075 0.59907 0.60978 0.70602 0.61149 0.70269 0.06096 0.19321 0.07606 0.18091 0.08508 0.159 0.07714 0.19175 0.09506 0.13815 0.09179 0.14541 0.60747 0.68679 0.06241 0.20019 0.07146 0.19931 0.60437 0.72158 0.59863 0.74196 0.58229 0.74459 0.09189 0.16861 0.08787 0.18684 0.09408 0.16008 0.06713 0.20357 0.57333 0.74698 0.56829 0.74994 0.60615 0.6663 0.08994 0.17721 0.08666 0.19478 0.10333 0.1376 0.60675 0.68238 0.60556 0.65224 0.06658 0.21465 0.07418 0.21247 0.60314 0.65012 0.09649 0.18782 0.09161 0.19723 0.08006 0.19849 0.10258 0.15365 0.60046 0.63399 0.09995 0.17618 0.05806 0.22212 0.06673 0.22763 0.07222 0.22321 0.08501 0.20537 0.06429 0.22846 0.07777 0.21737 0.09208 0.21429 0.08305 0.21579 0.06874 0.23649 0.07716 0.23104 0.10226 0.20665 0.08931 0.22506 0.07348 0.23734 0.08247 0.2333 0.09983 0.21276 0.08476 0.25177 0.07054 0.25396 0.07638 0.24882 0.09261 0.25394 0.09199 0.23753 0.07982 0.25217 0.10373 0.2272 0.09869 0.23775 0.07362 0.261 0.0769 0.2681 0.07052 0.26792 0.34171 0.75034 0.33832 0.7575 0.34463 0.75621 0.33705 0.74692 0.34476 0.7389 0.33495 0.75687 0.33807 0.73596 0.34965 0.74523 0.34839 0.73512 0.34304 0.72372 0.33196 0.73162 0.35604 0.74314 0.34718 0.72512 0.33801 0.72212 0.35205 0.73136 0.35347 0.72107 0.34128 0.70552 0.34828 0.71099 0.35571 0.7276 0.33507 0.71368 0.32514 0.74188 0.35914 0.72404 0.35421 0.70098 0.34569 0.68776 0.33556 0.69621 0.32729 0.69334 0.36052 0.71239 0.35117 0.69173 0.33762 0.68817 0.33149 0.69663 0.31724 0.73247 0.35875 0.69871 0.35824 0.68382 0.34962 0.67991 0.34083 0.67478 0.33279 0.6789 0.3191 0.7472 0.33051 0.68328 0.32498 0.67582 0.36258 0.72049 0.36234 0.69999 0.34621 0.67585 0.36325 0.70536 0.36426 0.68792 0.35875 0.67326 0.35208 0.67038 0.34199 0.6509 0.33811 0.65514 0.33183 0.66616 0.32704 0.65968 0.36621 0.71676 0.3676 0.70451 0.36575 0.69656 0.36332 0.67875 0.34821 0.66584 0.36747 0.72652 0.36951 0.71336 0.36762 0.68462 0.36236 0.66967 0.35764 0.66551 0.3545 0.65915 0.34498 0.64636 0.33929 0.64203 0.33103 0.64816 0.37241 0.70873 0.36876 0.6937 0.36679 0.67525 0.3611 0.66378 0.34903 0.65436 0.37099 0.72287 0.3702 0.70224 0.3742 0.71941 0.37182 0.69072 0.36982 0.67253 0.36583 0.66583 0.36045 0.65349 0.35472 0.65022 0.35308 0.64399 0.34523 0.62833 0.33621 0.62451 0.37197 0.73272 0.37317 0.69876 0.37477 0.70819 0.37106 0.67876 0.36401 0.65943 0.34936 0.62937 0.37713 0.71656 0.37395 0.6807 0.37169 0.66395 0.36872 0.66366 0.35929 0.6465 0.36508 0.6498 0.35305 0.6336 0.34825 0.61733 0.37495 0.7398 0.38124 0.70142 0.37888 0.72547 0.37799 0.66608 0.35746 0.63997 0.3539 0.61678 0.38031 0.69267 0.38203 0.72199 0.38259 0.70995 0.37625 0.68341 0.37394 0.66027 0.36939 0.65485 0.36691 0.64119 0.35585 0.63305 0.35244 0.60979 0.3801 0.73515 0.38474 0.68702 0.38572 0.70616 0.38136 0.67326 0.37698 0.6573 0.37143 0.6458 0.36492 0.6352 0.3587 0.63138 0.35556 0.60855 0.38155 0.68147 0.38338 0.73155 0.38652 0.71583 0.38024 0.6644 0.37955 0.6538 0.37596 0.64934 0.37122 0.63418 0.36364 0.6268 0.35711 0.61746 0.35397 0.59902 0.38473 0.67879 0.38489 0.74556 0.38591 0.72834 0.38289 0.66706 0.37776 0.64291 0.36809 0.62879 0.35877 0.6108 0.35166 0.60282 0.35728 0.60007 0.38773 0.67514 0.38709 0.73762 0.38848 0.72858 0.38165 0.6543 0.37919 0.64673 0.37147 0.62962 0.36246 0.6147 0.36051 0.62152 0.35582 0.58895 0.38518 0.65984 0.37944 0.63852 0.37716 0.63262 0.37423 0.62117 0.37309 0.61598 0.36122 0.60621 0.3593 0.58609 0.38408 0.6524 0.38097 0.64535 0.36758 0.60488 0.36256 0.59486 0.35302 0.57144 0.38837 0.65786 0.38643 0.64911 0.38189 0.63685 0.38138 0.63163 0.37795 0.6236 0.37105 0.60247 0.36076 0.58223 0.35701 0.5749 0.38314 0.64424 0.37647 0.61337 0.3663 0.59616 0.36616 0.58944 0.35627 0.56707 0.35408 0.56218 0.38584 0.63302 0.38523 0.62419 0.38313 0.61608 0.37277 0.59757 0.37075 0.58835 0.36065 0.57266 0.36476 0.58154 0.35903 0.56555 0.36956 0.58129 0.36155 0.56582 0.36375 0.56493 0.36677 0.56869 0.37271 0.5796 0.36142 0.55876 0.36442 0.54833 0.37111 0.56752 0.36194 0.54992 0.36815 0.54932 0.36771 0.54317 0.36365 0.53663 0.37326 0.56371 0.3731 0.54075 0.37192 0.54838 0.36878 0.53297 0.37894 0.55811 0.36493 0.5244 0.37033 0.52344 0.37814 0.54506 0.368 0.52314 0.37427 0.5328 0.37805 0.53807 0.38098 0.54626 0.36574 0.51459 0.37913 0.53475 0.37075 0.51456 0.37517 0.51512 0.36526 0.50982 0.38052 0.5244 0.37127 0.50666 0.38353 0.53145 0.37831 0.51459 0.37216 0.50242 0.38602 0.52238 0.38308 0.51389 0.37756 0.50301 0.36653 0.49614 0.37372 0.4973 0.37925 0.50164 0.37 0.49005 0.59915 0.62198 0.59815 0.60775 0.26252 0.75737 0.25155 0.74999 0.25858 0.75415 0.57663 0.74319 0.57205 0.7325 0.26035 0.74119 0.25458 0.74343 0.24869 0.74714 0.60569 0.67208 0.24155 0.75679 0.25748 0.73823 0.25165 0.74235 0.24544 0.74632 0.60344 0.66017 0.24165 0.74478 0.2391 0.75359 0.26163 0.72866 0.25516 0.73365 0.25067 0.73195 0.24645 0.73814 0.25869 0.72889 0.24478 0.72733 0.24337 0.73602 0.23514 0.74902 0.25975 0.71749 0.25612 0.72715 0.25053 0.72387 0.23933 0.7335 0.60428 0.67877 0.23428 0.76176 0.23187 0.73948 0.26175 0.70615 0.25675 0.71351 0.24822 0.71643 0.23806 0.7244 0.60732 0.70322 0.22869 0.76042 0.22613 0.74785 0.26581 0.70897 0.2516 0.71482 0.24215 0.71807 0.23322 0.73039 0.22831 0.72812 0.26338 0.68907 0.26647 0.72141 0.25762 0.70249 0.24966 0.70462 0.24429 0.70934 0.23588 0.7097 0.22944 0.71537 0.59888 0.72321 0.22666 0.76598 0.21898 0.74338 0.26808 0.69541 0.26022 0.69612 0.27065 0.71043 0.2533 0.699 0.23869 0.70249 0.59235 0.74443 0.58905 0.74805 0.21685 0.76473 0.22463 0.72845 0.26751 0.68601 0.26022 0.6876 0.25417 0.69098 0.24731 0.70003 0.24134 0.69831 0.23541 0.69151 0.22883 0.69827 0.22629 0.71262 0.57994 0.73647 0.21313 0.76367 0.22096 0.72715 0.27277 0.69378 0.2623 0.67917 0.25557 0.68302 0.25142 0.68869 0.24542 0.69197 0.2391 0.68595 0.20834 0.74538 0.22282 0.71425 0.21376 0.72765 0.27172 0.67531 0.25663 0.67595 0.25241 0.6806 0.24872 0.68634 0.24702 0.68442 0.24256 0.68985 0.23066 0.68401 0.21971 0.7113 0.60256 0.66798 0.21312 0.73757 0.20817 0.7686 0.21674 0.71618 0.27048 0.64957 0.26253 0.66798 0.24934 0.67827 0.24678 0.68377 0.24041 0.67764 0.24594 0.68351 0.23385 0.67402 0.22339 0.69593 0.20654 0.73347 0.20449 0.76763 0.20625 0.72341 0.26457 0.65931 0.25356 0.67388 0.25757 0.66882 0.24665 0.68086 0.2433 0.68141 0.23809 0.66784 0.22752 0.66739 0.22312 0.68517 0.21806 0.69979 0.60169 0.65397 0.20225 0.74142 0.20165 0.75316 0.21362 0.70789 0.20823 0.70474 0.26692 0.64244 0.25435 0.66452 0.25604 0.64311 0.25743 0.65986 0.25079 0.66999 0.24681 0.67569 0.24528 0.67425 0.24151 0.6702 0.23471 0.66072 0.23204 0.6545 0.21778 0.68989 0.2008 0.73096 0.19851 0.76245 0.20296 0.71995 0.27471 0.63139 0.25857 0.64428 0.23901 0.66025 0.22438 0.66101 0.22931 0.65124 0.2192 0.67574 0.21364 0.69356 0.19047 0.77946 0.18602 0.74666 0.20909 0.69259 0.2676 0.6191 0.26333 0.61711 0.25152 0.66195 0.25462 0.63144 0.25259 0.65512 0.24752 0.6676 0.24462 0.66852 0.24246 0.66207 0.23638 0.6488 0.23947 0.65152 0.23055 0.64135 0.19456 0.72593 0.19095 0.75916 0.25243 0.64055 0.23337 0.64578 0.22531 0.64541 0.22124 0.65663 0.22708 0.63949 0.21392 0.67576 0.18309 0.75749 0.18581 0.77785 0.263 0.59737 0.25887 0.60887 0.24777 0.657 0.25106 0.62836 0.245 0.65685 0.23743 0.64084 0.23406 0.63633 0.21674 0.66593 0.23113 0.63252 0.18121 0.77307 0.25575 0.61252 0.24965 0.64244 0.2262 0.62979 0.21964 0.63307 0.21809 0.65385 0.26029 0.59377 0.25662 0.5912 0.24576 0.64942 0.25077 0.60647 0.24698 0.62296 0.24294 0.64664 0.23982 0.63061 0.22116 0.62594 0.23176 0.63053 0.22874 0.62345 0.26077 0.57488 0.2467 0.63974 0.23449 0.62725 0.22873 0.61721 0.22162 0.61719 0.213 0.63802 0.24865 0.59456 0.24391 0.63843 0.24724 0.60659 0.24425 0.62779 0.23942 0.6243 0.21487 0.61477 0.25592 0.56613 0.24617 0.61332 0.24079 0.61619 0.23602 0.61986 0.2254 0.61216 0.21569 0.60121 0.24481 0.58832 0.2489 0.56966 0.24167 0.60769 0.23714 0.61295 0.23464 0.60109 0.21979 0.60577 0.23379 0.60988 0.2425 0.59667 0.22747 0.6014 0.22087 0.59637 0.24188 0.56322 0.24054 0.57932 0.23992 0.60495 0.23259 0.58762 0.23984 0.59644 0.23488 0.58737 0.22227 0.58029 0.22627 0.58103 0.59852 0.63746 0.59544 0.61612 0.60358 0.67324 0.60698 0.6943 0.60159 0.68464 0.60038 0.70291 0.59458 0.72393 0.59247 0.73112 0.57776 0.73292 0.58677 0.73706 0.58133 0.72407 0.57634 0.72727 0.57428 0.72189 0.56435 0.72637 0.59969 0.66508 0.60134 0.66275 0.59982 0.65514 0.59684 0.63954 0.60041 0.67762 0.60077 0.69058 0.59312 0.6998 0.59119 0.72207 0.58727 0.7141 0.57144 0.71522 0.59285 0.61857 0.59872 0.67398 0.59653 0.67551 0.58991 0.70522 0.58241 0.70834 0.57929 0.70816 0.57492 0.71058 0.59863 0.6593 0.59553 0.64227 0.59642 0.66033 0.58493 0.69542 0.57032 0.70823 0.59003 0.62138 0.59332 0.66784 0.58849 0.68226 0.5824 0.69754 0.57756 0.69704 0.57295 0.70439 0.59275 0.6391 0.58382 0.68974 0.57018 0.69204 0.58591 0.62874 0.59007 0.65256 0.58771 0.67306 0.58512 0.67928 0.5781 0.6888 0.57447 0.69355 0.58514 0.63866 0.58882 0.66362 0.58249 0.6747 0.57009 0.67543 0.57979 0.63077 0.5857 0.65025 0.58354 0.6643 0.57869 0.68296 0.58031 0.64436 0.57522 0.66849 0.57704 0.63882 0.58014 0.65805 0.57205 0.63394 0.57393 0.64078 0.57008 0.64513 0.57632 0.64828 0.57044 0.65723 0.5727 0.65069 0.43925 0.89359 0.43972 0.89424 0.44289 0.8805 0.44331 0.88086 0.44336 0.87788 0.44391 0.87889 0.43934 0.89292 0.44306 0.88204 0.6822 0.58697 0.4424 0.88119 0.44341 0.88219 0.4402 0.89425 0.43961 0.89195 0.44178 0.88502 0.44167 0.8876 0.44183 0.88672 0.44204 0.88396 0.44214 0.88256 0.44226 0.8842 0.67883 0.5837 0.44296 0.88349 0.44247 0.88302 0.44417 0.88099 0.67648 0.59364 0.44204 0.88935 0.44215 0.88546 0.67251 0.60179 0.67459 0.58333 0.44379 0.88297 0.44352 0.88414 0.44413 0.88445 0.44027 0.89348 0.66924 0.58499 0.67138 0.57338 0.44037 0.89223 0.44043 0.89068 0.44084 0.89127 0.44074 0.88977 0.44116 0.88874 0.66453 0.58931 0.44231 0.88703 0.44255 0.88584 0.44287 0.88471 0.66227 0.56759 0.66378 0.59973 0.44329 0.8851 0.44358 0.8875 0.66095 0.5765 0.65953 0.59127 0.44226 0.88967 0.66245 0.60886 0.44329 0.88744 0.44396 0.88987 0.44064 0.89318 0.70518 0.57542 0.44114 0.89284 0.70239 0.58473 0.44162 0.89158 0.44217 0.89235 0.70848 0.56487 0.70246 0.57244 0.44249 0.89123 0.44267 0.8899 0.44294 0.88886 0.71093 0.57518 0.7022 0.56288 0.69962 0.57138 0.44369 0.88885 0.71283 0.56642 0.70599 0.55455 0.69789 0.583 0.44375 0.89268 0.69358 0.54826 0.69898 0.56151 0.69535 0.56984 0.44239 0.89324 0.44317 0.88979 0.71169 0.54881 0.69731 0.54072 0.69174 0.57351 0.4432 0.89275 0.44362 0.89243 0.44131 0.89569 0.44152 0.89445 0.44185 0.89339 0.71653 0.55518 0.6927 0.55769 0.68825 0.53484 0.44342 0.89458 0.4412 0.89627 0.72007 0.55868 0.71749 0.55158 0.70407 0.53103 0.68795 0.56303 0.68693 0.54514 0.6994 0.53367 0.68698 0.5839 0.44282 0.89479 0.71212 0.54018 0.68063 0.54229 0.69702 0.52329 0.44139 0.89805 0.44214 0.89507 0.44195 0.89601 0.72441 0.56367 0.71936 0.54364 0.70614 0.51924 0.7025 0.52282 0.68481 0.56086 0.6833 0.53395 0.69249 0.51235 0.68237 0.57268 0.44234 0.89762 0.71869 0.53564 0.71539 0.51792 0.68096 0.56225 0.67459 0.53805 0.70021 0.50843 0.44274 0.89726 0.44181 0.89958 0.72877 0.56654 0.72706 0.54647 0.72134 0.53548 0.71126 0.5051 0.70538 0.50211 0.67815 0.55722 0.68267 0.51489 0.69492 0.50022 0.72779 0.53645 0.72198 0.51448 0.7178 0.50946 0.68918 0.49444 0.66976 0.54667 0.67596 0.50556 0.70146 0.49614 0.44232 0.90198 0.44185 0.90253 0.73236 0.54541 0.73337 0.53365 0.72875 0.52098 0.71246 0.498 0.68134 0.49242 0.67025 0.55793 0.66283 0.53974 0.66456 0.51727 0.69835 0.48075 0.73606 0.55999 0.72441 0.50412 0.71826 0.50165 0.68836 0.47736 0.66285 0.54914 0.67557 0.48616 0.6686 0.49112 0.70687 0.48091 0.73635 0.53901 0.73444 0.5142 0.73008 0.5113 0.71919 0.49118 0.66177 0.49275 0.7127 0.48848 0.70452 0.45903 0.68594 0.45798 0.64326 0.81294 0.64214 0.81558 0.64325 0.82155 0.64197 0.81214 0.64168 0.82377 0.72839 0.49958 0.67822 0.45417 0.65994 0.45842 0.71145 0.48005 0.70702 0.46349 0.69276 0.44544 0.64256 0.83005 0.64108 0.8165 0.64055 0.82749 0.73298 0.50619 0.72598 0.48974 0.72295 0.49438 0.71801 0.48297 0.7122 0.44473 0.70177 0.442 0.67627 0.42903 0.64065 0.83247 0.64287 0.84049 0.64053 0.82289 0.72888 0.49244 0.72145 0.48516 0.66745 0.4337 0.71727 0.46785 0.71346 0.46648 0.71768 0.45322 0.70544 0.42513 0.69094 0.42562 0.63973 0.81525 0.63954 0.82757 0.73426 0.49699 0.72858 0.48405 0.72532 0.47887 0.71903 0.47505 0.71673 0.43723 0.70872 0.4169 0.7014 0.40995 0.68943 0.41576 0.63879 0.83674 0.63824 0.81162 0.63889 0.8188 0.73851 0.50113 0.73319 0.48829 0.72241 0.4767 0.72261 0.46918 0.72257 0.45173 0.69655 0.4001 0.63856 0.82723 0.63746 0.81366 0.73958 0.49512 0.73553 0.49155 0.7304 0.47821 0.72813 0.47293 0.72293 0.46176 0.72159 0.443 0.71635 0.4239 0.70597 0.39489 0.63777 0.8204 0.63795 0.82664 0.74434 0.50047 0.7364 0.48481 0.73596 0.47243 0.72551 0.47135 0.71917 0.43292 0.72464 0.44507 0.72613 0.46192 0.7217 0.42178 0.63683 0.81973 0.6361 0.83041 0.6359 0.80945 0.74183 0.48768 0.73719 0.47649 0.73084 0.46245 0.73252 0.47199 0.72244 0.43459 0.7253 0.43712 0.72726 0.44782 0.72274 0.41044 0.63516 0.82458 0.63307 0.81203 0.63434 0.81567 0.63153 0.81677 0.74534 0.48713 0.74298 0.4745 0.72965 0.44978 0.73875 0.46383 0.7329 0.46346 0.72295 0.42697 0.72608 0.42789 0.63343 0.82465 0.63281 0.82064 0.63144 0.82485 0.73142 0.45446 0.73595 0.45958 0.72786 0.43702 0.73226 0.44008 0.7275 0.41535 0.44208 0.88162 0.32175 0.8443 0.32229 0.84453 0.3224 0.84405 0.32121 0.84195 0.32191 0.84358 0.32291 0.84481 0.32214 0.84233 0.32341 0.84462 0.32278 0.84348 0.74767 0.46586 0.74381 0.45949 0.73436 0.44887 0.73655 0.45318 0.72886 0.42498 0.32303 0.84275 0.32384 0.84382 0.32386 0.84311 0.32419 0.84467 0.32457 0.84371 0.74552 0.46138 0.74134 0.45673 0.73565 0.43393 0.73147 0.42409 0.32463 0.84503 0.32497 0.84454 0.32527 0.84541 0.32563 0.84507 0.32576 0.84617 0.74603 0.45312 0.32701 0.84664 0.32662 0.84608 0.32704 0.84628 0.32636 0.84394 0.67036 0.77535 0.66801 0.77584 0.66896 0.77914 0.66689 0.78046 0.66615 0.77586 0.67218 0.77978 0.67382 0.77383 0.6704 0.78015 0.6675 0.78503 0.66272 0.76999 0.66217 0.77899 0.66506 0.77981 0.67421 0.78011 0.66612 0.78364 0.66914 0.78767 0.67347 0.78395 0.67075 0.78849 0.66697 0.78954 0.67182 0.7915 0.67739 0.78707 0.66495 0.78747 0.67015 0.79166 0.68062 0.80699 0.68305 0.81028 0.6829 0.80672 0.68527 0.80835 0.67286 0.79534 0.6806 0.80208 0.65023 0.79081 0.65422 0.78787 0.65401 0.78366 0.66706 0.79656 0.66513 0.79429 0.66158 0.78274 0.67116 0.79628 0.67951 0.81022 0.68444 0.81638 0.67543 0.79333 0.67612 0.81114 0.67556 0.79781 0.676 0.80378 0.65251 0.79446 0.65565 0.78215 0.65646 0.78591 0.65745 0.78209 0.66882 0.79869 0.67887 0.81656 0.6812 0.82154 0.66992 0.80376 0.6739 0.80255 0.65477 0.79205 0.6594 0.78389 0.66624 0.79957 0.67111 0.80797 0.49014 0.90041 0.67494 0.81066 0.67521 0.81742 0.65799 0.7905 0.66805 0.80337 0.49308 0.89159 0.4927 0.87314 0.49433 0.88222 0.49188 0.87875 0.66925 0.80694 0.49364 0.91136 0.67793 0.82481 0.49387 0.91208 0.49446 0.90537 0.49505 0.91313 0.49738 0.90757 0.49313 0.89754 0.4956 0.89837 0.67145 0.81649 0.49994 0.91254 0.49995 0.89174 0.50065 0.90792 0.50164 0.91664 0.49676 0.89116 0.5015 0.90215 0.5028 0.91316 0.49808 0.88307 0.50265 0.89515 0.50421 0.90533 0.50763 0.91144 0.50098 0.88558 0.50369 0.88917 0.50604 0.9111 0.50183 0.88065 0.50526 0.89942 0.50629 0.89395 0.49646 0.87313 0.50698 0.90735 0.50897 0.90955 0.49909 0.87673 0.50802 0.90204 0.50746 0.88695 0.50837 0.90662 0.50843 0.91093 0.50479 0.88271 0.50279 0.8752 0.51072 0.8881 0.49401 0.86492 0.49896 0.86793 0.50941 0.91131 0.51017 0.90302 0.50943 0.89361 0.50874 0.87886 0.49686 0.85817 0.49889 0.85473 0.50972 0.90093 0.5126 0.90397 0.50115 0.86395 0.51108 0.88102 0.51234 0.892 0.51409 0.91129 0.5137 0.89887 0.51113 0.89763 0.50935 0.8725 0.50389 0.86842 0.51434 0.88175 0.49635 0.84998 0.50231 0.85675 0.51403 0.91162 0.51514 0.90569 0.51671 0.90258 0.50701 0.86976 0.5052 0.86033 0.51547 0.8762 0.51277 0.87424 0.51698 0.88372 0.66087 0.79172 0.49766 0.84296 0.49348 0.84709 0.50359 0.84896 0.5166 0.91495 0.51777 0.91002 0.51456 0.89585 0.50821 0.86299 0.51814 0.87835 0.51202 0.86456 0.51583 0.89004 0.6665 0.80508 0.50106 0.84311 0.51749 0.90093 0.51625 0.87073 0.51493 0.85957 0.51956 0.88726 0.5209 0.88217 0.66818 0.81185 0.68002 0.83361 0.49481 0.83781 0.49839 0.83536 0.50649 0.85236 0.50477 0.83832 0.51867 0.91793 0.51864 0.90676 0.51045 0.85 0.51906 0.87701 0.51344 0.85231 0.51857 0.89509 0.4984 0.82665 0.50736 0.84364 0.50353 0.82938 0.51998 0.91415 0.52111 0.90892 0.51983 0.90414 0.51935 0.87532 0.51727 0.86394 0.51603 0.85622 0.52086 0.89032 0.52469 0.88038 0.67389 0.82245 0.49576 0.83012 0.50898 0.83841 0.50777 0.82738 0.5224 0.9166 0.52227 0.90366 0.52099 0.89846 0.51179 0.84164 0.52333 0.87334 0.51814 0.85087 0.52343 0.88651 0.65579 0.79616 0.50834 0.80736 0.50994 0.81921 0.52439 0.91038 0.52237 0.92158 0.52352 0.89914 0.51467 0.84552 0.52054 0.87134 0.51937 0.86001 0.52221 0.89292 0.52733 0.88359 0.52602 0.87486 0.66053 0.79689 0.50142 0.80447 0.513 0.83448 0.52478 0.91865 0.52466 0.90471 0.52616 0.90145 0.52471 0.86639 0.51885 0.84313 0.52043 0.85433 0.52612 0.89101 0.52739 0.86899 0.66346 0.80122 0.6697 0.81675 0.51296 0.81345 0.506 0.78782 0.51524 0.82183 0.52668 0.91901 0.52494 0.92211 0.52688 0.90613 0.52483 0.89648 0.51593 0.83854 0.52198 0.86495 0.52158 0.847 0.52345 0.85662 0.52867 0.8931 0.5286 0.87694 0.53008 0.87281 0.49761 0.79346 0.51307 0.79009 0.49926 0.77929 0.51725 0.83049 0.52816 0.91346 0.52734 0.89829 0.52909 0.86325 0.52016 0.83451 0.53001 0.88752 0.53164 0.88165 0.66672 0.81025 0.67701 0.84313 0.5174 0.78949 0.51794 0.80519 0.51018 0.78369 0.50368 0.77511 0.52168 0.82695 0.53083 0.91474 0.5264 0.92104 0.52933 0.90812 0.53048 0.90382 0.52933 0.89853 0.52735 0.85152 0.52339 0.83891 0.52454 0.84858 0.53256 0.89004 0.53176 0.86801 0.49575 0.77094 0.51478 0.77921 0.52071 0.80748 0.50698 0.77937 0.51148 0.77511 0.50522 0.76343 0.5289 0.92163 0.53118 0.89424 0.53075 0.84955 0.53377 0.88713 0.533 0.87728 0.53304 0.86004 0.51788 0.77414 0.52204 0.78326 0.50823 0.77067 0.52637 0.81327 0.5329 0.9057 0.53273 0.91883 0.53191 0.89905 0.5337 0.83385 0.52836 0.82782 0.53574 0.8808 0.534 0.89324 0.53459 0.87188 0.53581 0.86355 0.49523 0.75356 0.51291 0.76612 0.50853 0.75261 0.53349 0.91384 0.53176 0.92371 0.53428 0.9015 0.53806 0.84858 0.53565 0.85535 0.53672 0.88638 0.51728 0.76214 0.52134 0.7584 0.53496 0.82561 0.53538 0.90949 0.53652 0.91802 0.53499 0.92689 0.53851 0.90657 0.53888 0.84004 0.53843 0.88207 0.53923 0.89043 0.53732 0.87432 0.54077 0.855 0.53825 0.91417 0.53655 0.92552 0.53585 0.8984 0.54152 0.83281 0.54072 0.87851 0.53737 0.89395 0.54016 0.9181 0.53885 0.92072 0.53582 0.92788 0.54036 0.89886 0.54088 0.82113 0.54427 0.85493 0.54038 0.88333 0.54129 0.87047 0.54267 0.86311 0.53959 0.91107 0.54153 0.9238 0.54098 0.93325 0.54153 0.90693 0.54335 0.82717 0.5479 0.84424 0.54247 0.88913 0.54284 0.88597 0.54211 0.89602 0.54353 0.87222 0.54267 0.91567 0.53974 0.92736 0.54281 0.90267 0.54676 0.83133 0.54586 0.81656 0.54891 0.86152 0.55002 0.85372 0.54452 0.87971 0.54444 0.8978 0.54379 0.92242 0.54216 0.93223 0.54528 0.90551 0.54939 0.82458 0.54379 0.80362 0.55039 0.84607 0.54444 0.88837 0.5463 0.8757 0.54624 0.91377 0.54457 0.93094 0.54491 0.91981 0.54174 0.93415 0.55323 0.83823 0.55083 0.81735 0.54064 0.80348 0.55162 0.87346 0.55254 0.86568 0.55373 0.85879 0.54553 0.88171 0.5459 0.92796 0.54741 0.9231 0.54534 0.94043 0.54689 0.90046 0.5486 0.90907 0.55273 0.79933 0.54344 0.78706 0.54566 0.89048 0.54881 0.87855 0.54935 0.91685 0.54837 0.93123 0.54489 0.9417 0.54767 0.7928 0.56001 0.87576 0.54713 0.88422 0.5497 0.88748 0.5496 0.92481 0.54811 0.9392 0.54569 0.94295 0.55041 0.89783 0.54836 0.89432 0.55184 0.78682 0.55216 0.90121 0.5522 0.92609 0.54712 0.94492 0.55063 0.93534 0.54987 0.94244 0.54834 0.94709 0.55269 0.93467 0.55201 0.94239 0.92108 0.25191 0.92417 0.25127 0.92437 0.2529 0.92075 0.24568 0.91774 0.25297 0.91736 0.24531 0.67587 0.83156 0.91416 0.25951 0.65815 0.79535 0.90775 0.24295 0.66747 0.8169 0.91063 0.22812 0.91119 0.2534 0.66327 0.80428 0.9037 0.23309 0.91073 0.27599 0.90152 0.24867 0.90434 0.2125 0.90791 0.25985 0.68112 0.85065 0.66877 0.82174 0.89625 0.22925 0.90777 0.26828 0.89794 0.25396 0.67035 0.82422 0.90112 0.26624 0.90736 0.28356 0.89152 0.22844 0.90182 0.27779 0.8926 0.25872 0.88971 0.25324 0.89606 0.27649 0.88505 0.23222 0.88714 0.30123 0.6734 0.82811 0.65771 0.80244 0.66045 0.8033 0.66532 0.82221 0.67456 0.84356 0.67875 0.85918 0.67262 0.84052 0.67868 0.87108 0.68092 0.88006 0.68361 0.87592 0.6737 0.85005 0.67581 0.85186 0.66788 0.82718 0.66982 0.83392 0.67159 0.8324 0.65814 0.81297 0.66082 0.81133 0.67776 0.88066 0.67176 0.84727 0.67496 0.85949 0.66663 0.8302 0.66213 0.82315 0.65981 0.81688 0.67544 0.87786 0.67635 0.86885 0.67714 0.86113 0.66993 0.84074 0.67297 0.85646 0.67076 0.85217 0.66014 0.82384 0.67417 0.86619 0.67105 0.86129 0.66878 0.8395 0.6637 0.83182 0.67219 0.87436 0.66659 0.85268 0.66351 0.84125 0.65748 0.82269 0.65984 0.83057 0.67215 0.8828 0.66453 0.86168 0.66463 0.85611 0.86282 0.66531 0.65655 0.83171 0.65851 0.83644 0.66673 0.87948 0.66544 0.90295 0.66177 0.84819 0.66211 0.87744 0.65933 0.8574 0.8651 0.66558 0.65759 0.85151 0.6564 0.84448 0.66239 0.90025 0.6524 0.84157 0.86676 0.66158 0.65584 0.86814 0.6583 0.88872 0.86908 0.66115 0.8659 0.65723 0.86791 0.65702 0.65357 0.85687 0.65127 0.84745 0.64866 0.83871 0.65826 0.91208 0.64426 0.83933 0.64829 0.84414 0.65531 0.88459 0.65508 0.91173 0.65264 0.87288 0.6465 0.85641 0.65041 0.86102 0.64179 0.86055 0.9045 0.08046 0.65243 0.88834 0.90574 0.07338 0.65261 0.90816 0.90186 0.07975 0.64702 0.87431 0.90847 0.06275 0.90312 0.06376 0.89458 0.07522 0.89965 0.06984 0.64833 0.88294 0.89945 0.05245 0.89556 0.06347 0.89073 0.06574 0.65185 0.92296 0.64735 0.90484 0.64142 0.87037 0.90417 0.05555 0.89612 0.05238 0.64311 0.88791 0.90703 0.05172 0.89525 0.04072 0.88845 0.05202 0.63954 0.87933 0.6363 0.87106 0.90194 0.04127 0.89098 0.04706 0.88139 0.05528 0.64893 0.95387 0.64726 0.94833 0.64227 0.97194 0.64231 0.90197 0.8949 0.02784 0.88909 0.0433 0.88725 0.03558 0.64449 0.91793 0.63925 0.90105 0.63926 0.96328 0.90148 0.03084 0.87629 0.04669 0.87917 0.03902 0.63374 0.88389 0.63266 0.90031 0.6413 0.9397 0.90227 0.02209 0.89109 0.02306 0.88383 0.02603 0.63831 0.91809 0.63298 0.87626 0.89811 0.02078 0.89283 0.0162 0.87944 0.02287 0.63484 0.91696 0.63365 0.94915 0.63681 0.92673 0.89517 0.01099 0.89004 0.00782 0.88669 0.01804 0.88259 0.02041 0.62847 0.89619 0.631 0.89424 0.63217 0.90879 0.88143 0.01148 0.63208 0.92175 0.62972 0.88266 0.88727 0.01203 0.88528 0.01183 0.8847 0.00696 0.62785 0.90753 0.63005 0.90804 0.62357 0.8911 0.62607 0.89161 0.60725 0.88864 0.60882 0.89249 0.60927 0.88289 0.63483 0.93408 0.62337 0.8839 0.62136 0.89314 0.62157 0.89794 0.61348 0.88411 0.61651 0.89499 0.61621 0.88228 0.60294 0.90366 0.60691 0.89929 0.61983 0.88185 0.61767 0.89838 0.62092 0.88744 0.62635 0.93042 0.63056 0.93035 0.62837 0.92247 0.62286 0.9033 0.62417 0.91242 0.6026 0.91027 0.60755 0.91094 0.59716 0.9131 0.62474 0.92003 0.61793 0.91115 0.61654 0.90854 0.61335 0.90915 0.59834 0.92822 0.62145 0.91258 0.62063 0.92432 0.62273 0.92663 0.60429 0.92577 0.61506 0.92038 0.60813 0.91845 0.60903 0.94116 0.6091 0.95006 0.61115 0.93291 0.60226 0.96584 0.61728 0.93743 0.6091 0.92806 0.60725 0.93866 0.61467 0.92784 0.61192 0.92544 0.6022 0.95507 0.61903 0.93056 0.60475 0.93798 0.60992 0.92107 0.62156 0.93374 0.61406 0.91997 0.60403 0.93308</float_array>
          <technique_common>
            <accessor source="#uvs_0-array" count="29694" stride="2">
              <param name="S" type="float"/>
              <param name="T" type="float"/>
            </accessor>
          </technique_common>
        </source>
        <vertices id="vert_0">
          <input semantic="POSITION" source="#pos_0"/>
        </vertices>
        <triangles count="16506" material="mat_0">
          <input semantic="VERTEX" source="#vert_0" offset="0"/>
          <input semantic="TEXCOORD" source="#uvs_0" offset="1"/>
          <p>0 0 1 1 2 2 1 1 0 0 3 3 1 1 4 4 2 2 2 2 5 5 0 0 0 0 6 6 3 3 3 3 7 7 1 1 1 1 8 8 4 4 9 9 10 10 11 11 6 6 0 0 5 5 12 12 3 3 6 6 7 7 13 13 1 1 14 14 7 7 3 3 1 1 13 13 8 8 8 8 15 15 4 4 16 16 17 17 18 18 19 19 20 20 21 21 3 3 12 12 22 22 6 6 23 23 12 12 7 7 24 24 13 13 14 14 25 25 7 7 22 22 14 14 3 3 8 8 13 13 15 15 26 26 27 27 28 28 26 26 29 29 27 27 30 30 31 31 32 32 33 33 22 22 12 12 6 6 34 34 23 23 23 23 35 35 12 12 25 25 24 24 7 7 15 15 13 13 24 24 36 36 25 25 14 14 37 37 14 14 22 22 30 30 38 38 31 31 39 39 40 40 41 41 22 22 33 33 42 42 43 43 33 33 12 12 34 34 35 35 23 23 35 35 43 43 12 12 24 24 25 25 44 44 24 24 45 45 15 15 36 36 46 46 25 25 37 37 36 36 14 14 22 22 42 42 37 37 39 39 47 47 40 40 47 47 48 48 40 40 47 47 49 49 48 48 50 50 42 42 33 33 51 51 33 33 43 43 51 51 43 43 35 35 46 46 44 44 25 25 52 52 24 24 44 44 24 24 52 52 45 45 53 53 46 46 36 36 54 54 36 36 37 37 37 37 42 42 54 54 47 47 55 55 49 49 56 56 57 57 58 58 50 50 59 59 42 42 33 33 51 51 50 50 60 60 51 51 35 35 46 46 61 61 44 44 52 52 44 44 61 61 52 52 62 62 45 45 46 46 53 53 63 63 64 64 53 53 36 36 65 65 36 36 54 54 42 42 59 59 54 54 56 56 58 58 66 66 56 56 66 66 20 20 50 50 67 67 59 59 51 51 68 68 50 50 69 69 51 51 60 60 70 70 71 71 72 72 46 46 73 73 61 61 61 61 74 74 52 52 62 62 52 52 75 75 76 76 63 63 53 53 63 63 77 77 46 46 64 64 76 76 53 53 65 65 64 64 36 36 59 59 65 65 54 54 78 78 72 72 79 79 50 50 68 68 67 67 80 80 59 59 67 67 68 68 51 51 69 69 60 60 81 81 69 69 78 78 79 79 82 82 77 77 73 73 46 46 83 83 61 61 73 73 61 61 83 83 74 74 52 52 74 74 75 75 75 75 84 84 62 62 63 63 76 76 85 85 86 86 77 77 63 63 76 76 64 64 87 87 88 88 64 64 65 65 88 88 65 65 59 59 89 89 67 67 68 68 67 67 90 90 80 80 80 80 88 88 59 59 69 69 89 89 68 68 69 69 81 81 89 89 60 60 91 91 81 81 39 39 41 41 92 92 77 77 93 93 73 73 73 73 94 94 83 83 83 83 95 95 74 74 84 84 75 75 74 74 87 87 85 85 76 76 85 85 86 86 63 63 86 86 93 93 77 77 64 64 96 96 87 87 97 97 64 64 88 88 89 89 98 98 67 67 98 98 90 90 67 67 90 90 99 99 80 80 80 80 97 97 88 88 89 89 81 81 98 98 91 91 100 100 81 81 101 101 102 102 91 91 95 95 83 83 94 94 103 103 74 74 95 95 74 74 103 103 84 84 104 104 85 85 87 87 96 96 64 64 97 97 105 105 87 87 96 96 106 106 90 90 98 98 107 107 99 99 90 90 80 80 99 99 108 108 108 108 97 97 80 80 81 81 109 109 98 98 102 102 100 100 91 91 100 100 110 110 81 81 111 111 95 95 94 94 95 95 112 112 103 103 103 103 113 113 84 84 114 114 85 85 104 104 115 115 104 104 87 87 97 97 116 116 96 96 116 116 105 105 96 96 117 117 87 87 105 105 98 98 109 109 106 106 90 90 106 106 107 107 107 107 108 108 99 99 108 108 116 116 97 97 81 81 110 110 109 109 100 100 102 102 110 110 112 112 95 95 111 111 94 94 118 118 111 111 103 103 112 112 113 113 84 84 113 113 119 119 115 115 114 114 104 104 87 87 117 117 115 115 120 120 105 105 116 116 121 121 117 117 105 105 110 110 106 106 109 109 122 122 107 107 106 106 107 107 120 120 108 108 120 120 116 116 108 108 112 112 111 111 118 118 118 118 94 94 123 123 124 124 115 115 117 117 121 121 105 105 120 120 125 125 117 117 121 121 110 110 122 122 106 106 126 126 107 107 122 122 126 126 120 120 107 107 118 118 123 123 112 112 117 117 125 125 124 124 127 127 115 115 124 124 128 128 121 121 120 120 121 121 128 128 125 125 120 120 126 126 128 128 129 129 124 124 125 125 124 124 129 129 127 127 130 130 125 125 128 128 125 125 130 130 129 129 131 131 132 132 133 133 131 131 134 134 132 132 133 133 132 132 135 135 136 136 131 131 133 133 132 132 134 134 137 137 138 138 134 134 131 131 132 132 139 139 135 135 140 140 133 133 135 135 141 141 131 131 136 136 136 136 133 133 142 142 134 134 143 143 137 137 132 132 137 137 139 139 138 138 144 144 134 134 145 145 138 138 131 131 146 146 135 135 139 139 147 147 140 140 135 135 148 148 133 133 140 140 145 145 131 131 141 141 149 149 141 141 136 136 149 149 136 136 142 142 142 142 133 133 148 148 134 134 150 150 143 143 137 137 143 143 139 139 144 144 150 150 134 134 151 151 144 144 138 138 145 145 152 152 138 138 139 139 153 153 146 146 146 146 147 147 135 135 140 140 147 147 154 154 154 154 148 148 140 140 155 155 145 145 141 141 156 156 141 141 149 149 142 142 157 157 149 149 150 150 158 158 143 143 153 153 139 139 143 143 150 150 144 144 159 159 151 151 160 160 144 144 152 152 151 151 138 138 161 161 152 152 145 145 162 162 146 146 153 153 163 163 147 147 146 146 164 164 154 154 147 147 145 145 155 155 165 165 141 141 156 156 155 155 149 149 166 166 156 156 157 157 167 167 149 149 150 150 168 168 158 158 169 169 143 143 158 158 143 143 170 170 153 153 159 159 168 168 150 150 171 171 160 160 151 151 151 151 152 152 172 172 152 152 161 161 172 172 145 145 165 165 161 161 153 153 173 173 162 162 146 146 162 162 174 174 147 147 163 163 164 164 174 174 163 163 146 146 175 175 165 165 155 155 175 175 155 155 156 156 149 149 167 167 166 166 175 175 156 156 166 166 158 158 168 168 176 176 177 177 169 169 158 158 143 143 169 169 170 170 153 153 170 170 173 173 178 178 160 160 171 171 172 172 171 171 151 151 172 172 161 161 179 179 165 165 179 179 161 161 173 173 180 180 162 162 181 181 174 174 162 162 164 164 163 163 182 182 163 163 174 174 182 182 183 183 165 165 175 175 158 158 176 176 177 177 169 169 177 177 184 184 185 185 170 170 169 169 170 170 185 185 173 173 186 186 178 178 171 171 160 160 178 178 187 187 188 188 171 171 172 172 172 172 179 179 189 189 190 190 179 179 165 165 180 180 173 173 185 185 180 180 191 191 162 162 181 181 162 162 192 192 181 181 182 182 174 174 165 165 183 183 190 190 193 193 183 183 175 175 194 194 177 177 176 176 177 177 194 194 184 184 169 169 184 184 185 185 171 171 188 188 186 186 178 178 186 186 195 195 196 196 187 187 178 178 189 189 188 188 172 172 179 179 197 197 189 189 179 179 190 190 197 197 185 185 198 198 180 180 191 191 180 180 198 198 162 162 191 191 199 199 162 162 199 199 192 192 200 200 190 190 183 183 201 201 183 183 193 193 194 194 176 176 202 202 203 203 184 184 194 194 184 184 204 204 185 185 205 205 186 186 188 188 178 178 195 195 196 196 186 186 205 205 195 195 206 206 187 187 196 196 188 188 189 189 207 207 197 197 208 208 189 189 209 209 197 197 190 190 198 198 185 185 204 204 210 210 191 191 198 198 191 191 211 211 199 199 199 199 211 211 192 192 190 190 200 200 209 209 201 201 200 200 183 183 202 202 176 176 212 212 202 202 213 213 194 194 184 184 203 203 204 204 203 203 194 194 213 213 207 207 205 205 188 188 214 214 196 196 195 195 205 205 215 215 195 195 196 196 216 216 206 206 208 208 207 207 189 189 204 204 217 217 198 198 218 218 191 191 210 210 198 198 217 217 210 210 191 191 218 218 211 211 219 219 209 209 200 200 200 200 201 201 219 219 213 213 202 202 212 212 203 203 220 220 204 204 213 213 221 221 203 203 205 205 207 207 222 222 196 196 214 214 216 216 195 195 215 215 214 214 205 205 222 222 215 215 216 216 223 223 206 206 207 207 208 208 224 224 217 217 204 204 220 220 210 210 225 225 218 218 217 217 225 225 210 210 212 212 221 221 213 213 220 220 203 203 221 221 207 207 224 224 222 222 215 215 216 216 214 214 215 215 222 222 226 226 216 216 227 227 223 223 220 220 228 228 217 217 217 217 229 229 225 225 222 222 224 224 226 226 227 227 216 216 215 215 226 226 227 227 215 215 229 229 217 217 228 228 229 229 230 230 225 225 228 228 230 230 229 229 231 231 232 232 233 233 231 231 233 233 234 234 231 231 234 234 235 235 236 236 234 234 237 237 238 238 239 239 240 240 238 238 241 241 239 239 242 242 243 243 244 244 242 242 244 244 245 245 238 238 246 246 241 241 247 247 248 248 249 249 247 247 250 250 248 248 231 231 249 249 251 251 250 250 252 252 248 248 250 250 253 253 252 252 250 250 254 254 253 253 254 254 255 255 253 253 256 256 257 257 258 258 259 259 260 260 261 261 259 259 262 262 260 260 263 263 264 264 265 265 266 266 267 267 268 268 269 269 270 270 271 271 272 272 273 273 274 274 270 270 269 269 275 275 272 272 274 274 276 276 277 277 278 278 279 279 269 269 280 280 275 275 277 277 281 281 278 278 277 277 282 282 281 281 283 283 284 284 285 285 269 269 286 286 280 280 275 275 280 280 287 287 288 288 289 289 269 269 290 290 285 285 291 291 292 292 293 293 288 288 286 286 294 294 280 280 269 269 289 289 286 286 280 280 294 294 287 287 288 288 295 295 289 289 295 295 288 288 293 293 294 294 286 286 295 295 295 295 286 286 289 289 296 296 287 287 294 294 293 293 297 297 295 295 295 295 296 296 294 294 298 298 297 297 293 293 299 299 295 295 297 297 295 295 299 299 296 296 300 300 297 297 298 298 297 297 300 300 299 299 299 299 301 301 296 296 302 302 300 300 298 298 303 303 299 299 300 300 301 301 299 299 303 303 304 304 300 300 302 302 302 302 298 298 305 305 300 300 304 304 303 303 306 306 301 301 303 303 304 304 302 302 307 307 307 307 302 302 305 305 303 303 304 304 308 308 303 303 309 309 306 306 308 308 304 304 307 307 310 310 307 307 305 305 308 308 311 311 303 303 311 311 309 309 303 303 312 312 306 306 309 309 307 307 313 313 308 308 313 313 307 307 310 310 311 311 308 308 313 313 314 314 309 309 311 311 312 312 309 309 314 314 313 313 315 315 311 311 316 316 314 314 311 311 317 317 312 312 314 314 318 318 311 311 315 315 314 314 316 316 319 319 316 316 311 311 318 318 317 317 314 314 319 319 318 318 315 315 320 320 319 319 316 316 318 318 319 319 318 318 320 320 321 321 322 322 323 323 321 321 324 324 322 322 325 325 326 326 327 327 328 328 329 329 330 330 328 328 331 331 329 329 328 328 330 330 332 332 333 333 334 334 335 335 336 336 337 337 338 338 339 339 340 340 341 341 339 339 342 342 340 340 342 342 343 343 340 340 342 342 344 344 343 343 336 336 345 345 337 337 336 336 346 346 345 345 347 347 348 348 349 349 339 339 341 341 350 350 339 339 350 350 351 351 339 339 351 351 352 352 353 353 354 354 355 355 356 356 357 357 358 358 356 356 358 358 359 359 360 360 359 359 361 361 362 362 361 361 363 363 364 364 363 363 365 365 366 366 367 367 368 368 366 366 368 368 369 369 369 369 368 368 370 370 272 272 276 276 371 371 272 272 371 371 372 372 372 372 371 371 373 373 372 372 373 373 374 374 375 375 376 376 377 377 378 378 376 376 375 375 376 376 379 379 377 377 375 375 377 377 380 380 381 381 376 376 378 378 382 382 378 378 375 375 379 379 376 376 383 383 379 379 384 384 377 377 380 380 377 377 385 385 382 382 375 375 380 380 386 386 376 376 381 381 387 387 381 381 378 378 378 378 382 382 388 388 383 383 389 389 379 379 376 376 386 386 383 383 384 384 379 379 389 389 377 377 384 384 385 385 390 390 380 380 385 385 380 380 390 390 382 382 391 391 386 386 381 381 392 392 381 381 387 387 387 387 378 378 388 388 389 389 383 383 393 393 394 394 383 383 386 386 389 389 395 395 384 384 385 385 384 384 396 396 397 397 390 390 385 385 382 382 390 390 398 398 394 394 386 386 391 391 381 381 399 399 391 391 399 399 381 381 392 392 392 392 387 387 400 400 387 387 388 388 400 400 393 393 401 401 389 389 383 383 402 402 393 393 394 394 403 403 383 383 384 384 395 395 404 404 389 389 401 401 395 395 396 396 384 384 404 404 405 405 385 385 396 396 385 385 405 405 397 397 390 390 397 397 406 406 406 406 398 398 390 390 407 407 382 382 398 398 394 394 391 391 408 408 408 408 391 391 399 399 409 409 399 399 392 392 410 410 392 392 400 400 411 411 400 400 388 388 393 393 412 412 401 401 403 403 402 402 383 383 412 412 393 393 402 402 413 413 403 403 394 394 404 404 395 395 414 414 395 395 401 401 414 414 396 396 404 404 415 415 405 405 396 396 415 415 416 416 397 397 405 405 397 397 416 416 406 406 398 398 406 406 407 407 417 417 394 394 408 408 408 408 399 399 409 409 392 392 410 410 409 409 410 410 400 400 411 411 412 412 414 414 401 401 418 418 413 413 394 394 419 419 403 403 413 413 420 420 405 405 415 415 405 405 420 420 416 416 406 406 416 416 421 421 407 407 406 406 422 422 418 418 394 394 417 417 417 417 408 408 423 423 408 408 409 409 423 423 423 423 409 409 410 410 411 411 424 424 410 410 418 418 425 425 413 413 425 425 419 419 413 413 372 372 374 374 426 426 427 427 428 428 429 429 430 430 429 429 431 431 407 407 422 422 432 432 430 430 431 431 433 433 418 418 417 417 423 423 423 423 410 410 424 424 434 434 425 425 418 418 435 435 419 419 425 425 436 436 437 437 438 438 439 439 440 440 441 441 442 442 443 443 444 444 442 442 445 445 443 443 418 418 423 423 446 446 424 424 447 447 423 423 435 435 425 425 434 434 448 448 434 434 418 418 449 449 419 419 435 435 450 450 451 451 452 452 446 446 423 423 447 447 453 453 418 418 446 446 454 454 435 435 434 434 448 448 454 454 434 434 448 448 418 418 455 455 449 449 456 456 419 419 457 457 449 449 435 435 446 446 447 447 458 458 455 455 418 418 453 453 459 459 453 453 446 446 435 435 454 454 457 457 460 460 456 456 449 449 449 449 457 457 461 461 459 459 446 446 458 458 455 455 453 453 459 459 457 457 454 454 462 462 460 460 463 463 456 456 461 461 460 460 449 449 464 464 461 461 457 457 459 459 458 458 465 465 457 457 462 462 464 464 466 466 462 462 454 454 463 463 460 460 467 467 460 460 461 461 468 468 461 461 464 464 469 469 470 470 464 464 462 462 462 462 466 466 470 470 468 468 467 467 460 460 469 469 468 468 461 461 471 471 469 469 464 464 464 464 470 470 471 471 466 466 472 472 470 470 467 467 468 468 473 473 468 468 469 469 474 474 475 475 469 469 471 471 471 471 470 470 472 472 474 474 473 473 468 468 473 473 476 476 467 467 475 475 474 474 469 469 477 477 475 475 471 471 471 471 472 472 477 477 474 474 478 478 473 473 476 476 473 473 478 478 475 475 479 479 474 474 477 477 479 479 475 475 474 474 479 479 478 478 480 480 481 481 482 482 483 483 484 484 485 485 483 483 485 485 486 486 487 487 486 486 488 488 489 489 490 490 491 491 492 492 491 491 493 493 492 492 493 493 494 494 492 492 495 495 496 496 492 492 496 496 497 497 498 498 499 499 500 500 499 499 498 498 501 501 498 498 500 500 502 502 501 501 498 498 503 503 501 501 504 504 499 499 505 505 498 498 502 502 506 506 501 501 503 503 498 498 505 505 503 503 504 504 501 501 507 507 502 502 508 508 505 505 509 509 506 506 503 503 510 510 501 501 506 506 505 505 511 511 503 503 510 510 507 507 501 501 512 512 504 504 507 507 508 508 502 502 513 513 514 514 505 505 508 508 506 506 509 509 515 515 516 516 496 496 517 517 518 518 510 510 506 506 505 505 514 514 511 511 516 516 517 517 519 519 510 510 512 512 507 507 520 520 513 513 502 502 508 508 521 521 514 514 516 516 519 519 522 522 515 515 518 518 506 506 522 522 519 519 523 523 522 522 523 523 524 524 510 510 518 518 525 525 524 524 523 523 526 526 524 524 526 526 527 527 520 520 528 528 513 513 521 521 508 508 529 529 514 514 521 521 256 256 524 524 527 527 530 530 524 524 530 530 531 531 531 531 532 532 533 533 531 531 533 533 534 534 535 535 533 533 536 536 535 535 536 536 537 537 535 535 537 537 538 538 539 539 538 538 540 540 521 521 529 529 541 541 521 521 541 541 256 256 542 542 543 543 544 544 542 542 539 539 543 543 529 529 545 545 541 541 541 541 546 546 256 256 547 547 545 545 529 529 541 541 545 545 548 548 546 546 541 541 548 548 547 547 549 549 545 545 545 545 550 550 548 548 551 551 552 552 553 553 554 554 549 549 547 547 549 549 550 550 545 545 550 550 555 555 548 548 551 551 542 542 552 552 542 542 544 544 556 556 554 554 557 557 549 549 528 528 554 554 547 547 549 549 557 557 550 550 550 550 558 558 555 555 559 559 553 553 560 560 559 559 560 560 561 561 557 557 558 558 550 550 558 558 290 290 555 555 562 562 561 561 563 563 564 564 565 565 566 566 564 564 562 562 565 565 567 567 566 566 568 568 567 567 568 568 569 569 567 567 569 569 570 570 571 571 570 570 572 572 573 573 574 574 575 575 573 573 571 571 574 574 576 576 575 575 577 577 576 576 577 577 578 578 579 579 580 580 581 581 582 582 583 583 584 584 582 582 584 584 585 585 586 586 585 585 587 587 588 588 589 589 590 590 588 588 591 591 589 589 592 592 593 593 594 594 591 591 595 595 589 589 596 596 597 597 598 598 597 597 596 596 599 599 597 597 600 600 598 598 601 601 596 596 598 598 597 597 599 599 602 602 596 596 603 603 599 599 598 598 600 600 604 604 597 597 605 605 600 600 601 601 598 598 606 606 601 601 603 603 596 596 605 605 597 597 602 602 599 599 607 607 602 602 608 608 599 599 603 603 600 600 609 609 604 604 606 606 598 598 604 604 605 605 610 610 600 600 601 601 606 606 611 611 601 601 612 612 603 603 605 605 602 602 613 613 614 614 607 607 599 599 602 602 607 607 615 615 608 608 614 614 599 599 603 603 616 616 608 608 600 600 610 610 609 609 617 617 604 604 609 609 606 606 604 604 618 618 605 605 613 613 610 610 611 611 619 619 601 601 611 611 606 606 620 620 612 612 601 601 619 619 616 616 603 603 612 612 602 602 615 615 613 613 607 607 614 614 621 621 615 615 607 607 622 622 614 614 608 608 623 623 624 624 608 608 616 616 609 609 610 610 625 625 609 609 625 625 617 617 626 626 604 604 617 617 620 620 606 606 618 618 626 626 618 618 604 604 613 613 627 627 610 610 619 619 611 611 628 628 611 611 620 620 628 628 619 619 629 629 612 612 630 630 616 616 612 612 613 613 615 615 631 631 607 607 621 621 622 622 614 614 623 623 621 621 615 615 622 622 632 632 608 608 633 633 623 623 608 608 624 624 634 634 624 624 616 616 630 630 610 610 627 627 625 625 625 625 635 635 617 617 626 626 617 617 636 636 620 620 618 618 637 637 637 637 618 618 626 626 627 627 613 613 631 631 619 619 628 628 638 638 639 639 628 628 620 620 629 629 619 619 640 640 630 630 612 612 629 629 631 631 615 615 632 632 634 634 633 633 608 608 641 641 634 634 624 624 630 630 642 642 624 624 643 643 625 625 627 627 617 617 635 635 644 644 635 635 625 625 643 643 626 626 636 636 645 645 636 636 617 617 644 644 639 639 620 620 637 637 637 637 626 626 646 646 631 631 647 647 627 627 640 640 619 619 638 638 648 648 638 638 628 628 648 648 628 628 639 639 640 640 649 649 629 629 650 650 630 630 629 629 632 632 651 651 631 631 641 641 624 624 642 642 650 650 642 642 630 630 627 627 652 652 643 643 653 653 644 644 635 635 654 654 635 635 643 643 645 645 636 636 655 655 646 646 626 626 645 645 655 655 636 636 644 644 639 639 637 637 646 646 627 627 647 647 652 652 631 631 651 651 647 647 640 640 638 638 656 656 657 657 638 638 648 648 658 658 648 648 639 639 659 659 649 649 640 640 650 650 629 629 649 649 660 660 641 641 642 642 661 661 642 642 650 650 652 652 662 662 643 643 635 635 654 654 653 653 644 644 653 653 655 655 643 643 662 662 654 654 645 645 655 655 663 663 591 591 592 592 595 595 639 639 646 646 664 664 647 647 665 665 652 652 651 651 666 666 647 647 656 656 638 638 657 657 656 656 659 659 640 640 657 657 648 648 667 667 668 668 648 648 658 658 639 639 664 664 658 658 649 649 659 659 669 669 650 650 649 649 670 670 660 660 642 642 661 661 661 661 650 650 671 671 652 652 672 672 662 662 655 655 653 653 663 663 673 673 645 645 663 663 588 588 590 590 674 674 588 588 674 674 675 675 665 665 672 672 652 652 647 647 676 676 665 665 666 666 676 676 647 647 656 656 657 657 677 677 659 659 656 656 677 677 667 667 648 648 678 678 667 667 679 679 657 657 592 592 594 594 680 680 648 648 668 668 678 678 681 681 682 682 683 683 669 669 659 659 684 684 670 670 649 649 669 669 650 650 670 670 671 671 660 660 661 661 685 685 685 685 661 661 671 671 672 672 686 686 662 662 681 681 675 675 682 682 592 592 687 687 595 595 675 675 674 674 688 688 681 681 683 683 689 689 672 672 665 665 676 676 677 677 657 657 679 679 659 659 677 677 684 684 678 678 690 690 667 667 690 690 679 679 667 667 681 681 689 689 691 691 691 691 689 689 692 692 693 693 669 669 684 684 669 669 694 694 670 670 671 671 670 670 694 694 685 685 671 671 695 695 691 691 692 692 696 696 691 691 696 696 697 697 697 697 696 696 698 698 364 364 365 365 699 699 676 676 700 700 672 672 677 677 679 679 701 701 684 684 677 677 701 701 690 690 678 678 702 702 701 701 679 679 690 690 364 364 699 699 703 703 364 364 703 703 704 704 694 694 669 669 693 693 705 705 693 693 684 684 671 671 694 694 693 693 695 695 671 671 706 706 685 685 695 695 707 707 364 364 704 704 708 708 709 709 708 708 710 710 709 709 710 710 711 711 709 709 711 711 712 712 713 713 684 684 701 701 709 709 712 712 714 714 715 715 690 690 702 702 701 701 690 690 715 715 714 714 712 712 716 716 717 717 716 716 718 718 717 717 718 718 719 719 720 720 693 693 705 705 705 705 684 684 721 721 671 671 693 693 706 706 706 706 722 722 695 695 707 707 695 695 723 723 724 724 719 719 725 725 724 724 725 725 726 726 724 724 726 726 727 727 728 728 727 727 729 729 715 715 713 713 701 701 721 721 684 684 713 713 728 728 729 729 730 730 728 728 730 730 731 731 732 732 715 715 702 702 728 728 731 731 733 733 706 706 693 693 720 720 721 721 720 720 705 705 722 722 706 706 734 734 722 722 723 723 695 695 735 735 707 707 723 723 733 733 731 731 736 736 733 733 736 736 737 737 738 738 737 737 739 739 740 740 713 713 715 715 740 740 721 721 713 713 738 738 739 739 741 741 738 738 741 741 742 742 742 742 741 741 743 743 744 744 732 732 702 702 740 740 715 715 732 732 745 745 706 706 720 720 746 746 720 720 721 721 722 722 734 734 747 747 734 734 706 706 745 745 723 723 722 722 748 748 749 749 707 707 735 735 735 735 723 723 750 750 742 742 743 743 751 751 752 752 753 753 754 754 755 755 721 721 740 740 756 756 751 751 757 757 752 752 758 758 753 753 752 752 754 754 759 759 740 740 732 732 760 760 745 745 720 720 761 761 746 746 761 761 720 720 746 746 721 721 755 755 747 747 734 734 762 762 748 748 722 722 747 747 762 762 734 734 745 745 723 723 748 748 750 750 749 749 735 735 763 763 763 763 735 735 750 750 764 764 765 765 766 766 767 767 768 768 769 769 557 557 755 755 740 740 770 770 771 771 772 772 773 773 774 774 775 775 776 776 745 745 761 761 776 776 761 761 746 746 554 554 746 746 755 755 747 747 762 762 777 777 748 748 747 747 777 777 778 778 762 762 745 745 750 750 748 748 779 779 770 770 780 780 771 771 755 755 557 557 554 554 557 557 740 740 781 781 770 770 782 782 780 780 783 783 784 784 785 785 778 778 745 745 776 776 528 528 776 776 746 746 746 746 554 554 528 528 777 777 762 762 786 786 748 748 777 777 787 787 786 786 762 762 778 778 779 779 748 748 787 787 783 783 785 785 788 788 783 783 788 788 789 789 557 557 781 781 790 790 783 783 789 789 791 791 792 792 793 793 794 794 792 792 791 791 793 793 778 778 776 776 520 520 528 528 520 520 776 776 777 777 786 786 795 795 787 787 777 777 796 796 786 786 778 778 797 797 798 798 794 794 799 799 781 781 760 760 790 790 558 558 557 557 790 790 778 778 520 520 800 800 801 801 795 795 786 786 795 795 796 796 777 777 787 787 796 796 802 802 800 800 797 797 778 778 786 786 797 797 801 801 798 798 799 799 803 803 502 502 800 800 520 520 795 795 801 801 499 499 796 796 795 795 499 499 802 802 796 796 499 499 500 500 797 797 800 800 500 500 801 801 797 797 500 500 800 800 502 502 499 499 801 801 500 500 504 504 802 802 499 499 804 804 803 803 805 805 283 283 760 760 744 744 806 806 805 805 807 807 806 806 807 807 808 808 809 809 810 810 811 811 809 809 811 811 812 812 812 812 811 811 813 813 814 814 815 815 816 816 817 817 816 816 815 815 814 814 816 816 818 818 816 816 817 817 819 819 818 818 816 816 819 819 820 820 819 819 817 817 818 818 819 819 821 821 819 819 820 820 822 822 821 821 819 819 823 823 821 821 824 824 818 818 822 822 823 823 819 819 825 825 822 822 820 820 821 821 823 823 826 826 824 824 821 821 826 826 827 827 818 818 824 824 823 823 822 822 828 828 829 829 822 822 825 825 826 826 823 823 828 828 826 826 830 830 824 824 827 827 824 824 830 830 828 828 822 822 829 829 831 831 826 826 828 828 831 831 830 830 826 826 832 832 827 827 830 830 833 833 828 828 829 829 833 833 831 831 828 828 830 830 831 831 834 834 835 835 827 827 832 832 832 832 830 830 836 836 833 833 829 829 837 837 838 838 831 831 833 833 836 836 830 830 834 834 834 834 831 831 839 839 840 840 827 827 835 835 841 841 835 835 832 832 842 842 832 832 836 836 843 843 833 833 837 837 838 838 833 833 843 843 839 839 831 831 838 838 844 844 836 836 834 834 845 845 834 834 839 839 835 835 846 846 840 840 846 846 835 835 841 841 841 841 832 832 842 842 847 847 843 843 837 837 838 838 843 843 848 848 839 839 838 838 849 849 845 845 844 844 834 834 845 845 839 839 849 849 850 850 846 846 841 841 850 850 841 841 842 842 851 851 843 843 847 847 851 851 848 848 843 843 848 848 849 849 838 838 852 852 851 851 847 847 852 852 847 847 853 853 852 852 853 853 854 854 855 855 856 856 857 857 858 858 856 856 855 855 856 856 859 859 857 857 857 857 860 860 855 855 856 856 858 858 861 861 862 862 859 859 856 856 859 859 863 863 857 857 860 860 857 857 864 864 861 861 858 858 865 865 862 862 856 856 861 861 866 866 859 859 862 862 867 867 863 863 859 859 863 863 864 864 857 857 864 864 868 868 860 860 861 861 865 865 869 869 865 865 858 858 870 870 861 861 871 871 862 862 866 866 867 867 859 859 872 872 866 866 862 862 873 873 863 863 867 867 864 864 863 863 873 873 864 864 874 874 868 868 861 861 869 869 875 875 865 865 876 876 869 869 876 876 865 865 870 870 871 871 861 861 877 877 871 871 872 872 862 862 878 878 867 867 866 866 879 879 873 873 867 867 873 873 874 874 864 864 869 869 880 880 875 875 875 875 881 881 861 861 869 869 876 876 882 882 876 876 870 870 882 882 877 877 861 861 881 881 871 871 877 877 883 883 872 872 871 871 883 883 867 867 878 878 884 884 885 885 878 878 866 866 879 879 886 886 873 873 887 887 879 879 867 867 873 873 886 886 874 874 875 875 880 880 888 888 880 880 869 869 882 882 881 881 875 875 889 889 890 890 877 877 881 881 883 883 877 877 890 890 883 883 891 891 872 872 878 878 892 892 884 884 867 867 884 884 887 887 892 892 878 878 885 885 893 893 886 886 879 879 879 879 887 887 894 894 886 886 895 895 874 874 880 880 896 896 888 888 897 897 875 875 888 888 896 896 880 880 882 882 889 889 875 875 897 897 890 890 881 881 889 889 883 883 890 890 898 898 891 891 883 883 899 899 900 900 884 884 892 892 901 901 887 887 884 884 902 902 892 892 885 885 893 893 903 903 886 886 904 904 893 893 879 879 894 894 904 904 879 879 901 901 894 894 887 887 903 903 895 895 886 886 889 889 897 897 905 905 890 890 889 889 898 898 906 906 883 883 898 898 899 899 883 883 906 906 891 891 899 899 907 907 892 892 902 902 900 900 908 908 884 884 900 900 908 908 901 901 884 884 909 909 903 903 893 893 904 904 909 909 893 893 904 904 894 894 910 910 894 894 901 901 911 911 903 903 912 912 895 895 898 898 889 889 905 905 906 906 898 898 913 913 914 914 899 899 906 906 907 907 899 899 914 914 891 891 907 907 915 915 903 903 909 909 916 916 909 909 904 904 910 910 911 911 910 910 894 894 905 905 913 913 898 898 917 917 906 906 913 913 918 918 914 914 906 906 919 919 907 907 914 914 920 920 915 915 907 907 910 910 916 916 909 909 917 917 913 913 905 905 917 917 918 918 906 906 914 914 918 918 921 921 919 919 914 914 921 921 907 907 919 919 920 920 922 922 916 916 910 910 918 918 917 917 921 921 919 919 921 921 923 923 920 920 919 919 924 924 921 921 917 917 925 925 923 923 921 921 925 925 919 919 923 923 924 924 926 926 925 925 917 917 925 925 926 926 923 923 812 812 813 813 927 927 928 928 929 929 930 930 931 931 928 928 930 930 932 932 928 928 931 931 933 933 932 932 931 931 934 934 932 932 933 933 932 932 934 934 935 935 933 933 936 936 934 934 936 936 935 935 934 934 933 933 937 937 936 936 812 812 927 927 938 938 938 938 927 927 939 939 938 938 939 939 940 940 941 941 940 940 942 942 941 941 942 942 943 943 944 944 945 945 946 946 947 947 943 943 948 948 949 949 945 945 950 950 951 951 952 952 953 953 951 951 947 947 952 952 945 945 944 944 950 950 954 954 944 944 946 946 955 955 956 956 957 957 958 958 949 949 959 959 950 950 959 959 949 949 955 955 957 957 960 960 961 961 946 946 962 962 954 954 950 950 944 944 946 946 961 961 954 954 963 963 958 958 964 964 955 955 960 960 965 965 959 959 966 966 958 958 967 967 959 959 950 950 968 968 969 969 970 970 971 971 961 961 962 962 954 954 967 967 950 950 961 961 972 972 954 954 958 958 966 966 964 964 963 963 964 964 973 973 974 974 975 975 976 976 959 959 977 977 966 966 967 967 977 977 959 959 971 971 962 962 978 978 971 971 979 979 961 961 972 972 967 967 954 954 961 961 979 979 972 972 966 966 980 980 964 964 964 964 981 981 973 973 982 982 983 983 984 984 982 982 985 985 983 983 966 966 977 977 980 980 986 986 977 977 967 967 978 978 987 987 971 971 971 971 988 988 979 979 986 986 967 967 972 972 979 979 989 989 972 972 980 980 990 990 964 964 981 981 991 991 973 973 964 964 990 990 981 981 985 985 992 992 983 983 985 985 993 993 992 992 977 977 994 994 980 980 995 995 977 977 986 986 996 996 971 971 987 987 987 987 978 978 929 929 988 988 971 971 996 996 997 997 979 979 988 988 998 998 986 986 972 972 979 979 999 999 989 989 989 989 998 998 972 972 980 980 994 994 990 990 991 991 981 981 1000 1000 985 985 1001 1001 993 993 990 990 1002 1002 981 981 1001 1001 1003 1003 993 993 1001 1001 1004 1004 1003 1003 994 994 977 977 995 995 986 986 998 998 995 995 996 996 987 987 928 928 929 929 928 928 987 987 997 997 988 988 996 996 1005 1005 979 979 997 997 999 999 979 979 1005 1005 1006 1006 989 989 999 999 1007 1007 998 998 989 989 994 994 1008 1008 990 990 1009 1009 1010 1010 1011 1011 981 981 1002 1002 1000 1000 1001 1001 1012 1012 1004 1004 990 990 1013 1013 1002 1002 1001 1001 1014 1014 1012 1012 1015 1015 1011 1011 1016 1016 995 995 1017 1017 994 994 998 998 1018 1018 995 995 928 928 932 932 996 996 996 996 935 935 997 997 1019 1019 1005 1005 997 997 1006 1006 999 999 1005 1005 1020 1020 989 989 1006 1006 1007 1007 1018 1018 998 998 989 989 1021 1021 1007 1007 1008 1008 1013 1013 990 990 1022 1022 1008 1008 994 994 1009 1009 1023 1023 1010 1010 1002 1002 1024 1024 1000 1000 1015 1015 1025 1025 1026 1026 1015 1015 1026 1026 1009 1009 995 995 1027 1027 1017 1017 1022 1022 994 994 1017 1017 1018 1018 1027 1027 995 995 932 932 935 935 996 996 1019 1019 997 997 935 935 1005 1005 1019 1019 1028 1028 1020 1020 1006 1006 1005 1005 1020 1020 1021 1021 989 989 1029 1029 1018 1018 1007 1007 1021 1021 1029 1029 1007 1007 1015 1015 1030 1030 1025 1025 1015 1015 1031 1031 1030 1030 1027 1027 1022 1022 1017 1017 1018 1018 1032 1032 1027 1027 1020 1020 1005 1005 1028 1028 1019 1019 1033 1033 1028 1028 1020 1020 1028 1028 1021 1021 1029 1029 1034 1034 1018 1018 1035 1035 1029 1029 1021 1021 1036 1036 1022 1022 1027 1027 1034 1034 1032 1032 1018 1018 1032 1032 1036 1036 1027 1027 1028 1028 1033 1033 1035 1035 1035 1035 1021 1021 1028 1028 1037 1037 1034 1034 1029 1029 1035 1035 1037 1037 1029 1029 1022 1022 1036 1036 1038 1038 1039 1039 1032 1032 1034 1034 1036 1036 1032 1032 1040 1040 1041 1041 1035 1035 1033 1033 1042 1042 1034 1034 1037 1037 1041 1041 1037 1037 1035 1035 1040 1040 1038 1038 1036 1036 1040 1040 1032 1032 1039 1039 1039 1039 1034 1034 1043 1043 1042 1042 1043 1043 1034 1034 1037 1037 1044 1044 1042 1042 1044 1044 1037 1037 1041 1041 1043 1043 1040 1040 1039 1039 1031 1031 1045 1045 1030 1030 1031 1031 1046 1046 1045 1045 1046 1046 1047 1047 1045 1045 1046 1046 1048 1048 1047 1047 1046 1046 1049 1049 1048 1048 1046 1046 1050 1050 1049 1049 1051 1051 1052 1052 1053 1053 1051 1051 1054 1054 1052 1052 1051 1051 1055 1055 1054 1054 1051 1051 1056 1056 1055 1055 1057 1057 1058 1058 1056 1056 1057 1057 1059 1059 1058 1058 1057 1057 1060 1060 1059 1059 1060 1060 1061 1061 1059 1059 1060 1060 1062 1062 1061 1061 1062 1062 1063 1063 1061 1061 1062 1062 1064 1064 1063 1063 1064 1064 1065 1065 1063 1063 1064 1064 1066 1066 1065 1065 1064 1064 1067 1067 1066 1066 1064 1064 1068 1068 1067 1067 1069 1069 1070 1070 1068 1068 1069 1069 1071 1071 1070 1070 1072 1072 1073 1073 1074 1074 1072 1072 1075 1075 1073 1073 1075 1075 1076 1076 1073 1073 1075 1075 1077 1077 1076 1076 1072 1072 1074 1074 1078 1078 1072 1072 1078 1078 1079 1079 1077 1077 1080 1080 1076 1076 1079 1079 1078 1078 1081 1081 1077 1077 1082 1082 1083 1083 1077 1077 1084 1084 1082 1082 1077 1077 1083 1083 1085 1085 1079 1079 1081 1081 1086 1086 1079 1079 1086 1086 1087 1087 1087 1087 1088 1088 1089 1089 1087 1087 1089 1089 1090 1090 1084 1084 1091 1091 1082 1082 1084 1084 1092 1092 1091 1091 1084 1084 1093 1093 1092 1092 1093 1093 1094 1094 1092 1092 1093 1093 1095 1095 1094 1094 1096 1096 1097 1097 1098 1098 1096 1096 1098 1098 1095 1095 1099 1099 1100 1100 1096 1096 1095 1095 1101 1101 1094 1094 1095 1095 1098 1098 1102 1102 1099 1099 1103 1103 1100 1100 1096 1096 1100 1100 1097 1097 1103 1103 1104 1104 1105 1105 1106 1106 1107 1107 1108 1108 1109 1109 1110 1110 1107 1107 1111 1111 1112 1112 1110 1110 1111 1111 1113 1113 1112 1112 1111 1111 1114 1114 1113 1113 1115 1115 1116 1116 1117 1117 1115 1115 1118 1118 1116 1116 1115 1115 1119 1119 1118 1118 1115 1115 1120 1120 1119 1119 1121 1121 1122 1122 1123 1123 1120 1120 1124 1124 1119 1119 1123 1123 1125 1125 1121 1121 1126 1126 1127 1127 1128 1128 1125 1125 1123 1123 1129 1129 1130 1130 1121 1121 1125 1125 1126 1126 1128 1128 1131 1131 1125 1125 1129 1129 1132 1132 1125 1125 1133 1133 1130 1130 1126 1126 1131 1131 1134 1134 1135 1135 1131 1131 1136 1136 1132 1132 1129 1129 1137 1137 1133 1133 1125 1125 1132 1132 1133 1133 1138 1138 1130 1130 1135 1135 1136 1136 1139 1139 1140 1140 1141 1141 1142 1142 1143 1143 1142 1142 1144 1144 1132 1132 1137 1137 1145 1145 1132 1132 1146 1146 1133 1133 1133 1133 1147 1147 1138 1138 1143 1143 1144 1144 1148 1148 1149 1149 1148 1148 1150 1150 1145 1145 1137 1137 1151 1151 1146 1146 1132 1132 1145 1145 1152 1152 1133 1133 1146 1146 1133 1133 1152 1152 1147 1147 1147 1147 1153 1153 1138 1138 1149 1149 1150 1150 1154 1154 1149 1149 1154 1154 1155 1155 1145 1145 1151 1151 1156 1156 1145 1145 1157 1157 1146 1146 1152 1152 1146 1146 1158 1158 1159 1159 1147 1147 1152 1152 1147 1147 1160 1160 1153 1153 1149 1149 1155 1155 1161 1161 1161 1161 1155 1155 1162 1162 1163 1163 1145 1145 1156 1156 1157 1157 1145 1145 1163 1163 1158 1158 1146 1146 1157 1157 1158 1158 1159 1159 1152 1152 1160 1160 1147 1147 1159 1159 1164 1164 1153 1153 1160 1160 1165 1165 1162 1162 1166 1166 1163 1163 1156 1156 1167 1167 1163 1163 1168 1168 1157 1157 1157 1157 1169 1169 1158 1158 1158 1158 1170 1170 1159 1159 1159 1159 1171 1171 1160 1160 1164 1164 1160 1160 1171 1171 1172 1172 1173 1173 1174 1174 1163 1163 1167 1167 1175 1175 1163 1163 1176 1176 1168 1168 1169 1169 1157 1157 1168 1168 1170 1170 1158 1158 1169 1169 1171 1171 1159 1159 1170 1170 1177 1177 1164 1164 1171 1171 1172 1172 1174 1174 1178 1178 1176 1176 1163 1163 1175 1175 1179 1179 1168 1168 1176 1176 1169 1169 1168 1168 1180 1180 1169 1169 1180 1180 1170 1170 1181 1181 1171 1171 1170 1170 1182 1182 1177 1177 1171 1171 1183 1183 1164 1164 1177 1177 1176 1176 1175 1175 1184 1184 1185 1185 1179 1179 1176 1176 1180 1180 1168 1168 1179 1179 1181 1181 1170 1170 1180 1180 1186 1186 1171 1171 1181 1181 1187 1187 1177 1177 1182 1182 1182 1182 1171 1171 1186 1186 1177 1177 1187 1187 1183 1183 1185 1185 1176 1176 1184 1184 1188 1188 1179 1179 1185 1185 1179 1179 1189 1189 1180 1180 1189 1189 1181 1181 1180 1180 1186 1186 1181 1181 1190 1190 1187 1187 1182 1182 1191 1191 1186 1186 1192 1192 1182 1182 1193 1193 1188 1188 1185 1185 1188 1188 1189 1189 1179 1179 1190 1190 1181 1181 1189 1189 1192 1192 1186 1186 1190 1190 1191 1191 1182 1182 1194 1194 1182 1182 1192 1192 1194 1194 1193 1193 1195 1195 1188 1188 1195 1195 1189 1189 1188 1188 1189 1189 1196 1196 1190 1190 1192 1192 1190 1190 1197 1197 1191 1191 1194 1194 1198 1198 1194 1194 1192 1192 1198 1198 1199 1199 1195 1195 1193 1193 1196 1196 1189 1189 1195 1195 1197 1197 1190 1190 1196 1196 1198 1198 1192 1192 1197 1197 1200 1200 1199 1199 1193 1193 1201 1201 1195 1195 1199 1199 1202 1202 1196 1196 1195 1195 1196 1196 1202 1202 1197 1197 1198 1198 1197 1197 1202 1202 1201 1201 1199 1199 1200 1200 1201 1201 1202 1202 1195 1195 1203 1203 1204 1204 1205 1205 1206 1206 1204 1204 1203 1203 1204 1204 1207 1207 1205 1205 1203 1203 1205 1205 1208 1208 1209 1209 1204 1204 1206 1206 1210 1210 1206 1206 1203 1203 1207 1207 1211 1211 1205 1205 1212 1212 1207 1207 1204 1204 1213 1213 1208 1208 1205 1205 1214 1214 1203 1203 1208 1208 1209 1209 1212 1212 1204 1204 1209 1209 1206 1206 1215 1215 1210 1210 1215 1215 1206 1206 1214 1214 1210 1210 1203 1203 1211 1211 1207 1207 1216 1216 1205 1205 1211 1211 1217 1217 1212 1212 1216 1216 1207 1207 1213 1213 1205 1205 1217 1217 1208 1208 1213 1213 1214 1214 1218 1218 1212 1212 1209 1209 1219 1219 1209 1209 1215 1215 1220 1220 1215 1215 1210 1210 1210 1210 1214 1214 1221 1221 1211 1211 1222 1222 1217 1217 1216 1216 1212 1212 1223 1223 1224 1224 1213 1213 1217 1217 1214 1214 1213 1213 1225 1225 1218 1218 1223 1223 1212 1212 1226 1226 1218 1218 1209 1209 1209 1209 1219 1219 1227 1227 1215 1215 1228 1228 1219 1219 1228 1228 1215 1215 1220 1220 1229 1229 1220 1220 1210 1210 1221 1221 1214 1214 1230 1230 1229 1229 1210 1210 1221 1221 1217 1217 1222 1222 1231 1231 1224 1224 1217 1217 1231 1231 1232 1232 1213 1213 1224 1224 1232 1232 1225 1225 1213 1213 1214 1214 1225 1225 1230 1230 1218 1218 1233 1233 1223 1223 1226 1226 1233 1233 1218 1218 1209 1209 1227 1227 1226 1226 1234 1234 1227 1227 1219 1219 1228 1228 1235 1235 1219 1219 1236 1236 1228 1228 1220 1220 1220 1220 1229 1229 1237 1237 1221 1221 1230 1230 1238 1238 1229 1229 1221 1221 1239 1239 1231 1231 1222 1222 1240 1240 1241 1241 1224 1224 1231 1231 1224 1224 1241 1241 1232 1232 1225 1225 1232 1232 1242 1242 1230 1230 1225 1225 1242 1242 1223 1223 1233 1233 1243 1243 1233 1233 1226 1226 1243 1243 1244 1244 1226 1226 1227 1227 1234 1234 1244 1244 1227 1227 1235 1235 1234 1234 1219 1219 1235 1235 1228 1228 1245 1245 1245 1245 1228 1228 1236 1236 1236 1236 1220 1220 1237 1237 1237 1237 1229 1229 1239 1239 1238 1238 1230 1230 1246 1246 1238 1238 1239 1239 1221 1221 1231 1231 1240 1240 1247 1247 1241 1241 1231 1231 1247 1247 1248 1248 1249 1249 1250 1250 1248 1248 1250 1250 1251 1251 1252 1252 1230 1230 1242 1242 1244 1244 1243 1243 1226 1226 1253 1253 1244 1244 1234 1234 1235 1235 1254 1254 1234 1234 1254 1254 1235 1235 1245 1245 1245 1245 1236 1236 1255 1255 1236 1236 1237 1237 1138 1138 1121 1121 1237 1237 1239 1239 1252 1252 1246 1246 1230 1230 1238 1238 1246 1246 1122 1122 1238 1238 1122 1122 1239 1239 1248 1248 1251 1251 1256 1256 1256 1256 1251 1251 1257 1257 1258 1258 1259 1259 1260 1260 1261 1261 1243 1243 1244 1244 1244 1244 1253 1253 1261 1261 1253 1253 1234 1234 1262 1262 1262 1262 1234 1234 1254 1254 1254 1254 1245 1245 1255 1255 1255 1255 1236 1236 1138 1138 1138 1138 1237 1237 1130 1130 1122 1122 1121 1121 1239 1239 1121 1121 1130 1130 1237 1237 1258 1258 1263 1263 1259 1259 1258 1258 1260 1260 1264 1264 1258 1258 1264 1264 1265 1265 1253 1253 1266 1266 1261 1261 1267 1267 1253 1253 1262 1262 1262 1262 1254 1254 1268 1268 1268 1268 1254 1254 1255 1255 1138 1138 1153 1153 1255 1255 1253 1253 1267 1267 1266 1266 1267 1267 1262 1262 1164 1164 1268 1268 1164 1164 1262 1262 1268 1268 1255 1255 1153 1153 1164 1164 1268 1268 1153 1153 1269 1269 1270 1270 1271 1271 1269 1269 1265 1265 1270 1270 1272 1272 1271 1271 1273 1273 1265 1265 1264 1264 1274 1274 1272 1272 1273 1273 1275 1275 1276 1276 1275 1275 1277 1277 1276 1276 1277 1277 1278 1278 1276 1276 1278 1278 1248 1248 1279 1279 1280 1280 1281 1281 1282 1282 1283 1283 1280 1280 1282 1282 1284 1284 1283 1283 1285 1285 1286 1286 1284 1284 1285 1285 1287 1287 1286 1286 1285 1285 1288 1288 1287 1287 1289 1289 1290 1290 1288 1288 1289 1289 1291 1291 1290 1290 1289 1289 1292 1292 1291 1291 1289 1289 1293 1293 1292 1292 1294 1294 1295 1295 1296 1296 1289 1289 1297 1297 1293 1293 1295 1295 1294 1294 1240 1240 1298 1298 1299 1299 1300 1300 1298 1298 1300 1300 1301 1301 1297 1297 1302 1302 1293 1293 1303 1303 1304 1304 1305 1305 1304 1304 1303 1303 1306 1306 1307 1307 1305 1305 1304 1304 1305 1305 1308 1308 1303 1303 1306 1306 1303 1303 1309 1309 1310 1310 1304 1304 1306 1306 1304 1304 1311 1311 1307 1307 1303 1303 1308 1308 1309 1309 1306 1306 1309 1309 1312 1312 1311 1311 1304 1304 1310 1310 1312 1312 1310 1310 1306 1306 1311 1311 1313 1313 1307 1307 1309 1309 1308 1308 1314 1314 1309 1309 1314 1314 1312 1312 1315 1315 1311 1311 1310 1310 1310 1310 1312 1312 1316 1316 1313 1313 1311 1311 1315 1315 1317 1317 1307 1307 1313 1313 1312 1312 1314 1314 1318 1318 1315 1315 1310 1310 1319 1319 1312 1312 1318 1318 1316 1316 1310 1310 1316 1316 1320 1320 1315 1315 1321 1321 1313 1313 1313 1313 1321 1321 1317 1317 1297 1297 1322 1322 1302 1302 1319 1319 1323 1323 1315 1315 1320 1320 1319 1319 1310 1310 1315 1315 1324 1324 1321 1321 1321 1321 1325 1325 1317 1317 1326 1326 1315 1315 1323 1323 1327 1327 1323 1323 1319 1319 1319 1319 1320 1320 1328 1328 1315 1315 1326 1326 1324 1324 1325 1325 1321 1321 1324 1324 1325 1325 1329 1329 1317 1317 1323 1323 1330 1330 1326 1326 1330 1330 1323 1323 1327 1327 1327 1327 1319 1319 1331 1331 1332 1332 1319 1319 1328 1328 1326 1326 1333 1333 1324 1324 1333 1333 1325 1325 1324 1324 1330 1330 1334 1334 1326 1326 1335 1335 1330 1330 1327 1327 1332 1332 1331 1331 1319 1319 1327 1327 1331 1331 1336 1336 1326 1326 1334 1334 1333 1333 1337 1337 1325 1325 1333 1333 1334 1334 1330 1330 1338 1338 1338 1338 1330 1330 1335 1335 1335 1335 1327 1327 1339 1339 1331 1331 1332 1332 1340 1340 1341 1341 1336 1336 1331 1331 1336 1336 1339 1339 1327 1327 1342 1342 1333 1333 1334 1334 1342 1342 1337 1337 1333 1333 1343 1343 1334 1334 1338 1338 1338 1338 1335 1335 1344 1344 1335 1335 1339 1339 1345 1345 1341 1341 1331 1331 1340 1340 1346 1346 1336 1336 1341 1341 1339 1339 1336 1336 1346 1346 1342 1342 1334 1334 1347 1347 1348 1348 1334 1334 1343 1343 1343 1343 1338 1338 1344 1344 1344 1344 1335 1335 1345 1345 1346 1346 1345 1345 1339 1339 1341 1341 1340 1340 1349 1349 1346 1346 1341 1341 1350 1350 1347 1347 1334 1334 1348 1348 1351 1351 1342 1342 1347 1347 1348 1348 1343 1343 1352 1352 1343 1343 1344 1344 1353 1353 1344 1344 1345 1345 1354 1354 1345 1345 1346 1346 1355 1355 1356 1356 1341 1341 1349 1349 1349 1349 1340 1340 1357 1357 1350 1350 1341 1341 1356 1356 1358 1358 1346 1346 1350 1350 1359 1359 1347 1347 1348 1348 1347 1347 1359 1359 1351 1351 1352 1352 1343 1343 1360 1360 1361 1361 1348 1348 1352 1352 1353 1353 1344 1344 1354 1354 1353 1353 1360 1360 1343 1343 1354 1354 1345 1345 1355 1355 1355 1355 1346 1346 1358 1358 1362 1362 1356 1356 1349 1349 1340 1340 1363 1363 1357 1357 1349 1349 1357 1357 1364 1364 1365 1365 1350 1350 1356 1356 1366 1366 1358 1358 1350 1350 1359 1359 1348 1348 1361 1361 1367 1367 1352 1352 1360 1360 1361 1361 1352 1352 1367 1367 1353 1353 1354 1354 1368 1368 1360 1360 1353 1353 1368 1368 1354 1354 1355 1355 1368 1368 1355 1355 1358 1358 1366 1366 1356 1356 1362 1362 1369 1369 1349 1349 1364 1364 1362 1362 1357 1357 1363 1363 1370 1370 1364 1364 1357 1357 1370 1370 1350 1350 1365 1365 1371 1371 1369 1369 1365 1365 1356 1356 1371 1371 1366 1366 1350 1350 1367 1367 1360 1360 1372 1372 1367 1367 1373 1373 1361 1361 1368 1368 1374 1374 1360 1360 1368 1368 1355 1355 1375 1375 1355 1355 1366 1366 1376 1376 1364 1364 1377 1377 1362 1362 1378 1378 1370 1370 1363 1363 1364 1364 1370 1370 1378 1378 1371 1371 1365 1365 1379 1379 1365 1365 1369 1369 1379 1379 1366 1366 1371 1371 1380 1380 1367 1367 1372 1372 1381 1381 1360 1360 1374 1374 1372 1372 1373 1373 1367 1367 1382 1382 1383 1383 1361 1361 1373 1373 1374 1374 1368 1368 1384 1384 1376 1376 1375 1375 1355 1355 1375 1375 1384 1384 1368 1368 1376 1376 1366 1366 1380 1380 1377 1377 1364 1364 1378 1378 1371 1371 1379 1379 1385 1385 1379 1379 1369 1369 1386 1386 1380 1380 1371 1371 1385 1385 1381 1381 1372 1372 1387 1387 1382 1382 1367 1367 1381 1381 1372 1372 1374 1374 1388 1388 1383 1383 1373 1373 1382 1382 1388 1388 1374 1374 1384 1384 1375 1375 1376 1376 1389 1389 1384 1384 1375 1375 1390 1390 1376 1376 1380 1380 1389 1389 1391 1391 1385 1385 1379 1379 1379 1379 1386 1386 1392 1392 1391 1391 1380 1380 1385 1385 1372 1372 1393 1393 1387 1387 1372 1372 1388 1388 1393 1393 1394 1394 1388 1388 1384 1384 1389 1389 1390 1390 1375 1375 1390 1390 1394 1394 1384 1384 1389 1389 1380 1380 1395 1395 1392 1392 1391 1391 1379 1379 1392 1392 1386 1386 1396 1396 1391 1391 1395 1395 1380 1380 1393 1393 1397 1397 1387 1387 1388 1388 1394 1394 1393 1393 1390 1390 1389 1389 1398 1398 1394 1394 1390 1390 1398 1398 1389 1389 1395 1395 1399 1399 1391 1391 1392 1392 1400 1400 1392 1392 1396 1396 1400 1400 1395 1395 1391 1391 1401 1401 1387 1387 1397 1397 1402 1402 1393 1393 1394 1394 1397 1397 1398 1398 1389 1389 1399 1399 1398 1398 1397 1397 1394 1394 1399 1399 1395 1395 1401 1401 1400 1400 1403 1403 1391 1391 1404 1404 1405 1405 1406 1406 1401 1401 1391 1391 1403 1403 1397 1397 1398 1398 1402 1402 1407 1407 1387 1387 1402 1402 1398 1398 1399 1399 1408 1408 1399 1399 1401 1401 1409 1409 1403 1403 1400 1400 1410 1410 1411 1411 1401 1401 1403 1403 1402 1402 1398 1398 1408 1408 1402 1402 1408 1408 1407 1407 1408 1408 1399 1399 1409 1409 1409 1409 1401 1401 1412 1412 1410 1410 1400 1400 1413 1413 1411 1411 1403 1403 1410 1410 1411 1411 1412 1412 1401 1401 1407 1407 1408 1408 1414 1414 1414 1414 1408 1408 1409 1409 1415 1415 1409 1409 1412 1412 1416 1416 1410 1410 1413 1413 1416 1416 1411 1411 1410 1410 1417 1417 1412 1412 1411 1411 1414 1414 1409 1409 1415 1415 1417 1417 1415 1415 1412 1412 1417 1417 1411 1411 1416 1416 1418 1418 1414 1414 1415 1415 1418 1418 1415 1415 1417 1417 1417 1417 1416 1416 1419 1419 1419 1419 1418 1418 1417 1417 1419 1419 1416 1416 1420 1420 1421 1421 1300 1300 1422 1422 1404 1404 1423 1423 1405 1405 1421 1421 1422 1422 1424 1424 1404 1404 1425 1425 1423 1423 1426 1426 1427 1427 1428 1428 1426 1426 1421 1421 1427 1427 1429 1429 1430 1430 1425 1425 1431 1431 1428 1428 1432 1432 1433 1433 1434 1434 1435 1435 1433 1433 1436 1436 1434 1434 1437 1437 1433 1433 1435 1435 1437 1437 1436 1436 1433 1433 1436 1436 1438 1438 1434 1434 1437 1437 1435 1435 1439 1439 1440 1440 1436 1436 1437 1437 1438 1438 1436 1436 1441 1441 1439 1439 1442 1442 1437 1437 1439 1439 1435 1435 1443 1443 1442 1442 1440 1440 1437 1437 1444 1444 1436 1436 1440 1440 1436 1436 1444 1444 1441 1441 1442 1442 1439 1439 1445 1445 1439 1439 1443 1443 1446 1446 1447 1447 1443 1443 1435 1435 1448 1448 1440 1440 1442 1442 1449 1449 1444 1444 1440 1440 1445 1445 1439 1439 1450 1450 1448 1448 1442 1442 1445 1445 1443 1443 1451 1451 1446 1446 1450 1450 1439 1439 1446 1446 1451 1451 1443 1443 1447 1447 1449 1449 1440 1440 1448 1448 1445 1445 1450 1450 1452 1452 1446 1446 1451 1451 1453 1453 1450 1450 1446 1446 1454 1454 1447 1447 1455 1455 1451 1451 1456 1456 1445 1445 1452 1452 1452 1452 1450 1450 1457 1457 1451 1451 1458 1458 1453 1453 1446 1446 1453 1453 1459 1459 1459 1459 1454 1454 1446 1446 1450 1450 1454 1454 1457 1457 1455 1455 1458 1458 1451 1451 1456 1456 1452 1452 1460 1460 1460 1460 1452 1452 1457 1457 1453 1453 1458 1458 1461 1461 1459 1459 1453 1453 1462 1462 1462 1462 1454 1454 1459 1459 1463 1463 1457 1457 1454 1454 1455 1455 1464 1464 1458 1458 1456 1456 1460 1460 1465 1465 1460 1460 1457 1457 1466 1466 1458 1458 1467 1467 1461 1461 1453 1453 1461 1461 1468 1468 1468 1468 1462 1462 1453 1453 1454 1454 1462 1462 1463 1463 1457 1457 1463 1463 1466 1466 1458 1458 1464 1464 1469 1469 1458 1458 1469 1469 1467 1467 1470 1470 1461 1461 1467 1467 1468 1468 1461 1461 1471 1471 1462 1462 1468 1468 1472 1472 1463 1463 1462 1462 1472 1472 1467 1467 1469 1469 1473 1473 1470 1470 1467 1467 1474 1474 1461 1461 1470 1470 1471 1471 1468 1468 1471 1471 1475 1475 1472 1472 1468 1468 1476 1476 1474 1474 1467 1467 1473 1473 1469 1469 1477 1477 1473 1473 1470 1470 1474 1474 1478 1478 1470 1470 1478 1478 1471 1471 1475 1475 1471 1471 1479 1479 1468 1468 1475 1475 1476 1476 1474 1474 1473 1473 1480 1480 1473 1473 1477 1477 1481 1481 1478 1478 1474 1474 1482 1482 1478 1478 1479 1479 1471 1471 1481 1481 1480 1480 1473 1473 1474 1474 1480 1480 1483 1483 1481 1481 1477 1477 1484 1484 1483 1483 1482 1482 1474 1474 1478 1478 1482 1482 1479 1479 1480 1480 1481 1481 1485 1485 1485 1485 1483 1483 1480 1480 1481 1481 1484 1484 1485 1485 1482 1482 1483 1483 1486 1486 1479 1479 1482 1482 1487 1487 1483 1483 1485 1485 1486 1486 1482 1482 1486 1486 1487 1487 1479 1479 1487 1487 1488 1488 1487 1487 1486 1486 1489 1489 1487 1487 1489 1489 1488 1488 1490 1490 1491 1491 1430 1430 1492 1492 1493 1493 1494 1494 1495 1495 1493 1493 1492 1492 1493 1493 1496 1496 1494 1494 1492 1492 1494 1494 1497 1497 1498 1498 1495 1495 1492 1492 1494 1494 1496 1496 1499 1499 1494 1494 1499 1499 1497 1497 1500 1500 1492 1492 1497 1497 1498 1498 1492 1492 1501 1501 1499 1499 1496 1496 1502 1502 1497 1497 1499 1499 1503 1503 1501 1501 1492 1492 1500 1500 1504 1504 1500 1500 1497 1497 1505 1505 1498 1498 1501 1501 1499 1499 1502 1502 1506 1506 1496 1496 1507 1507 1502 1502 1503 1503 1499 1499 1506 1506 1497 1497 1503 1503 1508 1508 1500 1500 1509 1509 1501 1501 1504 1504 1497 1497 1510 1510 1511 1511 1500 1500 1504 1504 1505 1505 1501 1501 1509 1509 1506 1506 1502 1502 1512 1512 1507 1507 1106 1106 1502 1502 1503 1503 1506 1506 1508 1508 1508 1508 1510 1510 1497 1497 1500 1500 1513 1513 1509 1509 1504 1504 1510 1510 1514 1514 1513 1513 1500 1500 1511 1511 1515 1515 1511 1511 1504 1504 1509 1509 1516 1516 1505 1505 1517 1517 1512 1512 1502 1502 1506 1506 1512 1512 1518 1518 1502 1502 1106 1106 1519 1519 1508 1508 1506 1506 1518 1518 1510 1510 1508 1508 1520 1520 1509 1509 1513 1513 1516 1516 1515 1515 1504 1504 1514 1514 1521 1521 1513 1513 1511 1511 1521 1521 1511 1511 1515 1515 1512 1512 1517 1517 1518 1518 1502 1502 1519 1519 1517 1517 1490 1490 1522 1522 1491 1491 1508 1508 1518 1518 1523 1523 1508 1508 1523 1523 1520 1520 1516 1516 1513 1513 1524 1524 1524 1524 1513 1513 1521 1521 1525 1525 1521 1521 1515 1515 1517 1517 1526 1526 1518 1518 1431 1431 1432 1432 1527 1527 1490 1490 1528 1528 1522 1522 1490 1490 1529 1529 1528 1528 1526 1526 1523 1523 1518 1518 1530 1530 1520 1520 1523 1523 1531 1531 1516 1516 1524 1524 1521 1521 1532 1532 1524 1524 1532 1532 1521 1521 1525 1525 1526 1526 1517 1517 1069 1069 1431 1431 1527 1527 1533 1533 1431 1431 1533 1533 1534 1534 1535 1535 1536 1536 1537 1537 1526 1526 1538 1538 1523 1523 1538 1538 1530 1530 1523 1523 1516 1516 1531 1531 1539 1539 1540 1540 1531 1531 1524 1524 1541 1541 1524 1524 1532 1532 1542 1542 1532 1532 1525 1525 1538 1538 1526 1526 1069 1069 1529 1529 1543 1543 1528 1528 1535 1535 1537 1537 1544 1544 1529 1529 1545 1545 1543 1543 1535 1535 1544 1544 1546 1546 1540 1540 1539 1539 1531 1531 1524 1524 1541 1541 1540 1540 1532 1532 1542 1542 1541 1541 1547 1547 1542 1542 1525 1525 1535 1535 1546 1546 1548 1548 1549 1549 1550 1550 1545 1545 1549 1549 1551 1551 1550 1550 1539 1539 1540 1540 1552 1552 1553 1553 1540 1540 1541 1541 1554 1554 1541 1541 1542 1542 1542 1542 1547 1547 1554 1554 1525 1525 1555 1555 1547 1547 1549 1549 1556 1556 1551 1551 1557 1557 1558 1558 1559 1559 1557 1557 1559 1559 1560 1560 1540 1540 1561 1561 1552 1552 1552 1552 1562 1562 1539 1539 1540 1540 1553 1553 1561 1561 1541 1541 1554 1554 1553 1553 1563 1563 1554 1554 1547 1547 1563 1563 1547 1547 1555 1555 1552 1552 1561 1561 1564 1564 1562 1562 1565 1565 1539 1539 1552 1552 1564 1564 1562 1562 1561 1561 1553 1553 1566 1566 1566 1566 1553 1553 1554 1554 1554 1554 1563 1563 1566 1566 1555 1555 1567 1567 1563 1563 1561 1561 1568 1568 1564 1564 1569 1569 1565 1565 1562 1562 1570 1570 1562 1562 1564 1564 1571 1571 1561 1561 1566 1566 1572 1572 1566 1566 1563 1563 1572 1572 1563 1563 1567 1567 1568 1568 1570 1570 1564 1564 1561 1561 1573 1573 1568 1568 1570 1570 1569 1569 1562 1562 1561 1561 1571 1571 1573 1573 1571 1571 1566 1566 1572 1572 1574 1574 1570 1570 1568 1568 1575 1575 1568 1568 1573 1573 1576 1576 1569 1569 1570 1570 1577 1577 1573 1573 1571 1571 1575 1575 1574 1574 1568 1568 1574 1574 1576 1576 1570 1570 1578 1578 1575 1575 1573 1573 1576 1576 1579 1579 1569 1569 1578 1578 1573 1573 1577 1577 1574 1574 1575 1575 1580 1580 1581 1581 1576 1576 1574 1574 1582 1582 1575 1575 1578 1578 1581 1581 1579 1579 1576 1576 1582 1582 1580 1580 1575 1575 1580 1580 1581 1581 1574 1574 1583 1583 1582 1582 1578 1578 1584 1584 1580 1580 1582 1582 1585 1585 1582 1582 1583 1583 1585 1585 1584 1584 1582 1582 1586 1586 1584 1584 1585 1585 1587 1587 1588 1588 1589 1589 1588 1588 1587 1587 1590 1590 1591 1591 1589 1589 1588 1588 1590 1590 1587 1587 1592 1592 1590 1590 1593 1593 1588 1588 1591 1591 1588 1588 1594 1594 1587 1587 1595 1595 1592 1592 1590 1590 1592 1592 1596 1596 1593 1593 1590 1590 1597 1597 1594 1594 1588 1588 1593 1593 1598 1598 1591 1591 1594 1594 1592 1592 1595 1595 1599 1599 1596 1596 1600 1600 1590 1590 1599 1599 1596 1596 1592 1592 1597 1597 1590 1590 1600 1600 1601 1601 1593 1593 1597 1597 1594 1594 1593 1593 1601 1601 1594 1594 1602 1602 1598 1598 1603 1603 1599 1599 1595 1595 1600 1600 1596 1596 1604 1604 1596 1596 1599 1599 1604 1604 1597 1597 1600 1600 1605 1605 1606 1606 1601 1601 1597 1597 1601 1601 1607 1607 1594 1594 1602 1602 1594 1594 1607 1607 1608 1608 1598 1598 1602 1602 1599 1599 1603 1603 1609 1609 1610 1610 1600 1600 1604 1604 1604 1604 1599 1599 1609 1609 1605 1605 1600 1600 1610 1610 1606 1606 1597 1597 1605 1605 1607 1607 1601 1601 1606 1606 1611 1611 1602 1602 1607 1607 1608 1608 1612 1612 1598 1598 1611 1611 1608 1608 1602 1602 1609 1609 1603 1603 1613 1613 1610 1610 1604 1604 1614 1614 1604 1604 1609 1609 1615 1615 1616 1616 1605 1605 1610 1610 1617 1617 1606 1606 1605 1605 1617 1617 1607 1607 1606 1606 1611 1611 1607 1607 1617 1617 1618 1618 1612 1612 1608 1608 1619 1619 1608 1608 1611 1611 1615 1615 1609 1609 1613 1613 1603 1603 1620 1620 1613 1613 1621 1621 1614 1614 1604 1604 1614 1614 1622 1622 1610 1610 1604 1604 1615 1615 1621 1621 1605 1605 1616 1616 1617 1617 1616 1616 1610 1610 1623 1623 1617 1617 1624 1624 1611 1611 1625 1625 1612 1612 1618 1618 1618 1618 1608 1608 1619 1619 1619 1619 1611 1611 1626 1626 1615 1615 1613 1613 1621 1621 1627 1627 1613 1613 1620 1620 1614 1614 1621 1621 1628 1628 1622 1622 1614 1614 1629 1629 1623 1623 1610 1610 1622 1622 1630 1630 1617 1617 1616 1616 1631 1631 1616 1616 1623 1623 1624 1624 1617 1617 1630 1630 1626 1626 1611 1611 1624 1624 1625 1625 1632 1632 1612 1612 1619 1619 1625 1625 1618 1618 1633 1633 1619 1619 1626 1626 1621 1621 1613 1613 1634 1634 1627 1627 1635 1635 1613 1613 1628 1628 1629 1629 1614 1614 1636 1636 1628 1628 1621 1621 1629 1629 1637 1637 1622 1622 1638 1638 1623 1623 1622 1622 1616 1616 1631 1631 1630 1630 1623 1623 1639 1639 1631 1631 1626 1626 1624 1624 1630 1630 1640 1640 1632 1632 1625 1625 1612 1612 1632 1632 1641 1641 1619 1619 1642 1642 1625 1625 1633 1633 1642 1642 1619 1619 1633 1633 1626 1626 1643 1643 1635 1635 1634 1634 1613 1613 1621 1621 1634 1634 1636 1636 1644 1644 1635 1635 1627 1627 1629 1629 1628 1628 1645 1645 1628 1628 1636 1636 1645 1645 1629 1629 1646 1646 1637 1637 1638 1638 1622 1622 1637 1637 1623 1623 1638 1638 1647 1647 1631 1631 1648 1648 1630 1630 1649 1649 1639 1639 1623 1623 1650 1650 1631 1631 1639 1639 1643 1643 1626 1626 1630 1630 1632 1632 1640 1640 1641 1641 1625 1625 1651 1651 1640 1640 1652 1652 1625 1625 1642 1642 1642 1642 1633 1633 1643 1643 1634 1634 1635 1635 1636 1636 1635 1635 1644 1644 1653 1653 1629 1629 1645 1645 1654 1654 1645 1645 1636 1636 1655 1655 1579 1579 1637 1637 1646 1646 1656 1656 1646 1646 1629 1629 1647 1647 1638 1638 1637 1637 1657 1657 1623 1623 1647 1647 1648 1648 1631 1631 1650 1650 1643 1643 1630 1630 1648 1648 1650 1650 1639 1639 1649 1649 1649 1649 1623 1623 1657 1657 1625 1625 1658 1658 1651 1651 1658 1658 1625 1625 1652 1652 1652 1652 1642 1642 1659 1659 1643 1643 1659 1659 1642 1642 1636 1636 1635 1635 1653 1653 1653 1653 1644 1644 1660 1660 1654 1654 1645 1645 1661 1661 1654 1654 1656 1656 1629 1629 1655 1655 1636 1636 1498 1498 1655 1655 1661 1661 1645 1645 1579 1579 1647 1647 1637 1637 1579 1579 1646 1646 1569 1569 1646 1646 1656 1656 1565 1565 1579 1579 1657 1657 1647 1647 1662 1662 1648 1648 1650 1650 1648 1648 1663 1663 1643 1643 1649 1649 1664 1664 1650 1650 1664 1664 1649 1649 1657 1657 1665 1665 1651 1651 1658 1658 1665 1665 1658 1658 1652 1652 1659 1659 1666 1666 1652 1652 1659 1659 1643 1643 1667 1667 1636 1636 1653 1653 1660 1660 1668 1668 1654 1654 1661 1661 1656 1656 1654 1654 1668 1668 1505 1505 1655 1655 1498 1498 1636 1636 1660 1660 1498 1498 1661 1661 1655 1655 1505 1505 1569 1569 1646 1646 1565 1565 1565 1565 1656 1656 1668 1668 1657 1657 1579 1579 1581 1581 1664 1664 1662 1662 1650 1650 1663 1663 1648 1648 1662 1662 1667 1667 1643 1643 1663 1663 1657 1657 1669 1669 1664 1664 1652 1652 1670 1670 1665 1665 1666 1666 1659 1659 1671 1671 1672 1672 1652 1652 1666 1666 1659 1659 1667 1667 1673 1673 1668 1668 1661 1661 1674 1674 1505 1505 1674 1674 1661 1661 1668 1668 1539 1539 1565 1565 1657 1657 1581 1581 1669 1669 1673 1673 1662 1662 1664 1664 1667 1667 1663 1663 1662 1662 1669 1669 1675 1675 1664 1664 1670 1670 1652 1652 1676 1676 1677 1677 1665 1665 1670 1670 1678 1678 1671 1671 1659 1659 1671 1671 1679 1679 1666 1666 1676 1676 1652 1652 1672 1672 1679 1679 1672 1672 1666 1666 1659 1659 1673 1673 1678 1678 1662 1662 1673 1673 1667 1667 1674 1674 1680 1680 1668 1668 1674 1674 1505 1505 1516 1516 1539 1539 1668 1668 1680 1680 1669 1669 1581 1581 1580 1580 1678 1678 1673 1673 1664 1664 1669 1669 1681 1681 1675 1675 1678 1678 1664 1664 1675 1675 1670 1670 1676 1676 1682 1682 1677 1677 1670 1670 1683 1683 1684 1684 1671 1671 1678 1678 1685 1685 1679 1679 1671 1671 1682 1682 1676 1676 1672 1672 1686 1686 1672 1672 1679 1679 1680 1680 1674 1674 1516 1516 1539 1539 1680 1680 1516 1516 1584 1584 1669 1669 1580 1580 1687 1687 1675 1675 1681 1681 1681 1681 1669 1669 1584 1584 1678 1678 1675 1675 1687 1687 1683 1683 1670 1670 1682 1682 1685 1685 1671 1671 1684 1684 1687 1687 1684 1684 1678 1678 1686 1686 1679 1679 1685 1685 1686 1686 1682 1682 1672 1672 1681 1681 1688 1688 1687 1687 1586 1586 1681 1681 1584 1584 1686 1686 1683 1683 1682 1682 1684 1684 1689 1689 1685 1685 1684 1684 1687 1687 1688 1688 1685 1685 1690 1690 1686 1686 1688 1688 1681 1681 1586 1586 1683 1683 1686 1686 1690 1690 1688 1688 1689 1689 1684 1684 1691 1691 1685 1685 1689 1689 1690 1690 1685 1685 1691 1691 1689 1689 1688 1688 1586 1586 1691 1691 1689 1689 1692 1692 1693 1693 1694 1694 1695 1695 1696 1696 1694 1694 1693 1693 1693 1693 1695 1695 1697 1697 1698 1698 1694 1694 1696 1696 1699 1699 1696 1696 1693 1693 1695 1695 1651 1651 1697 1697 1700 1700 1693 1693 1697 1697 1701 1701 1698 1698 1696 1696 1701 1701 1696 1696 1699 1699 1699 1699 1693 1693 1700 1700 1697 1697 1651 1651 1665 1665 1700 1700 1697 1697 1665 1665 1702 1702 1698 1698 1701 1701 1701 1701 1699 1699 1703 1703 1703 1703 1699 1699 1700 1700 1665 1665 1704 1704 1700 1700 1702 1702 1705 1705 1698 1698 1706 1706 1702 1702 1701 1701 1706 1706 1701 1701 1703 1703 1700 1700 1707 1707 1703 1703 1704 1704 1665 1665 1677 1677 1708 1708 1700 1700 1704 1704 1709 1709 1705 1705 1702 1702 1710 1710 1702 1702 1706 1706 1703 1703 1711 1711 1706 1706 1707 1707 1700 1700 1708 1708 1711 1711 1703 1703 1707 1707 1708 1708 1704 1704 1677 1677 1709 1709 1702 1702 1710 1710 1706 1706 1711 1711 1710 1710 1712 1712 1707 1707 1708 1708 1713 1713 1711 1711 1707 1707 1709 1709 1710 1710 1714 1714 1715 1715 1710 1710 1711 1711 1707 1707 1712 1712 1713 1713 1708 1708 1716 1716 1712 1712 1715 1715 1711 1711 1713 1713 1714 1714 1710 1710 1715 1715 1717 1717 1709 1709 1714 1714 1718 1718 1713 1713 1712 1712 1716 1716 1719 1719 1712 1712 1718 1718 1715 1715 1713 1713 1720 1720 1714 1714 1715 1715 1717 1717 1714 1714 1720 1720 1718 1718 1712 1712 1719 1719 1720 1720 1715 1715 1718 1718 1721 1721 1717 1717 1720 1720 1722 1722 1718 1718 1719 1719 1720 1720 1718 1718 1723 1723 1720 1720 1724 1724 1721 1721 1723 1723 1718 1718 1722 1722 1724 1724 1720 1720 1723 1723 1725 1725 1721 1721 1724 1724 1723 1723 1722 1722 1726 1726 1723 1723 1727 1727 1724 1724 1724 1724 1728 1728 1725 1725 1726 1726 1722 1722 1729 1729 1727 1727 1723 1723 1726 1726 1730 1730 1724 1724 1727 1727 1728 1728 1724 1724 1731 1731 1732 1732 1726 1726 1729 1729 1727 1727 1726 1726 1732 1732 1731 1731 1730 1730 1727 1727 1731 1731 1724 1724 1730 1730 1733 1733 1728 1728 1731 1731 1729 1729 1734 1734 1732 1732 1731 1731 1727 1727 1732 1732 1733 1733 1731 1731 1735 1735 1734 1734 1729 1729 1736 1736 1735 1735 1732 1732 1734 1734 1732 1732 1735 1735 1731 1731 1737 1737 1733 1733 1735 1735 1736 1736 1738 1738 1734 1734 1734 1734 1739 1739 1735 1735 1735 1735 1740 1740 1737 1737 1738 1738 1739 1739 1734 1734 1740 1740 1735 1735 1739 1739 1738 1738 1741 1741 1739 1739 1742 1742 1743 1743 1744 1744 1742 1742 1745 1745 1743 1743 1744 1744 1743 1743 1746 1746 1747 1747 1742 1742 1744 1744 1748 1748 1745 1745 1742 1742 1745 1745 1749 1749 1743 1743 1750 1750 1746 1746 1743 1743 1751 1751 1744 1744 1746 1746 1742 1742 1747 1747 1752 1752 1747 1747 1744 1744 1751 1751 1748 1748 1753 1753 1745 1745 1752 1752 1748 1748 1742 1742 1745 1745 1754 1754 1749 1749 1743 1743 1749 1749 1755 1755 1743 1743 1755 1755 1750 1750 1750 1750 1756 1756 1746 1746 1751 1751 1746 1746 1757 1757 1758 1758 1752 1752 1747 1747 1759 1759 1747 1747 1751 1751 1748 1748 1760 1760 1753 1753 1753 1753 1754 1754 1745 1745 1761 1761 1748 1748 1752 1752 1754 1754 1762 1762 1749 1749 1763 1763 1755 1755 1749 1749 1763 1763 1750 1750 1755 1755 1756 1756 1750 1750 1763 1763 1746 1746 1756 1756 1764 1764 1765 1765 1751 1751 1757 1757 1757 1757 1746 1746 1766 1766 1758 1758 1761 1761 1752 1752 1747 1747 1767 1767 1758 1758 1747 1747 1759 1759 1767 1767 1759 1759 1751 1751 1765 1765 1760 1760 1768 1768 1753 1753 1761 1761 1760 1760 1748 1748 1753 1753 1769 1769 1754 1754 1769 1769 1762 1762 1754 1754 1770 1770 1749 1749 1762 1762 1749 1749 1771 1771 1763 1763 1756 1756 1763 1763 1772 1772 1766 1766 1746 1746 1764 1764 1764 1764 1756 1756 1773 1773 1774 1774 1765 1765 1757 1757 1757 1757 1766 1766 1775 1775 1776 1776 1761 1761 1758 1758 1777 1777 1758 1758 1767 1767 1778 1778 1767 1767 1759 1759 1778 1778 1759 1759 1765 1765 1753 1753 1768 1768 1769 1769 1760 1760 1779 1779 1768 1768 1760 1760 1761 1761 1780 1780 1769 1769 1781 1781 1762 1762 1762 1762 1782 1782 1770 1770 1749 1749 1770 1770 1771 1771 1763 1763 1771 1771 1783 1783 1763 1763 1783 1783 1772 1772 1784 1784 1756 1756 1772 1772 1785 1785 1766 1766 1764 1764 1764 1764 1773 1773 1786 1786 1784 1784 1773 1773 1756 1756 1775 1775 1774 1774 1757 1757 1765 1765 1774 1774 1787 1787 1775 1775 1766 1766 1785 1785 1776 1776 1758 1758 1788 1788 1789 1789 1761 1761 1776 1776 1788 1788 1758 1758 1777 1777 1767 1767 1790 1790 1777 1777 1778 1778 1791 1791 1767 1767 1792 1792 1778 1778 1765 1765 1769 1769 1768 1768 1781 1781 1779 1779 1793 1793 1768 1768 1794 1794 1779 1779 1760 1760 1760 1760 1780 1780 1795 1795 1796 1796 1780 1780 1761 1761 1782 1782 1762 1762 1781 1781 1770 1770 1782 1782 1797 1797 1770 1770 1797 1797 1771 1771 1771 1771 1798 1798 1783 1783 1783 1783 1798 1798 1772 1772 1784 1784 1772 1772 1799 1799 1800 1800 1785 1785 1764 1764 1786 1786 1773 1773 1801 1801 1764 1764 1786 1786 1802 1802 1773 1773 1784 1784 1803 1803 1774 1774 1775 1775 1804 1804 1787 1787 1774 1774 1804 1804 1805 1805 1765 1765 1787 1787 1775 1775 1785 1785 1800 1800 1806 1806 1776 1776 1788 1788 1806 1806 1789 1789 1776 1776 1761 1761 1789 1789 1796 1796 1788 1788 1777 1777 1790 1790 1807 1807 1790 1790 1767 1767 1778 1778 1792 1792 1791 1791 1791 1791 1807 1807 1767 1767 1808 1808 1792 1792 1765 1765 1768 1768 1793 1793 1781 1781 1779 1779 1809 1809 1793 1793 1795 1795 1794 1794 1760 1760 1795 1795 1780 1780 1810 1810 1780 1780 1796 1796 1810 1810 1781 1781 1811 1811 1782 1782 1797 1797 1782 1782 1812 1812 1797 1797 1813 1813 1771 1771 1771 1771 1813 1813 1798 1798 1772 1772 1798 1798 1799 1799 1784 1784 1799 1799 1814 1814 1802 1802 1800 1800 1764 1764 1801 1801 1773 1773 1815 1815 1786 1786 1801 1801 1816 1816 1816 1816 1802 1802 1786 1786 1784 1784 1814 1814 1803 1803 1803 1803 1815 1815 1773 1773 1817 1817 1804 1804 1775 1775 1787 1787 1804 1804 1818 1818 1808 1808 1765 1765 1805 1805 1805 1805 1787 1787 1819 1819 1800 1800 1817 1817 1775 1775 1788 1788 1820 1820 1806 1806 1820 1820 1788 1788 1790 1790 1821 1821 1790 1790 1807 1807 1822 1822 1791 1791 1792 1792 1791 1791 1823 1823 1807 1807 1808 1808 1822 1822 1792 1792 1793 1793 1811 1811 1781 1781 1793 1793 1809 1809 1811 1811 1811 1811 1824 1824 1782 1782 1782 1782 1824 1824 1812 1812 1797 1797 1812 1812 1813 1813 1813 1813 1825 1825 1798 1798 1798 1798 1826 1826 1799 1799 1827 1827 1814 1814 1799 1799 1800 1800 1802 1802 1828 1828 1815 1815 1829 1829 1801 1801 1816 1816 1801 1801 1829 1829 1828 1828 1802 1802 1816 1816 1803 1803 1814 1814 1830 1830 1831 1831 1815 1815 1803 1803 1804 1804 1817 1817 1832 1832 1818 1818 1804 1804 1832 1832 1818 1818 1819 1819 1787 1787 1833 1833 1808 1808 1805 1805 1834 1834 1805 1805 1819 1819 1817 1817 1800 1800 1835 1835 1836 1836 1806 1806 1820 1820 1790 1790 1821 1821 1820 1820 1807 1807 1837 1837 1821 1821 1791 1791 1822 1822 1823 1823 1837 1837 1807 1807 1823 1823 1822 1822 1808 1808 1833 1833 1809 1809 1838 1838 1811 1811 1824 1824 1811 1811 1838 1838 1839 1839 1812 1812 1824 1824 1813 1813 1812 1812 1825 1825 1798 1798 1825 1825 1826 1826 1799 1799 1826 1826 1827 1827 1814 1814 1827 1827 1830 1830 1800 1800 1828 1828 1840 1840 1829 1829 1815 1815 1841 1841 1816 1816 1829 1829 1841 1841 1828 1828 1816 1816 1842 1842 1803 1803 1830 1830 1831 1831 1815 1815 1831 1831 1843 1843 1832 1832 1817 1817 1844 1844 1818 1818 1832 1832 1844 1844 1819 1819 1818 1818 1845 1845 1846 1846 1833 1833 1805 1805 1834 1834 1819 1819 1847 1847 1846 1846 1805 1805 1834 1834 1835 1835 1800 1800 1840 1840 1848 1848 1817 1817 1835 1835 1836 1836 1820 1820 1849 1849 1821 1821 1849 1849 1820 1820 1821 1821 1837 1837 1849 1849 1850 1850 1823 1823 1822 1822 1837 1837 1823 1823 1850 1850 1851 1851 1822 1822 1833 1833 1838 1838 1852 1852 1824 1824 1824 1824 1853 1853 1839 1839 1812 1812 1839 1839 1825 1825 1825 1825 1854 1854 1826 1826 1855 1855 1827 1827 1826 1826 1827 1827 1855 1855 1830 1830 1840 1840 1828 1828 1856 1856 1841 1841 1815 1815 1843 1843 1841 1841 1842 1842 1816 1816 1828 1828 1842 1842 1856 1856 1857 1857 1831 1831 1830 1830 1843 1843 1831 1831 1858 1858 1844 1844 1817 1817 1848 1848 1818 1818 1844 1844 1845 1845 1845 1845 1859 1859 1819 1819 1851 1851 1833 1833 1846 1846 1847 1847 1819 1819 1859 1859 1847 1847 1860 1860 1834 1834 1834 1834 1861 1861 1846 1846 1835 1835 1840 1840 1862 1862 1848 1848 1835 1835 1863 1863 1850 1850 1822 1822 1851 1851 1850 1850 1864 1864 1837 1837 1852 1852 1838 1838 1865 1865 1853 1853 1824 1824 1852 1852 1839 1839 1853 1853 1866 1866 1839 1839 1866 1866 1825 1825 1866 1866 1854 1854 1825 1825 1826 1826 1854 1854 1867 1867 1826 1826 1867 1867 1855 1855 1868 1868 1830 1830 1855 1855 1840 1840 1856 1856 1862 1862 1843 1843 1869 1869 1841 1841 1856 1856 1842 1842 1841 1841 1831 1831 1857 1857 1858 1858 1830 1830 1868 1868 1857 1857 1843 1843 1858 1858 1870 1870 1844 1844 1848 1848 1863 1863 1845 1845 1844 1844 1871 1871 1859 1859 1845 1845 1871 1871 1861 1861 1851 1851 1846 1846 1859 1859 1872 1872 1847 1847 1861 1861 1834 1834 1860 1860 1860 1860 1847 1847 1873 1873 1863 1863 1835 1835 1862 1862 1864 1864 1850 1850 1851 1851 1874 1874 1852 1852 1865 1865 1852 1852 1874 1874 1853 1853 1853 1853 1874 1874 1866 1866 1875 1875 1854 1854 1866 1866 1854 1854 1875 1875 1867 1867 1855 1855 1867 1867 1876 1876 1855 1855 1876 1876 1868 1868 1862 1862 1856 1856 1877 1877 1869 1869 1856 1856 1841 1841 1869 1869 1843 1843 1870 1870 1878 1878 1858 1858 1857 1857 1857 1857 1868 1868 1879 1879 1870 1870 1858 1858 1880 1880 1844 1844 1863 1863 1881 1881 1871 1871 1844 1844 1881 1881 1859 1859 1871 1871 1882 1882 1883 1883 1851 1851 1861 1861 1872 1872 1859 1859 1884 1884 1873 1873 1847 1847 1872 1872 1885 1885 1861 1861 1860 1860 1873 1873 1886 1886 1860 1860 1863 1863 1862 1862 1887 1887 1851 1851 1888 1888 1864 1864 1889 1889 1866 1866 1874 1874 1866 1866 1889 1889 1875 1875 1890 1890 1867 1867 1875 1875 1867 1867 1891 1891 1876 1876 1876 1876 1892 1892 1868 1868 1869 1869 1877 1877 1856 1856 1893 1893 1862 1862 1877 1877 1870 1870 1894 1894 1869 1869 1857 1857 1879 1879 1878 1878 1858 1858 1878 1878 1895 1895 1868 1868 1892 1892 1879 1879 1880 1880 1858 1858 1895 1895 1870 1870 1880 1880 1896 1896 1881 1881 1863 1863 1887 1887 1871 1871 1881 1881 1897 1897 1882 1882 1871 1871 1898 1898 1884 1884 1859 1859 1882 1882 1851 1851 1883 1883 1888 1888 1861 1861 1885 1885 1883 1883 1873 1873 1872 1872 1884 1884 1860 1860 1899 1899 1885 1885 1886 1886 1873 1873 1900 1900 1901 1901 1860 1860 1886 1886 1893 1893 1887 1887 1862 1862 1902 1902 1864 1864 1888 1888 1903 1903 1875 1875 1889 1889 1875 1875 1903 1903 1890 1890 1867 1867 1890 1890 1891 1891 1891 1891 1904 1904 1876 1876 1876 1876 1904 1904 1892 1892 1894 1894 1877 1877 1869 1869 1893 1893 1877 1877 1905 1905 1894 1894 1870 1870 1896 1896 1878 1878 1879 1879 1906 1906 1878 1878 1907 1907 1895 1895 1892 1892 1908 1908 1879 1879 1880 1880 1895 1895 1909 1909 1896 1896 1880 1880 1910 1910 1897 1897 1881 1881 1887 1887 1898 1898 1871 1871 1897 1897 1911 1911 1882 1882 1898 1898 1911 1911 1884 1884 1882 1882 1883 1883 1912 1912 1888 1888 1913 1913 1883 1883 1885 1885 1884 1884 1900 1900 1873 1873 1899 1899 1860 1860 1901 1901 1914 1914 1885 1885 1899 1899 1886 1886 1900 1900 1915 1915 1916 1916 1901 1901 1886 1886 1887 1887 1893 1893 1917 1917 1888 1888 1912 1912 1902 1902 1918 1918 1890 1890 1903 1903 1890 1890 1918 1918 1891 1891 1908 1908 1892 1892 1904 1904 1894 1894 1919 1919 1877 1877 1919 1919 1905 1905 1877 1877 1893 1893 1905 1905 1920 1920 1921 1921 1894 1894 1896 1896 1906 1906 1879 1879 1922 1922 1906 1906 1923 1923 1878 1878 1895 1895 1907 1907 1924 1924 1907 1907 1878 1878 1925 1925 1926 1926 1879 1879 1908 1908 1909 1909 1895 1895 1924 1924 1880 1880 1909 1909 1910 1910 1927 1927 1896 1896 1910 1910 1928 1928 1897 1897 1887 1887 1898 1898 1897 1897 1929 1929 1911 1911 1898 1898 1930 1930 1900 1900 1884 1884 1911 1911 1883 1883 1913 1913 1912 1912 1914 1914 1913 1913 1885 1885 1931 1931 1899 1899 1901 1901 1899 1899 1932 1932 1914 1914 1915 1915 1900 1900 1911 1911 1916 1916 1886 1886 1915 1915 1931 1931 1901 1901 1916 1916 1917 1917 1893 1893 1933 1933 1917 1917 1928 1928 1887 1887 1904 1904 1934 1934 1908 1908 1894 1894 1921 1921 1919 1919 1905 1905 1919 1919 1921 1921 1921 1921 1920 1920 1905 1905 1893 1893 1920 1920 1933 1933 1921 1921 1896 1896 1927 1927 1906 1906 1922 1922 1923 1923 1879 1879 1926 1926 1922 1922 1923 1923 1925 1925 1878 1878 1935 1935 1924 1924 1907 1907 1907 1907 1925 1925 1936 1936 1908 1908 1937 1937 1926 1926 1909 1909 1924 1924 1938 1938 1910 1910 1909 1909 1938 1938 1927 1927 1910 1910 1939 1939 1929 1929 1897 1897 1928 1928 1898 1898 1929 1929 1940 1940 1930 1930 1898 1898 1940 1940 1941 1941 1911 1911 1930 1930 1912 1912 1913 1913 1942 1942 1942 1942 1913 1913 1914 1914 1932 1932 1899 1899 1931 1931 1932 1932 1943 1943 1914 1914 1911 1911 1941 1941 1915 1915 1916 1916 1915 1915 1944 1944 1931 1931 1916 1916 1945 1945 1933 1933 1946 1946 1917 1917 1947 1947 1928 1928 1917 1917 1937 1937 1908 1908 1934 1934 1920 1920 1921 1921 1948 1948 1933 1933 1920 1920 1949 1949 1927 1927 1948 1948 1921 1921 1922 1922 1950 1950 1923 1923 1922 1922 1926 1926 1950 1950 1925 1925 1923 1923 1951 1951 1907 1907 1936 1936 1935 1935 1936 1936 1925 1925 1951 1951 1926 1926 1937 1937 1952 1952 1910 1910 1938 1938 1939 1939 1927 1927 1939 1939 1953 1953 1929 1929 1928 1928 1954 1954 1940 1940 1929 1929 1954 1954 1955 1955 1930 1930 1940 1940 1941 1941 1930 1930 1956 1956 1957 1957 1912 1912 1942 1942 1958 1958 1942 1942 1914 1914 1932 1932 1931 1931 1959 1959 1960 1960 1914 1914 1943 1943 1943 1943 1932 1932 1961 1961 1941 1941 1962 1962 1915 1915 1944 1944 1915 1915 1962 1962 1963 1963 1916 1916 1944 1944 1963 1963 1945 1945 1916 1916 1959 1959 1931 1931 1945 1945 1949 1949 1946 1946 1933 1933 1917 1917 1946 1946 1964 1964 1917 1917 1965 1965 1947 1947 1966 1966 1928 1928 1947 1947 1948 1948 1949 1949 1920 1920 1967 1967 1948 1948 1927 1927 1923 1923 1950 1950 1968 1968 1950 1950 1926 1926 1952 1952 1923 1923 1968 1968 1951 1951 1969 1969 1936 1936 1951 1951 1939 1939 1938 1938 1953 1953 1927 1927 1953 1953 1970 1970 1954 1954 1928 1928 1966 1966 1971 1971 1940 1940 1954 1954 1956 1956 1930 1930 1955 1955 1972 1972 1955 1955 1940 1940 1962 1962 1941 1941 1956 1956 1957 1957 1942 1942 1958 1958 1914 1914 1960 1960 1958 1958 1932 1932 1959 1959 1973 1973 1974 1974 1960 1960 1943 1943 1975 1975 1943 1943 1961 1961 1961 1961 1932 1932 1975 1975 1944 1944 1962 1962 1976 1976 1977 1977 1963 1963 1944 1944 1978 1978 1945 1945 1963 1963 1959 1959 1945 1945 1973 1973 1946 1946 1949 1949 1979 1979 1979 1979 1964 1964 1946 1946 1980 1980 1917 1917 1964 1964 1917 1917 1980 1980 1965 1965 1947 1947 1965 1965 1981 1981 1966 1966 1947 1947 1981 1981 1949 1949 1948 1948 1967 1967 1967 1967 1927 1927 1982 1982 1950 1950 1952 1952 1968 1968 1951 1951 1968 1968 1969 1969 1953 1953 1938 1938 1983 1983 1970 1970 1953 1953 1984 1984 1982 1982 1927 1927 1970 1970 1985 1985 1954 1954 1966 1966 1972 1972 1940 1940 1971 1971 1971 1971 1954 1954 1986 1986 1987 1987 1956 1956 1955 1955 1955 1955 1972 1972 1988 1988 1956 1956 1987 1987 1962 1962 1975 1975 1932 1932 1973 1973 1974 1974 1943 1943 1975 1975 1989 1989 1944 1944 1976 1976 1976 1976 1962 1962 1987 1987 1977 1977 1944 1944 1989 1989 1978 1978 1963 1963 1977 1977 1973 1973 1945 1945 1978 1978 1979 1979 1949 1949 1967 1967 1990 1990 1964 1964 1979 1979 1990 1990 1980 1980 1964 1964 1990 1990 1965 1965 1980 1980 1981 1981 1965 1965 1991 1991 1992 1992 1966 1966 1981 1981 1982 1982 1979 1979 1967 1967 1968 1968 1952 1952 1993 1993 1968 1968 1993 1993 1969 1969 1994 1994 1953 1953 1983 1983 1994 1994 1983 1983 1938 1938 1984 1984 1953 1953 1995 1995 1984 1984 1996 1996 1970 1970 1982 1982 1970 1970 1996 1996 1986 1986 1954 1954 1985 1985 1992 1992 1985 1985 1966 1966 1972 1972 1971 1971 1986 1986 1955 1955 1997 1997 1987 1987 1988 1988 1972 1972 1998 1998 1988 1988 1999 1999 1955 1955 1973 1973 2000 2000 1975 1975 1975 1975 2001 2001 1974 1974 1989 1989 1976 1976 2002 2002 1987 1987 2002 2002 1976 1976 1989 1989 2003 2003 1977 1977 1977 1977 2003 2003 1978 1978 2003 2003 1973 1973 1978 1978 1990 1990 1979 1979 2004 2004 1965 1965 1990 1990 1991 1991 2005 2005 1981 1981 1991 1991 1992 1992 1981 1981 2005 2005 1979 1979 1982 1982 2006 2006 1953 1953 1994 1994 1995 1995 1984 1984 1995 1995 2007 2007 1984 1984 2008 2008 1996 1996 1982 1982 1996 1996 2006 2006 1986 1986 1985 1985 2009 2009 2010 2010 1985 1985 1992 1992 1972 1972 1986 1986 1998 1998 1955 1955 1999 1999 1997 1997 2002 2002 1987 1987 1997 1997 1988 1988 1998 1998 2011 2011 1999 1999 1988 1988 2012 2012 2000 2000 1973 1973 2013 2013 2001 2001 1975 1975 2000 2000 2002 2002 2014 2014 1989 1989 1989 1989 2015 2015 2003 2003 2003 2003 2015 2015 1973 1973 2006 2006 2004 2004 1979 1979 2004 2004 1991 1991 1990 1990 2016 2016 2005 2005 1991 1991 2017 2017 1992 1992 2005 2005 1994 1994 2018 2018 1995 1995 2007 2007 1995 1995 2019 2019 2008 2008 1984 1984 2007 2007 2006 2006 1996 1996 2008 2008 2020 2020 1986 1986 2009 2009 2010 2010 2009 2009 1985 1985 2010 2010 1992 1992 2021 2021 2022 2022 1998 1998 1986 1986 2023 2023 1997 1997 1999 1999 1997 1997 2023 2023 2002 2002 2024 2024 2011 2011 1998 1998 2025 2025 1988 1988 2011 2011 2012 2012 1988 1988 2025 2025 2026 2026 1999 1999 2012 2012 2013 2013 1973 1973 2027 2027 2013 2013 2028 2028 2000 2000 2029 2029 2001 2001 2000 2000 2014 2014 2002 2002 2030 2030 2014 2014 2015 2015 1989 1989 1973 1973 2015 2015 2027 2027 2004 2004 2006 2006 2031 2031 1991 1991 2004 2004 2016 2016 2005 2005 2016 2016 2032 2032 2017 2017 2033 2033 1992 1992 2032 2032 2017 2017 2005 2005 1995 1995 2018 2018 2034 2034 2019 2019 1995 1995 2035 2035 2036 2036 2007 2007 2019 2019 2008 2008 2007 2007 2036 2036 2008 2008 2037 2037 2006 2006 2020 2020 2009 2009 2010 2010 1986 1986 2020 2020 2022 2022 2033 2033 2021 2021 1992 1992 2021 2021 2020 2020 2010 2010 1998 1998 2022 2022 2038 2038 2026 2026 2023 2023 1999 1999 2030 2030 2002 2002 2023 2023 2038 2038 2024 2024 1998 1998 2024 2024 2025 2025 2011 2011 2039 2039 2012 2012 2025 2025 2026 2026 2012 2012 2040 2040 2013 2013 2027 2027 2041 2041 2013 2013 2042 2042 2028 2028 2000 2000 2028 2028 2029 2029 2043 2043 2001 2001 2029 2029 2044 2044 2014 2014 2030 2030 2014 2014 2045 2045 2015 2015 2045 2045 2027 2027 2015 2015 2037 2037 2031 2031 2006 2006 2031 2031 2016 2016 2004 2004 2016 2016 2031 2031 2032 2032 2033 2033 2017 2017 2046 2046 2017 2017 2032 2032 2047 2047 2018 2018 2048 2048 2034 2034 1995 1995 2034 2034 2035 2035 2019 2019 2035 2035 2049 2049 2050 2050 2036 2036 2019 2019 2037 2037 2008 2008 2036 2036 2038 2038 2022 2022 2020 2020 2021 2021 2033 2033 2051 2051 2052 2052 2020 2020 2021 2021 2053 2053 2023 2023 2026 2026 2023 2023 2053 2053 2030 2030 2024 2024 2038 2038 2054 2054 2025 2025 2024 2024 2055 2055 2040 2040 2012 2012 2039 2039 2039 2039 2025 2025 2056 2056 2057 2057 2026 2026 2040 2040 2013 2013 2041 2041 2058 2058 2045 2045 2041 2041 2027 2027 2058 2058 2042 2042 2013 2013 2042 2042 2059 2059 2028 2028 2060 2060 2029 2029 2028 2028 2043 2043 2029 2029 2060 2060 2045 2045 2014 2014 2044 2044 2044 2044 2030 2030 2061 2061 2050 2050 2031 2031 2037 2037 2032 2032 2031 2031 2062 2062 2047 2047 2046 2046 2017 2017 2046 2046 2051 2051 2033 2033 2047 2047 2032 2032 2063 2063 2034 2034 2048 2048 2064 2064 2035 2035 2034 2034 2065 2065 2049 2049 2035 2035 2066 2066 2067 2067 2019 2019 2049 2049 2037 2037 2036 2036 2050 2050 2050 2050 2019 2019 2067 2067 2020 2020 2052 2052 2038 2038 2051 2051 2068 2068 2021 2021 2069 2069 2052 2052 2021 2021 2026 2026 2057 2057 2053 2053 2053 2053 2061 2061 2030 2030 2054 2054 2070 2070 2024 2024 2038 2038 2071 2071 2054 2054 2070 2070 2055 2055 2024 2024 2056 2056 2025 2025 2055 2055 2040 2040 2039 2039 2056 2056 2040 2040 2072 2072 2057 2057 2044 2044 2058 2058 2041 2041 2041 2041 2045 2045 2044 2044 2073 2073 2042 2042 2058 2058 2074 2074 2059 2059 2042 2042 2060 2060 2028 2028 2059 2059 2075 2075 2044 2044 2061 2061 2031 2031 2050 2050 2076 2076 2032 2032 2062 2062 2063 2063 2062 2062 2031 2031 2076 2076 2046 2046 2047 2047 2077 2077 2051 2051 2046 2046 2077 2077 2034 2034 2064 2064 2065 2065 2048 2048 2078 2078 2064 2064 2079 2079 2035 2035 2065 2065 2079 2079 2066 2066 2035 2035 2080 2080 2049 2049 2066 2066 2067 2067 2049 2049 2080 2080 2080 2080 2050 2050 2067 2067 2081 2081 2038 2038 2052 2052 2068 2068 2051 2051 2082 2082 2068 2068 2069 2069 2021 2021 2052 2052 2069 2069 2081 2081 2057 2057 2083 2083 2053 2053 2061 2061 2053 2053 2084 2084 2070 2070 2054 2054 2085 2085 2054 2054 2071 2071 2085 2085 2086 2086 2071 2071 2038 2038 2055 2055 2070 2070 2087 2087 2056 2056 2055 2055 2087 2087 2056 2056 2088 2088 2040 2040 2057 2057 2072 2072 2089 2089 2072 2072 2040 2040 2090 2090 2058 2058 2044 2044 2075 2075 2074 2074 2042 2042 2073 2073 2075 2075 2073 2073 2058 2058 2091 2091 2059 2059 2074 2074 2091 2091 2060 2060 2059 2059 2075 2075 2061 2061 2092 2092 2076 2076 2050 2050 2080 2080 2063 2063 2062 2062 2093 2093 2062 2062 2076 2076 2093 2093 2051 2051 2077 2077 2082 2082 2094 2094 2065 2065 2064 2064 2094 2094 2064 2064 2078 2078 2095 2095 2079 2079 2065 2065 2038 2038 2081 2081 2086 2086 2082 2082 2096 2096 2068 2068 2069 2069 2068 2068 2096 2096 2081 2081 2069 2069 2097 2097 2057 2057 2089 2089 2083 2083 2084 2084 2053 2053 2083 2083 2092 2092 2061 2061 2084 2084 2098 2098 2070 2070 2085 2085 2071 2071 2099 2099 2085 2085 2081 2081 2071 2071 2086 2086 2087 2087 2070 2070 2098 2098 2087 2087 2098 2098 2056 2056 2088 2088 2056 2056 2100 2100 2090 2090 2040 2040 2088 2088 2072 2072 2101 2101 2089 2089 2101 2101 2072 2072 2090 2090 2073 2073 2102 2102 2074 2074 2073 2073 2075 2075 2103 2103 2104 2104 2091 2091 2074 2074 2105 2105 2060 2060 2091 2091 2103 2103 2075 2075 2092 2092 2082 2082 2077 2077 2106 2106 2065 2065 2094 2094 2107 2107 2065 2065 2107 2107 2095 2095 2096 2096 2082 2082 2108 2108 2097 2097 2069 2069 2096 2096 2081 2081 2097 2097 2109 2109 2084 2084 2083 2083 2089 2089 2092 2092 2084 2084 2110 2110 2098 2098 2085 2085 2111 2111 2071 2071 2081 2081 2099 2099 2112 2112 2085 2085 2099 2099 2100 2100 2056 2056 2098 2098 2113 2113 2088 2088 2100 2100 2090 2090 2088 2088 2113 2113 2110 2110 2089 2089 2101 2101 2101 2101 2090 2090 2114 2114 2102 2102 2073 2073 2115 2115 2104 2104 2074 2074 2102 2102 2103 2103 2115 2115 2073 2073 2105 2105 2091 2091 2104 2104 2103 2103 2092 2092 2110 2110 2082 2082 2106 2106 2108 2108 2095 2095 2107 2107 2116 2116 2096 2096 2108 2108 2117 2117 2097 2097 2096 2096 2109 2109 2109 2109 2118 2118 2081 2081 2089 2089 2110 2110 2084 2084 2085 2085 2119 2119 2111 2111 2111 2111 2120 2120 2098 2098 2099 2099 2081 2081 2118 2118 2112 2112 2119 2119 2085 2085 2112 2112 2099 2099 2118 2118 2098 2098 2121 2121 2100 2100 2113 2113 2100 2100 2121 2121 2114 2114 2090 2090 2113 2113 2122 2122 2110 2110 2101 2101 2122 2122 2101 2101 2114 2114 2123 2123 2102 2102 2115 2115 2102 2102 2124 2124 2104 2104 2103 2103 2125 2125 2115 2115 2105 2105 2104 2104 2124 2124 2103 2103 2110 2110 2126 2126 2127 2127 2108 2108 2106 2106 2096 2096 2117 2117 2128 2128 2108 2108 2127 2127 2117 2117 2109 2109 2096 2096 2128 2128 2109 2109 2129 2129 2118 2118 2111 2111 2119 2119 2130 2130 2121 2121 2098 2098 2120 2120 2120 2120 2111 2111 2131 2131 2112 2112 2130 2130 2119 2119 2129 2129 2112 2112 2118 2118 2121 2121 2132 2132 2113 2113 2133 2133 2114 2114 2113 2113 2126 2126 2110 2110 2122 2122 2122 2122 2114 2114 2133 2133 2124 2124 2102 2102 2123 2123 2115 2115 2125 2125 2123 2123 2125 2125 2103 2103 2134 2134 2103 2103 2126 2126 2134 2134 2127 2127 2106 2106 2135 2135 2128 2128 2117 2117 2136 2136 2135 2135 2117 2117 2127 2127 2109 2109 2128 2128 2137 2137 2129 2129 2109 2109 2137 2137 2111 2111 2130 2130 2138 2138 2121 2121 2120 2120 2139 2139 2131 2131 2111 2111 2138 2138 2139 2139 2120 2120 2131 2131 2130 2130 2112 2112 2140 2140 2129 2129 2141 2141 2112 2112 2132 2132 2121 2121 2142 2142 2132 2132 2143 2143 2113 2113 2113 2113 2144 2144 2133 2133 2122 2122 2134 2134 2126 2126 2133 2133 2145 2145 2122 2122 2128 2128 2136 2136 2146 2146 2135 2135 2136 2136 2117 2117 2137 2137 2128 2128 2146 2146 2129 2129 2137 2137 2147 2147 2138 2138 2130 2130 2148 2148 2142 2142 2121 2121 2139 2139 2149 2149 2131 2131 2138 2138 2139 2139 2131 2131 2150 2150 2112 2112 2141 2141 2140 2140 2130 2130 2140 2140 2151 2151 2141 2141 2129 2129 2147 2147 2152 2152 2132 2132 2142 2142 2132 2132 2152 2152 2143 2143 2144 2144 2113 2113 2143 2143 2144 2144 2145 2145 2133 2133 2134 2134 2122 2122 2153 2153 2145 2145 2153 2153 2122 2122 2146 2146 2136 2136 2154 2154 2137 2137 2146 2146 2154 2154 2147 2147 2137 2137 2155 2155 2156 2156 2138 2138 2148 2148 2148 2148 2130 2130 2151 2151 2142 2142 2139 2139 2157 2157 2149 2149 2138 2138 2156 2156 2150 2150 2131 2131 2149 2149 2158 2158 2139 2139 2150 2150 2151 2151 2140 2140 2141 2141 2141 2141 2147 2147 2155 2155 2142 2142 2159 2159 2152 2152 2152 2152 2145 2145 2143 2143 2145 2145 2144 2144 2143 2143 2154 2154 2136 2136 2160 2160 2137 2137 2154 2154 2161 2161 2161 2161 2155 2155 2137 2137 2162 2162 2156 2156 2148 2148 2148 2148 2151 2151 2163 2163 2157 2157 2139 2139 2158 2158 2159 2159 2142 2142 2157 2157 2149 2149 2156 2156 2164 2164 2165 2165 2150 2150 2149 2149 2158 2158 2150 2150 2166 2166 2167 2167 2151 2151 2141 2141 2155 2155 2167 2167 2141 2141 2168 2168 2152 2152 2159 2159 2152 2152 2168 2168 2145 2145 2154 2154 2160 2160 2169 2169 2170 2170 2161 2161 2154 2154 2155 2155 2161 2161 2171 2171 2172 2172 2156 2156 2162 2162 2162 2162 2148 2148 2173 2173 2163 2163 2151 2151 2174 2174 2173 2173 2148 2148 2163 2163 2157 2157 2158 2158 2175 2175 2159 2159 2157 2157 2176 2176 2149 2149 2164 2164 2177 2177 2172 2172 2164 2164 2156 2156 2165 2165 2149 2149 2177 2177 2166 2166 2150 2150 2165 2165 2175 2175 2158 2158 2166 2166 2151 2151 2167 2167 2178 2178 2171 2171 2167 2167 2155 2155 2159 2159 2179 2179 2168 2168 2169 2169 2170 2170 2154 2154 2161 2161 2170 2170 2180 2180 2171 2171 2161 2161 2180 2180 2173 2173 2172 2172 2162 2162 2178 2178 2174 2174 2151 2151 2174 2174 2173 2173 2163 2163 2176 2176 2157 2157 2175 2175 2179 2179 2159 2159 2176 2176 2172 2172 2181 2181 2164 2164 2182 2182 2165 2165 2177 2177 2166 2166 2165 2165 2182 2182 2175 2175 2166 2166 2182 2182 2178 2178 2167 2167 2183 2183 2183 2183 2167 2167 2171 2171 2170 2170 2169 2169 2184 2184 2180 2180 2170 2170 2184 2184 2181 2181 2172 2172 2173 2173 2174 2174 2178 2178 2185 2185 2173 2173 2174 2174 2186 2186 2185 2185 2178 2178 2183 2183 2187 2187 2181 2181 2173 2173 2185 2185 2186 2186 2174 2174 2186 2186 2187 2187 2173 2173 2181 2181 2187 2187 2188 2188 2185 2185 2189 2189 2186 2186 2187 2187 2186 2186 2189 2189 2188 2188 2187 2187 2189 2189 2189 2189 2185 2185 2190 2190 2188 2188 2189 2189 2191 2191 2192 2192 2189 2189 2190 2190 2191 2191 2189 2189 2192 2192 2190 2190 2193 2193 2192 2192 2191 2191 2192 2192 2193 2193 2194 2194 2195 2195 2196 2196 2195 2195 2194 2194 2197 2197 2196 2196 2195 2195 2198 2198 2196 2196 2199 2199 2194 2194 2200 2200 2195 2195 2197 2197 2194 2194 2201 2201 2197 2197 2202 2202 2198 2198 2195 2195 2203 2203 2196 2196 2198 2198 2199 2199 2196 2196 2204 2204 2205 2205 2194 2194 2199 2199 2197 2197 2206 2206 2200 2200 2202 2202 2195 2195 2200 2200 2205 2205 2201 2201 2194 2194 2201 2201 2207 2207 2197 2197 2208 2208 2198 2198 2202 2202 2208 2208 2203 2203 2198 2198 2204 2204 2196 2196 2203 2203 2204 2204 2209 2209 2199 2199 2210 2210 2205 2205 2199 2199 2211 2211 2200 2200 2206 2206 2206 2206 2197 2197 2207 2207 2212 2212 2202 2202 2200 2200 2205 2205 2213 2213 2201 2201 2207 2207 2201 2201 2213 2213 2208 2208 2202 2202 2214 2214 2215 2215 2203 2203 2208 2208 2210 2210 2199 2199 2209 2209 2204 2204 2216 2216 2209 2209 2217 2217 2205 2205 2210 2210 2206 2206 1690 1690 2211 2211 2200 2200 2211 2211 2212 2212 2207 2207 1683 1683 2206 2206 2202 2202 2212 2212 2214 2214 2218 2218 2213 2213 2205 2205 2213 2213 1677 1677 2207 2207 2208 2208 2214 2214 2215 2215 2216 2216 2210 2210 2209 2209 2217 2217 2218 2218 2205 2205 2219 2219 2217 2217 2210 2210 1690 1690 2206 2206 1683 1683 2220 2220 2211 2211 1690 1690 2211 2211 2220 2220 2212 2212 1683 1683 2207 2207 1677 1677 2212 2212 1692 1692 2214 2214 1716 1716 2213 2213 2218 2218 1708 1708 1677 1677 2213 2213 2219 2219 2210 2210 2216 2216 2221 2221 2218 2218 2217 2217 2221 2221 2217 2217 2219 2219 1691 1691 2220 2220 1690 1690 2212 2212 2220 2220 1691 1691 1692 1692 2212 2212 1691 1691 1716 1716 1708 1708 2213 2213 2221 2221 1716 1716 2218 2218 2216 2216 2221 2221 2219 2219 1719 1719 1716 1716 2221 2221 2222 2222 2221 2221 2216 2216 2223 2223 1719 1719 2221 2221 2222 2222 2223 2223 2221 2221 1722 1722 1719 1719 2223 2223 1722 1722 2223 2223 2222 2222 1722 1722 2222 2222 1729 1729 2224 2224 2225 2225 2226 2226 2225 2225 2224 2224 2227 2227 2226 2226 2225 2225 2228 2228 2229 2229 2224 2224 2226 2226 2225 2225 2227 2227 2230 2230 2231 2231 2227 2227 2224 2224 2225 2225 2230 2230 2228 2228 2228 2228 2232 2232 2226 2226 2233 2233 2229 2229 2226 2226 2234 2234 2224 2224 2229 2229 2227 2227 2235 2235 2230 2230 2235 2235 2227 2227 2231 2231 2224 2224 2236 2236 2231 2231 2228 2228 2230 2230 2237 2237 2232 2232 2228 2228 2238 2238 2233 2233 2226 2226 2232 2232 2233 2233 2239 2239 2229 2229 2224 2224 2234 2234 2236 2236 2240 2240 2234 2234 2229 2229 2237 2237 2241 2241 2228 2228 2242 2242 2237 2237 2230 2230 2241 2241 2238 2238 2228 2228 2238 2238 2243 2243 2232 2232 2233 2233 2232 2232 2244 2244 2239 2239 2233 2233 2244 2244 2245 2245 2229 2229 2239 2239 2240 2240 2236 2236 2234 2234 2229 2229 2245 2245 2240 2240 2241 2241 2246 2246 2238 2238 2247 2247 2243 2243 2238 2238 2243 2243 2244 2244 2232 2232 2248 2248 2239 2239 2244 2244 2245 2245 2239 2239 2248 2248 2249 2249 2238 2238 2246 2246 2247 2247 2238 2238 2249 2249 2247 2247 2244 2244 2243 2243 1560 1560 1559 1559 2250 2250 1560 1560 2250 2250 2251 2251 2251 2251 2250 2250 2252 2252 2251 2251 2252 2252 2253 2253 2254 2254 2252 2252 2255 2255 2254 2254 2255 2255 2256 2256 2257 2257 2256 2256 2258 2258 2257 2257 2258 2258 2259 2259 2257 2257 2259 2259 2260 2260 2257 2257 2260 2260 2261 2261 2257 2257 2261 2261 2262 2262 2262 2262 2261 2261 2263 2263 2264 2264 2265 2265 2266 2266 2264 2264 2266 2266 2267 2267 2264 2264 2267 2267 2268 2268 2264 2264 2269 2269 1299 1299 2270 2270 2271 2271 2272 2272 2270 2270 2272 2272 2273 2273 2274 2274 2275 2275 2276 2276 2274 2274 2276 2276 2277 2277 2278 2278 2276 2276 2279 2279 2278 2278 2279 2279 2280 2280 2281 2281 2280 2280 2282 2282 2281 2281 2282 2282 2283 2283 2284 2284 2285 2285 2286 2286 2284 2284 2286 2286 2287 2287 2288 2288 2287 2287 2289 2289 2290 2290 2289 2289 2291 2291 2290 2290 2291 2291 2292 2292 2290 2290 2292 2292 2293 2293 2294 2294 2295 2295 2296 2296 2293 2293 2292 2292 2297 2297 2293 2293 2297 2297 2298 2298 2299 2299 2296 2296 2295 2295 2300 2300 2301 2301 2302 2302 2301 2301 2300 2300 2303 2303 2302 2302 2301 2301 2304 2304 2302 2302 2305 2305 2300 2300 2300 2300 2305 2305 2303 2303 2305 2305 2302 2302 2304 2304 2306 2306 2303 2303 2305 2305 2304 2304 2307 2307 2305 2305 2305 2305 2308 2308 2306 2306 2306 2306 2309 2309 2303 2303 2304 2304 2310 2310 2307 2307 2308 2308 2305 2305 2307 2307 2311 2311 2306 2306 2308 2308 2309 2309 2306 2306 2312 2312 2310 2310 2313 2313 2307 2307 2307 2307 2313 2313 2308 2308 2306 2306 2311 2311 2314 2314 2314 2314 2312 2312 2306 2306 2309 2309 2312 2312 2315 2315 2314 2314 2316 2316 2312 2312 2317 2317 2315 2315 2312 2312 2318 2318 2309 2309 2315 2315 2316 2316 2314 2314 2319 2319 2317 2317 2312 2312 2316 2316 2315 2315 2317 2317 2320 2320 2318 2318 2315 2315 2320 2320 2309 2309 2318 2318 2321 2321 2322 2322 2316 2316 2319 2319 2317 2317 2316 2316 2322 2322 2322 2322 2320 2320 2317 2317 2321 2321 2318 2318 2320 2320 2293 2293 2298 2298 2323 2323 2293 2293 2323 2323 2324 2324 2325 2325 2323 2323 2326 2326 2325 2325 2326 2326 2327 2327 2325 2325 2328 2328 2329 2329 2325 2325 2329 2329 2330 2330 2330 2330 2331 2331 2332 2332 2333 2333 2334 2334 2335 2335 2333 2333 2335 2335 2336 2336 2336 2336 2335 2335 2337 2337 2336 2336 2337 2337 2338 2338 2338 2338 2337 2337 2339 2339 2338 2338 2339 2339 2340 2340 2338 2338 2340 2340 2341 2341 2338 2338 2341 2341 2342 2342 2338 2338 2342 2342 2343 2343 2343 2343 2342 2342 2344 2344 2343 2343 2344 2344 2345 2345 2345 2345 2344 2344 2346 2346 2345 2345 2346 2346 2347 2347 2345 2345 2347 2347 2348 2348 2345 2345 2348 2348 2349 2349 2349 2349 2348 2348 2350 2350 2349 2349 2350 2350 2351 2351 2349 2349 2351 2351 2352 2352 2353 2353 2354 2354 2355 2355 2353 2353 2355 2355 2356 2356 2353 2353 2356 2356 2357 2357 2353 2353 2357 2357 2358 2358 2353 2353 2358 2358 2359 2359 2360 2360 2358 2358 2361 2361 2360 2360 2361 2361 2362 2362 2360 2360 2362 2362 2363 2363 2360 2360 2363 2363 2364 2364 2364 2364 2363 2363 2365 2365 2364 2364 2365 2365 2366 2366 2367 2367 2368 2368 2369 2369 2367 2367 2366 2366 2368 2368 2370 2370 2369 2369 2371 2371 2372 2372 2371 2371 2373 2373 2372 2372 2373 2373 2374 2374 2372 2372 2374 2374 2375 2375 2372 2372 2375 2375 2376 2376 2372 2372 2376 2376 2377 2377 2377 2377 2376 2376 2378 2378 2379 2379 2378 2378 2380 2380 2379 2379 2380 2380 2381 2381 2379 2379 2381 2381 2382 2382 2382 2382 2381 2381 2383 2383 2333 2333 2384 2384 2334 2334 2385 2385 2386 2386 2384 2384 2385 2385 2387 2387 2386 2386 2388 2388 18 18 2389 2389 2388 2388 2389 2389 2385 2385 16 16 2390 2390 17 17 16 16 2391 2391 2390 2390 2392 2392 2393 2393 2390 2390 2392 2392 2394 2394 2393 2393 2392 2392 2395 2395 2394 2394 2392 2392 2396 2396 2395 2395 2392 2392 2397 2397 2396 2396 2397 2397 2398 2398 2396 2396 2397 2397 2399 2399 2398 2398 2400 2400 2401 2401 2402 2402 2400 2400 2402 2402 2403 2403 2404 2404 2405 2405 2398 2398 2403 2403 2402 2402 2406 2406 2404 2404 2407 2407 2405 2405 2403 2403 2406 2406 2408 2408 2403 2403 2408 2408 2409 2409 2410 2410 2411 2411 2407 2407 2409 2409 2408 2408 2412 2412 2410 2410 2413 2413 2411 2411 2409 2409 2412 2412 2414 2414 2409 2409 2414 2414 2415 2415 2416 2416 2417 2417 2413 2413 2415 2415 2414 2414 2418 2418 2415 2415 2418 2418 2419 2419 2415 2415 2419 2419 2420 2420 2416 2416 2421 2421 2422 2422 2416 2416 2420 2420 2421 2421 2423 2423 2424 2424 2425 2425 2426 2426 2427 2427 2401 2401 2426 2426 2425 2425 2428 2428 2426 2426 2429 2429 2427 2427 2426 2426 2428 2428 2430 2430 2426 2426 2431 2431 2429 2429 2432 2432 2433 2433 2434 2434 2435 2435 2434 2434 2436 2436 2435 2435 2436 2436 2437 2437 2438 2438 2439 2439 2440 2440 2441 2441 2440 2440 2442 2442 2441 2441 2442 2442 2443 2443 2441 2441 2443 2443 2444 2444 2445 2445 2444 2444 2446 2446 2447 2447 2448 2448 2449 2449 2450 2450 2446 2446 2451 2451 2447 2447 2449 2449 2452 2452 2453 2453 2452 2452 2454 2454 2453 2453 2454 2454 2455 2455 2456 2456 2455 2455 2457 2457 2456 2456 2457 2457 2458 2458 2459 2459 2458 2458 2460 2460 2459 2459 2460 2460 2461 2461 2462 2462 2461 2461 2463 2463 2462 2462 2463 2463 2464 2464 2465 2465 2464 2464 2466 2466 2465 2465 2466 2466 2467 2467 2468 2468 2469 2469 2470 2470 2468 2468 2470 2470 2471 2471 2468 2468 2471 2471 2472 2472 2473 2473 2472 2472 2474 2474 2382 2382 2383 2383 2475 2475 2476 2476 2475 2475 2477 2477 2478 2478 2477 2477 2479 2479 2478 2478 2479 2479 2480 2480 2478 2478 2480 2480 2481 2481 2478 2478 2481 2481 2482 2482 2478 2478 2482 2482 2483 2483 2484 2484 2485 2485 2486 2486 2484 2484 2487 2487 2488 2488 266 266 268 268 2489 2489 2490 2490 2489 2489 2491 2491 2492 2492 2493 2493 2494 2494 2495 2495 2494 2494 2496 2496 2495 2495 2496 2496 2497 2497 2495 2495 2497 2497 2498 2498 2495 2495 2498 2498 2499 2499 2499 2499 2498 2498 2500 2500 2501 2501 2500 2500 2502 2502 2503 2503 2504 2504 2505 2505 2503 2503 2505 2505 2506 2506 2507 2507 2506 2506 2508 2508 2507 2507 2508 2508 2509 2509 2510 2510 2511 2511 2512 2512 2513 2513 2509 2509 2514 2514 2510 2510 2515 2515 2511 2511 2516 2516 2514 2514 2517 2517 2516 2516 2517 2517 2518 2518 2510 2510 2519 2519 2515 2515 2510 2510 2520 2520 2519 2519 2521 2521 2522 2522 2523 2523 2524 2524 2523 2523 2525 2525 2524 2524 2525 2525 2526 2526 2527 2527 2528 2528 2529 2529 2527 2527 2529 2529 2530 2530 2531 2531 2532 2532 2533 2533 2531 2531 2534 2534 2532 2532 2535 2535 2530 2530 2536 2536 2531 2531 2533 2533 2537 2537 2531 2531 2537 2537 2538 2538 2531 2531 2538 2538 2539 2539 2539 2539 2538 2538 2540 2540 2539 2539 2540 2540 2541 2541 2542 2542 2541 2541 2543 2543 2544 2544 2545 2545 2546 2546 2544 2544 2546 2546 2547 2547 2548 2548 2549 2549 2550 2550 2548 2548 2550 2550 2551 2551 2552 2552 2551 2551 2553 2553 2552 2552 2553 2553 2554 2554 2552 2552 2554 2554 2555 2555 2555 2555 2554 2554 2556 2556 2557 2557 2558 2558 2559 2559 2560 2560 2561 2561 2562 2562 2562 2562 2561 2561 2563 2563 2557 2557 2564 2564 2558 2558 2557 2557 2559 2559 2565 2565 2557 2557 2565 2565 282 282 282 282 2566 2566 281 281 2567 2567 2568 2568 2560 2560 2564 2564 2556 2556 2569 2569 2564 2564 2570 2570 2558 2558 2571 2571 2572 2572 2573 2573 2571 2571 2573 2573 2574 2574 2575 2575 2574 2574 2576 2576 2561 2561 2560 2560 2568 2568 2577 2577 2563 2563 2561 2561 2575 2575 2576 2576 2578 2578 2579 2579 2578 2578 2580 2580 2581 2581 2582 2582 2567 2567 2583 2583 2568 2568 2567 2567 2579 2579 2580 2580 2584 2584 2585 2585 2584 2584 2586 2586 2585 2585 2586 2586 2587 2587 2585 2585 2587 2587 2588 2588 2561 2561 2568 2568 2589 2589 2561 2561 2590 2590 2577 2577 2591 2591 2587 2587 2592 2592 2591 2591 2592 2592 2593 2593 2591 2591 2593 2593 2594 2594 2581 2581 2595 2595 2582 2582 2567 2567 2582 2582 2583 2583 2568 2568 2583 2583 2596 2596 2591 2591 2594 2594 2597 2597 2591 2591 2597 2597 2598 2598 2599 2599 2600 2600 2601 2601 2590 2590 2602 2602 2577 2577 2599 2599 2601 2601 2603 2603 2589 2589 2604 2604 2561 2561 2605 2605 2589 2589 2568 2568 2561 2561 2606 2606 2590 2590 2595 2595 2607 2607 2582 2582 2607 2607 2583 2583 2582 2582 2596 2596 2605 2605 2568 2568 2607 2607 2596 2596 2583 2583 2608 2608 2609 2609 2610 2610 2608 2608 2610 2610 2611 2611 2608 2608 2611 2611 2612 2612 2590 2590 2613 2613 2602 2602 2602 2602 102 102 101 101 2604 2604 2589 2589 2614 2614 2561 2561 2604 2604 2615 2615 2589 2589 2605 2605 2616 2616 2561 2561 2615 2615 2606 2606 2590 2590 2606 2606 2613 2613 2617 2617 2607 2607 2595 2595 2605 2605 2596 2596 2618 2618 2596 2596 2607 2607 2619 2619 2620 2620 2612 2612 2621 2621 2620 2620 2621 2621 2622 2622 2623 2623 2622 2622 2624 2624 2595 2595 2625 2625 2626 2626 2602 2602 2613 2613 102 102 2614 2614 2589 2589 2627 2627 2614 2614 2628 2628 2604 2604 2604 2604 128 128 2615 2615 2616 2616 2627 2627 2589 2589 2618 2618 2616 2616 2605 2605 2615 2615 2629 2629 2606 2606 2630 2630 2613 2613 2606 2606 2607 2607 2617 2617 2619 2619 2626 2626 2617 2617 2595 2595 2596 2596 2631 2631 2618 2618 2596 2596 2619 2619 2631 2631 2299 2299 2632 2632 2633 2633 2625 2625 2633 2633 2632 2632 2634 2634 2626 2626 2625 2625 2613 2613 2630 2630 102 102 2627 2627 2635 2635 2614 2614 2614 2614 130 130 2628 2628 2628 2628 128 128 2604 2604 2615 2615 128 128 2629 2629 2627 2627 2616 2616 2636 2636 2618 2618 2636 2636 2616 2616 2606 2606 2629 2629 122 122 2606 2606 122 122 2630 2630 2637 2637 2619 2619 2617 2617 2637 2637 2617 2617 2626 2626 2638 2638 2618 2618 2631 2631 2619 2619 2639 2639 2631 2631 2299 2299 2640 2640 2632 2632 2632 2632 2634 2634 2625 2625 2626 2626 2634 2634 2641 2641 102 102 2630 2630 110 110 2642 2642 2635 2635 2627 2627 2635 2635 2643 2643 2614 2614 128 128 2628 2628 130 130 2643 2643 130 130 2614 2614 128 128 126 126 2629 2629 2636 2636 2642 2642 2627 2627 2644 2644 2636 2636 2618 2618 2629 2629 126 126 122 122 110 110 2630 2630 122 122 2645 2645 2619 2619 2637 2637 2641 2641 2637 2637 2626 2626 2618 2618 2638 2638 2644 2644 2646 2646 2638 2638 2631 2631 2639 2639 2646 2646 2631 2631 2645 2645 2639 2639 2619 2619 2634 2634 2632 2632 2640 2640 2640 2640 2641 2641 2634 2634 2643 2643 129 129 130 130 2644 2644 2642 2642 2636 2636 2641 2641 2645 2645 2637 2637 2638 2638 2646 2646 2644 2644 2647 2647 2646 2646 2639 2639 2639 2639 2645 2645 2648 2648 2640 2640 2649 2649 2641 2641 2650 2650 2642 2642 2644 2644 2641 2641 2649 2649 2645 2645 2646 2646 2651 2651 2644 2644 2648 2648 2647 2647 2639 2639 2647 2647 2652 2652 2646 2646 2649 2649 2648 2648 2645 2645 2653 2653 2649 2649 2640 2640 2642 2642 2650 2650 2654 2654 2655 2655 2650 2650 2644 2644 2644 2644 2651 2651 2655 2655 2652 2652 2651 2651 2646 2646 2647 2647 2648 2648 2652 2652 2649 2649 2656 2656 2648 2648 2653 2653 2656 2656 2649 2649 2650 2650 2655 2655 2654 2654 2652 2652 2655 2655 2651 2651 2656 2656 2652 2652 2648 2648 2653 2653 2657 2657 2656 2656 2658 2658 2655 2655 2652 2652 2657 2657 2652 2652 2656 2656 2657 2657 2658 2658 2652 2652 2623 2623 2624 2624 2659 2659 2623 2623 2659 2659 2660 2660 2623 2623 2660 2660 2661 2661 2662 2662 2663 2663 2664 2664 2662 2662 2661 2661 2663 2663 2665 2665 2664 2664 2666 2666 2665 2665 2666 2666 2667 2667 2668 2668 2669 2669 2670 2670 2671 2671 2672 2672 2673 2673 2671 2671 2674 2674 2672 2672 2675 2675 2676 2676 2672 2672 2668 2668 2677 2677 2669 2669 2671 2671 2673 2673 2678 2678 2671 2671 2678 2678 2668 2668 2675 2675 2679 2679 2676 2676 2680 2680 2681 2681 2679 2679 2682 2682 2683 2683 2681 2681 2682 2682 2684 2684 2683 2683 2682 2682 2685 2685 2684 2684 2682 2682 2686 2686 2685 2685 2687 2687 2688 2688 2689 2689 2687 2687 2690 2690 2688 2688 2687 2687 2691 2691 2690 2690 2687 2687 2692 2692 2691 2691 2692 2692 2693 2693 2691 2691 2692 2692 2694 2694 2693 2693 2692 2692 2695 2695 2694 2694 2695 2695 2696 2696 2694 2694 2695 2695 2697 2697 2696 2696 2698 2698 2699 2699 2700 2700 2697 2697 2701 2701 2696 2696 2698 2698 2702 2702 2699 2699 2703 2703 2704 2704 2705 2705 2706 2706 2707 2707 2708 2708 2706 2706 2708 2708 2709 2709 2698 2698 2710 2710 2702 2702 2703 2703 2705 2705 2711 2711 2703 2703 2711 2711 2712 2712 2713 2713 2714 2714 2715 2715 2716 2716 2709 2709 2717 2717 254 254 2718 2718 255 255 254 254 2719 2719 2718 2718 2719 2719 2720 2720 2718 2718 2719 2719 2721 2721 2720 2720 2719 2719 2722 2722 2721 2721 2723 2723 2724 2724 2721 2721 2723 2723 2725 2725 2724 2724 2723 2723 2726 2726 2725 2725 2723 2723 2727 2727 2726 2726 2723 2723 2728 2728 2727 2727 2728 2728 2729 2729 2727 2727 2728 2728 2730 2730 2729 2729 2730 2730 2731 2731 2729 2729 2730 2730 2732 2732 2731 2731 2730 2730 2733 2733 2732 2732 2733 2733 2734 2734 2732 2732 2733 2733 2735 2735 2734 2734 2733 2733 2736 2736 2735 2735 2736 2736 2737 2737 2735 2735 2736 2736 2738 2738 2737 2737 2736 2736 2739 2739 2738 2738 2736 2736 2740 2740 2739 2739 2740 2740 2741 2741 2739 2739 2740 2740 2742 2742 2741 2741 2740 2740 2743 2743 2742 2742 2743 2743 2744 2744 2742 2742 2743 2743 2745 2745 2744 2744 2743 2743 2746 2746 2745 2745 2743 2743 2747 2747 2746 2746 2747 2747 2748 2748 2746 2746 2747 2747 2749 2749 2748 2748 2747 2747 2750 2750 2749 2749 2750 2750 2751 2751 2749 2749 2750 2750 2752 2752 2751 2751 2750 2750 2753 2753 2752 2752 2754 2754 2755 2755 2756 2756 2754 2754 2757 2757 2755 2755 2754 2754 2758 2758 2757 2757 2754 2754 2759 2759 2758 2758 2759 2759 2760 2760 2758 2758 2759 2759 2761 2761 2760 2760 2759 2759 2762 2762 2761 2761 2763 2763 2764 2764 2761 2761 2765 2765 2766 2766 2767 2767 2765 2765 2768 2768 2766 2766 2769 2769 2770 2770 2771 2771 2769 2769 2772 2772 2770 2770 2763 2763 2773 2773 2764 2764 2763 2763 2771 2771 2774 2774 2768 2768 2775 2775 2766 2766 2772 2772 2776 2776 2777 2777 2772 2772 2778 2778 2776 2776 2765 2765 2767 2767 2779 2779 2765 2765 2779 2779 2778 2778 2780 2780 2781 2781 2782 2782 2780 2780 2782 2782 2783 2783 2780 2780 2783 2783 2784 2784 2785 2785 2783 2783 2786 2786 2785 2785 2786 2786 2787 2787 2788 2788 2789 2789 2790 2790 2788 2788 2785 2785 2789 2789 2791 2791 2790 2790 2792 2792 2768 2768 2792 2792 2793 2793 2794 2794 2795 2795 2796 2796 2797 2797 2796 2796 2798 2798 2799 2799 2798 2798 2800 2800 2799 2799 2800 2800 2801 2801 2802 2802 2801 2801 2803 2803 2802 2802 2803 2803 2804 2804 2802 2802 2804 2804 2805 2805 2806 2806 2805 2805 2807 2807 2808 2808 2807 2807 2809 2809 2808 2808 2809 2809 2810 2810 2811 2811 2810 2810 2812 2812 2811 2811 2812 2812 2813 2813 2814 2814 2813 2813 2815 2815 2814 2814 2815 2815 2816 2816 2814 2814 2816 2816 2817 2817 2814 2814 2817 2817 2818 2818 2819 2819 2817 2817 2820 2820 2819 2819 2820 2820 2821 2821 2822 2822 2821 2821 2823 2823 2824 2824 2822 2822 2823 2823 2825 2825 2823 2823 2826 2826 2825 2825 2826 2826 10 10 2827 2827 2828 2828 2829 2829 2827 2827 2830 2830 2828 2828 328 328 332 332 2831 2831 2832 2832 2831 2831 2833 2833 2834 2834 2833 2833 2835 2835 2834 2834 2835 2835 2836 2836 2837 2837 2836 2836 2838 2838 2839 2839 2840 2840 2841 2841 2839 2839 2842 2842 2840 2840 2837 2837 2843 2843 2844 2844 2837 2837 2844 2844 2845 2845 2842 2842 2846 2846 2840 2840 2842 2842 2847 2847 2848 2848 2842 2842 2849 2849 2847 2847 2850 2850 2844 2844 2851 2851 2852 2852 2853 2853 2847 2847 2854 2854 2851 2851 2855 2855 2852 2852 2856 2856 2853 2853 2852 2852 2857 2857 2856 2856 2852 2852 2858 2858 2857 2857 2858 2858 2859 2859 2860 2860 2858 2858 2861 2861 2859 2859 2854 2854 2855 2855 2862 2862 2854 2854 2862 2862 2850 2850 2863 2863 2864 2864 2859 2859 2850 2850 2862 2862 2865 2865 2866 2866 2865 2865 2867 2867 2863 2863 2868 2868 2869 2869 2863 2863 2866 2866 2868 2868 2863 2863 2870 2870 2864 2864 2871 2871 2872 2872 2873 2873 2871 2871 2874 2874 2872 2872 2875 2875 2876 2876 2872 2872 2875 2875 2877 2877 2878 2878 2875 2875 2879 2879 2877 2877 2879 2879 2880 2880 2877 2877 2879 2879 2881 2881 2880 2880 2881 2881 2882 2882 2880 2880 2881 2881 2883 2883 2882 2882 2881 2881 2884 2884 2883 2883 2884 2884 2885 2885 2883 2883 2884 2884 2886 2886 2885 2885 2886 2886 2887 2887 2885 2885 2886 2886 2888 2888 2887 2887 2888 2888 2889 2889 2887 2887 2888 2888 2890 2890 2889 2889 2888 2888 2891 2891 2890 2890 2888 2888 2892 2892 2891 2891 2892 2892 2893 2893 2891 2891 2892 2892 2894 2894 2893 2893 2892 2892 2895 2895 2894 2894 2895 2895 2896 2896 2894 2894 2895 2895 2897 2897 2896 2896 2898 2898 2899 2899 2900 2900 2898 2898 2901 2901 2899 2899 2897 2897 2900 2900 2902 2902 2897 2897 2903 2903 2896 2896 2901 2901 2904 2904 2899 2899 2901 2901 2905 2905 2904 2904 2901 2901 2906 2906 2905 2905 2875 2875 2907 2907 2876 2876 2875 2875 2908 2908 2907 2907 2665 2665 2667 2667 2909 2909 2910 2910 2911 2911 2912 2912 2913 2913 2914 2914 2915 2915 2916 2916 2915 2915 2917 2917 2916 2916 2917 2917 2918 2918 2919 2919 2920 2920 2921 2921 2919 2919 2922 2922 2920 2920 2923 2923 2918 2918 2924 2924 1240 1240 2925 2925 2926 2926 293 293 2927 2927 2928 2928 293 293 2928 2928 2929 2929 2929 2929 2928 2928 2930 2930 2929 2929 2930 2930 2931 2931 2929 2929 2931 2931 2932 2932 2932 2932 2931 2931 2933 2933 2932 2932 2933 2933 2934 2934 2932 2932 2934 2934 2935 2935 2935 2935 2934 2934 2936 2936 2935 2935 2936 2936 2937 2937 324 324 2937 2937 2938 2938 2939 2939 323 323 2940 2940 2939 2939 2940 2940 2941 2941 2942 2942 2941 2941 2943 2943 2942 2942 2943 2943 2944 2944 2945 2945 2944 2944 2946 2946 2945 2945 2946 2946 2947 2947 2948 2948 2947 2947 2949 2949 2948 2948 2949 2949 2950 2950 2948 2948 2950 2950 2951 2951 2952 2952 2951 2951 2953 2953 2952 2952 2953 2953 2954 2954 2955 2955 2956 2956 2957 2957 2955 2955 2952 2952 2956 2956 2958 2958 2957 2957 2959 2959 2960 2960 2961 2961 2962 2962 2960 2960 2958 2958 2961 2961 2958 2958 2959 2959 2963 2963 2960 2960 2962 2962 2964 2964 2965 2965 2964 2964 2966 2966 2965 2965 2966 2966 2967 2967 2965 2965 2967 2967 2968 2968 2965 2965 2968 2968 2969 2969 2970 2970 2969 2969 2971 2971 2972 2972 2971 2971 2973 2973 2972 2972 2973 2973 2974 2974 2975 2975 2976 2976 2977 2977 2978 2978 2977 2977 2979 2979 2978 2978 2979 2979 2980 2980 2981 2981 2980 2980 2982 2982 2983 2983 2982 2982 2984 2984 2985 2985 2986 2986 2987 2987 2985 2985 2988 2988 2986 2986 2985 2985 2989 2989 2988 2988 2989 2989 2990 2990 2988 2988 2989 2989 2991 2991 2990 2990 2991 2991 2992 2992 2990 2990 2991 2991 2993 2993 2992 2992 2991 2991 2994 2994 2993 2993 2995 2995 2996 2996 2994 2994 2995 2995 2997 2997 2996 2996 2995 2995 2998 2998 2997 2997 2995 2995 2999 2999 2998 2998 2999 2999 3000 3000 2998 2998 2999 2999 3001 3001 3000 3000 2999 2999 2983 2983 3001 3001 3002 3002 3003 3003 3004 3004 3005 3005 3004 3004 3006 3006 3007 3007 3006 3006 3008 3008 3007 3007 3008 3008 3009 3009 3007 3007 3009 3009 3010 3010 3010 3010 3009 3009 3011 3011 3010 3010 3011 3011 3012 3012 3010 3010 3012 3012 3013 3013 3013 3013 3012 3012 3014 3014 3015 3015 3014 3014 3016 3016 3015 3015 3016 3016 3017 3017 3018 3018 3019 3019 3020 3020 3018 3018 3021 3021 3019 3019 3022 3022 3017 3017 3023 3023 3021 3021 3024 3024 3019 3019 3021 3021 3025 3025 3024 3024 3025 3025 3026 3026 3024 3024 3022 3022 3023 3023 3027 3027 3025 3025 3028 3028 3026 3026 3029 3029 3027 3027 3030 3030 3025 3025 3031 3031 3028 3028 3025 3025 3032 3032 3031 3031 3033 3033 3034 3034 3035 3035 3033 3033 3036 3036 3034 3034 3032 3032 3037 3037 3038 3038 3032 3032 3039 3039 3037 3037 3040 3040 3041 3041 3042 3042 3040 3040 3033 3033 3041 3041 3039 3039 3043 3043 3037 3037 3039 3039 3040 3040 3043 3043 3032 3032 3044 3044 3045 3045 3036 3036 3046 3046 3034 3034 3029 3029 3030 3030 3047 3047 3029 3029 3047 3047 3048 3048 3049 3049 3050 3050 3051 3051 3049 3049 3029 3029 3050 3050 3048 3048 3047 3047 3052 3052 3053 3053 3054 3054 3046 3046 3055 3055 3051 3051 3056 3056 3029 3029 3057 3057 3050 3050 3029 3029 3058 3058 3057 3057 3048 3048 3052 3052 3059 3059 3053 3053 3060 3060 3061 3061 3053 3053 3055 3055 3060 3060 3053 3053 3062 3062 3054 3054 3058 3058 3059 3059 3063 3063 3058 3058 3063 3063 3057 3057 101 101 3064 3064 3065 3065 101 101 3066 3066 3064 3064 2633 2633 3067 3067 3068 3068 2633 2633 2625 2625 3067 3067 2299 2299 3069 3069 3070 3070 2299 2299 2633 2633 3069 3069 2299 2299 3070 3070 3071 3071 2625 2625 3072 3072 3067 3067 2625 2625 2595 2595 3072 3072 101 101 3065 3065 3073 3073 101 101 3073 3073 2602 2602 2595 2595 3074 3074 3072 3072 2595 2595 2581 2581 3074 3074 2577 2577 3073 3073 3075 3075 2581 2581 3076 3076 3074 3074 2577 2577 3075 3075 3077 3077 2581 2581 3078 3078 3076 3076 2581 2581 3079 3079 3078 3078 2581 2581 2567 2567 3079 3079 2563 2563 3080 3080 3081 3081 2563 2563 2577 2577 3080 3080 2560 2560 3082 3082 3083 3083 2560 2560 3083 3083 2567 2567 2567 2567 3084 3084 3079 3079 2562 2562 3081 3081 3085 3085 2560 2560 3086 3086 3082 3082 2560 2560 2562 2562 3086 3086 2562 2562 3085 3085 3087 3087 2296 2296 3071 3071 3088 3088 2296 2296 3089 3089 3090 3090 2296 2296 3088 3088 3091 3091 1069 1069 3092 3092 1071 1071 1517 1517 3093 3093 3092 3092 1519 1519 3094 3094 3095 3095 1519 1519 3095 3095 3096 3096 1517 1517 3097 3097 3093 3093 1519 1519 3098 3098 3094 3094 1106 1106 1108 1108 3099 3099 1240 1240 3100 3100 2925 2925 1240 1240 1294 1294 3100 3100 1294 1294 3101 3101 3100 3100 1294 1294 3102 3102 3101 3101 1294 1294 3103 3103 3102 3102 1294 1294 1296 1296 3103 3103 1296 1296 3104 3104 3103 3103 1296 1296 3105 3105 3104 3104 1252 1252 3106 3106 3107 3107 1122 1122 3108 3108 3109 3109 1122 1122 1246 1246 3108 3108 1252 1252 3110 3110 3106 3106 1252 1252 1242 1242 3110 3110 1242 1242 3111 3111 3110 3110 1247 1247 2926 2926 3112 3112 1242 1242 3113 3113 3111 3111 1242 1242 1232 1232 3113 3113 1232 1232 3114 3114 3113 3113 1232 1232 1241 1241 3114 3114 1175 1175 3115 3115 3116 3116 1175 1175 1167 1167 3115 3115 1167 1167 3117 3117 3115 3115 1167 1167 3118 3118 3117 3117 1156 1156 3119 3119 3118 3118 1156 1156 3120 3120 3119 3119 1156 1156 1151 1151 3120 3120 1151 1151 3121 3121 3120 3120 1151 1151 3122 3122 3123 3123 1151 1151 1137 1137 3122 3122 1137 1137 3124 3124 3122 3122 1137 1137 1129 1129 3124 3124 1129 1129 3125 3125 3124 3124 1129 1129 3126 3126 3125 3125 1129 1129 3127 3127 3126 3126 1129 1129 1123 1123 3127 3127 1123 1123 3128 3128 3127 3127 1123 1123 3129 3129 3128 3128 1123 1123 1122 1122 3129 3129 1241 1241 3130 3130 3114 3114 1241 1241 3131 3131 3130 3130 1241 1241 3132 3132 3131 3131 1241 1241 1247 1247 3132 3132 3133 3133 3134 3134 3135 3135 3136 3136 3135 3135 3137 3137 3136 3136 3137 3137 3138 3138 3136 3136 3138 3138 3139 3139 3136 3136 3139 3139 3140 3140 1000 1000 3141 3141 3142 3142 991 991 3143 3143 3144 3144 973 973 3145 3145 3146 3146 973 973 3146 3146 3147 3147 963 963 3147 3147 3148 3148 963 963 3148 3148 3149 3149 978 978 3150 3150 3151 3151 978 978 962 962 3150 3150 963 963 3149 3149 3152 3152 962 962 3153 3153 3150 3150 958 958 3152 3152 3154 3154 3048 3048 3058 3058 3029 3029 962 962 3155 3155 3153 3153 962 962 946 946 3155 3155 3156 3156 3055 3055 3053 3053 949 949 3154 3154 3157 3157 946 946 3158 3158 3155 3155 949 949 3157 3157 3159 3159 949 949 3159 3159 945 945 946 946 3160 3160 3158 3158 946 946 945 945 3160 3160 945 945 3159 3159 3161 3161 744 744 3162 3162 284 284 290 290 291 291 3163 3163 744 744 3164 3164 3162 3162 744 744 702 702 3164 3164 702 702 3165 3165 3164 3164 678 678 3166 3166 3167 3167 686 686 3168 3168 3169 3169 678 678 3170 3170 3166 3166 3049 3049 3055 3055 3171 3171 686 686 3169 3169 3172 3172 678 678 3173 3173 3170 3170 3036 3036 3156 3156 3053 3053 3156 3156 3171 3171 3055 3055 668 668 3174 3174 3173 3173 668 668 3175 3175 3174 3174 664 664 3176 3176 3177 3177 673 673 3178 3178 3179 3179 673 673 663 663 3178 3178 658 658 3177 3177 3180 3180 645 645 3179 3179 3181 3181 664 664 3182 3182 3176 3176 664 664 646 646 3182 3182 290 290 3163 3163 3183 3183 290 290 3183 3183 3184 3184 555 555 3184 3184 3185 3185 555 555 3185 3185 3186 3186 555 555 3186 3186 548 548 548 548 3186 3186 3187 3187 3049 3049 3188 3188 3029 3029 3049 3049 3171 3171 3189 3189 546 546 3190 3190 3191 3191 3036 3036 3171 3171 3156 3156 514 514 258 258 3192 3192 511 511 3193 3193 3194 3194 514 514 3192 3192 3195 3195 3040 3040 3039 3039 3196 3196 3033 3033 3040 3040 3196 3196 3039 3039 3032 3032 3197 3197 3036 3036 3033 3033 3198 3198 525 525 3199 3199 3200 3200 3032 3032 3025 3025 3021 3021 525 525 518 518 3199 3199 518 518 3201 3201 3199 3199 518 518 515 515 3201 3201 3188 3188 3015 3015 3029 3029 3188 3188 3049 3049 3189 3189 3202 3202 3189 3189 3171 3171 3029 3029 3015 3015 3022 3022 515 515 3203 3203 3201 3201 3198 3198 3171 3171 3036 3036 511 511 3194 3194 3204 3204 503 503 3205 3205 3206 3206 509 509 3207 3207 3208 3208 432 432 3209 3209 3210 3210 3196 3196 3039 3039 3211 3211 3033 3033 3196 3196 3198 3198 3032 3032 3212 3212 3197 3197 3197 3197 3211 3211 3039 3039 422 422 3213 3213 3209 3209 421 421 3214 3214 3215 3215 3032 3032 3021 3021 3212 3212 421 421 3216 3216 3214 3214 416 416 3217 3217 3218 3218 3188 3188 3219 3219 3015 3015 3188 3188 3189 3189 3220 3220 3198 3198 3202 3202 3171 3171 3189 3189 3202 3202 3220 3220 422 422 3221 3221 3213 3213 422 422 406 406 3221 3221 546 546 3191 3191 3222 3222 546 546 3223 3223 3224 3224 546 546 3224 3224 256 256 293 293 3225 3225 2927 2927 3211 3211 3226 3226 3196 3196 3198 3198 3196 3196 3226 3226 3212 3212 3227 3227 3197 3197 3197 3197 3228 3228 3211 3211 293 293 292 292 3225 3225 3229 3229 3212 3212 3021 3021 292 292 3230 3230 3231 3231 3219 3219 3188 3188 3232 3232 3219 3219 3013 3013 3015 3015 3188 3188 3220 3220 3232 3232 3226 3226 3202 3202 3198 3198 3233 3233 3220 3220 3202 3202 292 292 288 288 3230 3230 292 292 3234 3234 3225 3225 288 288 269 269 3230 3230 269 269 3235 3235 3230 3230 269 269 271 271 3235 3235 271 271 3236 3236 3235 3235 271 271 3237 3237 3236 3236 3226 3226 3211 3211 3228 3228 3212 3212 3238 3238 3227 3227 3227 3227 3228 3228 3197 3197 3018 3018 3229 3229 3021 3021 3229 3229 3239 3239 3212 3212 3232 3232 3240 3240 3219 3219 3240 3240 3013 3013 3219 3219 270 270 3241 3241 3237 3237 3220 3220 3242 3242 3232 3232 3202 3202 3226 3226 3243 3243 3233 3233 3244 3244 3220 3220 3202 3202 3243 3243 3233 3233 101 101 3245 3245 3066 3066 101 101 91 91 3245 3245 91 91 3246 3246 3245 3245 91 91 60 60 3246 3246 35 35 3247 3247 3246 3246 35 35 3248 3248 3247 3247 3226 3226 3228 3228 3249 3249 3238 3238 3250 3250 3227 3227 3239 3239 3238 3238 3212 3212 3228 3228 3227 3227 3251 3251 3018 3018 3252 3252 3229 3229 3252 3252 3239 3239 3229 3229 3240 3240 3232 3232 3242 3242 3013 3013 3240 3240 3253 3253 35 35 3254 3254 3248 3248 3255 3255 3242 3242 3220 3220 3226 3226 3249 3249 3243 3243 3256 3256 3244 3244 3233 3233 3244 3244 3255 3255 3220 3220 3233 3233 3243 3243 3256 3256 34 34 3257 3257 3254 3254 34 34 3258 3258 3257 3257 34 34 3259 3259 3258 3258 34 34 6 6 3259 3259 5 5 3260 3260 3261 3261 5 5 3262 3262 3260 3260 3249 3249 3228 3228 3251 3251 3263 3263 3250 3250 3238 3238 3250 3250 3264 3264 3227 3227 3238 3238 3239 3239 3263 3263 3227 3227 3264 3264 3251 3251 3252 3252 3265 3265 3239 3239 3242 3242 3253 3253 3240 3240 3253 3253 3010 3010 3013 3013 29 29 3266 3266 27 27 30 30 32 32 3267 3267 3255 3255 3268 3268 3242 3242 3249 3249 3269 3269 3243 3243 3244 3244 3256 3256 3270 3270 3271 3271 3255 3255 3244 3244 3243 3243 3269 3269 3256 3256 55 55 3272 3272 49 49 38 38 3273 3273 31 31 56 56 3274 3274 57 57 78 78 70 70 72 72 3275 3275 82 82 3276 3276 3275 3275 78 78 82 82 3269 3269 3249 3249 3251 3251 3250 3250 3263 3263 3265 3265 3250 3250 3277 3277 3264 3264 3239 3239 3265 3265 3263 3263 3251 3251 3264 3264 3269 3269 3242 3242 3007 3007 3253 3253 3010 3010 3253 3253 3007 3007 70 70 92 92 71 71 70 70 39 39 92 92 3268 3268 3278 3278 3242 3242 3279 3279 3268 3268 3255 3255 3256 3256 3280 3280 3270 3270 3270 3270 3271 3271 3244 3244 3271 3271 3279 3279 3255 3255 3256 3256 3269 3269 3264 3264 236 236 235 235 234 234 238 238 240 240 3281 3281 242 242 3282 3282 243 243 238 238 245 245 246 246 238 238 242 242 245 245 231 231 247 247 249 249 3265 3265 3283 3283 3250 3250 3277 3277 3280 3280 3264 3264 3283 3283 3277 3277 3250 3250 3242 3242 3278 3278 3007 3007 231 231 251 251 232 232 3284 3284 261 261 3285 3285 3278 3278 3268 3268 3286 3286 3268 3268 3279 3279 3287 3287 3256 3256 3264 3264 3280 3280 3280 3280 3288 3288 3270 3270 3288 3288 3271 3271 3270 3270 3271 3271 3287 3287 3279 3279 3284 3284 259 259 261 261 263 263 265 265 3289 3289 290 290 283 283 285 285 333 333 335 335 3290 3290 344 344 338 338 343 343 344 344 336 336 338 338 346 346 3291 3291 345 345 3280 3280 3277 3277 3292 3292 3283 3283 3292 3292 3277 3277 3278 3278 3005 3005 3007 3007 347 347 349 349 3293 3293 352 352 351 351 3294 3294 3278 3278 3286 3286 3295 3295 3268 3268 3287 3287 3286 3286 3280 3280 3296 3296 3288 3288 3288 3288 3297 3297 3271 3271 3297 3297 3287 3287 3271 3271 353 353 3298 3298 354 354 356 356 355 355 357 357 356 356 353 353 355 355 3292 3292 3296 3296 3280 3280 3005 3005 3278 3278 3295 3295 360 360 356 356 359 359 362 362 360 360 361 361 3286 3286 3287 3287 3299 3299 3296 3296 3297 3297 3288 3288 3297 3297 3299 3299 3287 3287 364 364 362 362 363 363 272 272 370 370 273 273 3292 3292 3300 3300 3296 3296 3002 3002 3005 3005 3295 3295 3299 3299 3301 3301 3286 3286 3297 3297 3296 3296 3302 3302 3303 3303 3299 3299 3297 3297 3300 3300 3302 3302 3296 3296 3292 3292 3304 3304 3300 3300 3305 3305 3301 3301 3299 3299 3302 3302 3303 3303 3297 3297 3299 3299 3303 3303 3306 3306 3300 3300 3304 3304 3302 3302 3306 3306 3305 3305 3299 3299 3303 3303 3302 3302 3306 3306 3304 3304 3307 3307 3302 3302 3305 3305 3306 3306 3307 3307 3302 3302 3307 3307 3306 3306 272 272 369 369 370 370 3308 3308 374 374 3309 3309 3308 3308 426 426 374 374 430 430 427 427 429 429 3310 3310 433 433 3311 3311 3310 3310 430 430 433 433 436 436 3310 3310 437 437 439 439 438 438 440 440 439 439 436 436 438 438 445 445 441 441 443 443 445 445 439 439 441 441 450 450 3312 3312 451 451 3313 3313 452 452 3314 3314 3313 3313 450 450 452 452 483 483 482 482 484 484 483 483 480 480 482 482 487 487 483 483 486 486 489 489 488 488 490 490 489 489 487 487 488 488 492 492 489 489 491 491 492 492 494 494 495 495 516 516 497 497 496 496 531 531 530 530 532 532 535 535 534 534 533 533 539 539 535 535 538 538 539 539 540 540 543 543 3315 3315 2983 2983 2999 2999 559 559 551 551 553 553 542 542 556 556 552 552 562 562 559 559 561 561 562 562 563 563 565 565 2999 2999 3316 3316 3315 3315 3317 3317 2983 2983 3315 3315 567 567 564 564 566 566 571 571 567 567 570 570 576 576 573 573 575 575 571 571 572 572 574 574 3316 3316 2999 2999 2995 2995 576 576 578 578 3318 3318 3319 3319 3315 3315 3316 3316 3319 3319 3317 3317 3315 3315 579 579 581 581 3320 3320 586 586 582 582 585 585 586 586 587 587 3321 3321 592 592 3322 3322 593 593 592 592 680 680 687 687 675 675 688 688 682 682 3323 3323 3316 3316 2995 2995 697 697 698 698 3324 3324 3325 3325 3319 3319 3316 3316 3325 3325 3317 3317 3319 3319 709 709 364 364 708 708 717 717 714 714 716 716 724 724 717 717 719 719 728 728 724 724 727 727 738 738 733 733 737 737 756 756 742 742 751 751 752 752 757 757 758 758 3323 3323 3326 3326 3316 3316 2995 2995 3327 3327 3323 3323 752 752 756 756 757 757 3327 3327 2995 2995 2991 2991 3326 3326 3325 3325 3316 3316 764 764 759 759 765 765 764 764 752 752 759 759 767 767 766 766 768 768 767 767 764 764 766 766 773 773 775 775 780 780 773 773 780 780 782 782 791 791 789 789 793 793 798 798 792 792 794 794 804 804 798 798 803 803 806 806 804 804 805 805 3326 3326 3323 3323 3327 3327 806 806 808 808 3328 3328 3327 3327 2991 2991 2989 2989 3326 3326 3329 3329 3325 3325 941 941 938 938 940 940 947 947 941 941 943 943 947 947 948 948 952 952 951 951 953 953 3330 3330 955 955 965 965 3331 3331 970 970 969 969 3332 3332 3333 3333 3334 3334 3335 3335 3333 3333 3336 3336 3334 3334 974 974 3337 3337 975 975 974 974 976 976 3338 3338 3327 3327 3339 3339 3326 3326 1015 1015 1009 1009 1011 1011 1014 1014 1016 1016 1012 1012 1014 1014 1015 1015 1016 1016 3340 3340 3327 3327 2989 2989 3329 3329 3326 3326 3341 3341 3329 3329 3342 3342 3325 3325 1009 1009 1026 1026 1023 1023 1050 1050 1053 1053 1049 1049 1050 1050 1051 1051 1053 1053 1057 1057 1056 1056 1051 1051 1069 1069 1068 1068 1064 1064 1077 1077 1085 1085 1080 1080 1087 1087 1086 1086 1088 1088 1090 1090 1089 1089 3343 3343 1095 1095 1102 1102 1101 1101 1103 1103 1105 1105 1100 1100 1109 1109 1107 1107 1106 1106 1111 1111 1110 1110 1109 1109 1114 1114 1117 1117 1113 1113 3327 3327 3340 3340 3339 3339 3344 3344 3326 3326 3339 3339 1114 1114 1115 1115 1117 1117 3345 3345 3346 3346 1124 1124 3345 3345 1124 1124 1120 1120 3340 3340 2989 2989 3347 3347 3341 3341 3326 3326 3344 3344 3348 3348 3329 3329 3341 3341 3329 3329 3348 3348 3342 3342 1135 1135 1134 1134 1131 1131 1135 1135 1139 1139 1141 1141 1135 1135 1141 1141 1140 1140 1143 1143 1140 1140 1142 1142 1149 1149 1143 1143 1148 1148 1165 1165 1161 1161 1162 1162 1165 1165 1166 1166 1173 1173 1165 1165 1173 1173 1172 1172 1263 1263 1178 1178 3349 3349 3350 3350 3339 3339 3340 3340 3344 3344 3339 3339 3350 3350 1263 1263 1172 1172 1178 1178 3347 3347 2989 2989 2985 2985 3351 3351 3340 3340 3347 3347 3344 3344 3352 3352 3341 3341 3341 3341 3353 3353 3348 3348 3354 3354 3342 3342 3348 3348 1256 1256 1257 1257 3355 3355 1256 1256 3355 3355 3356 3356 1272 1272 1269 1269 1271 1271 1263 1263 3357 3357 1259 1259 1265 1265 1274 1274 1270 1270 1276 1276 1272 1272 1275 1275 1248 1248 1278 1278 1249 1249 3358 3358 3359 3359 3360 3360 1282 1282 1280 1280 1279 1279 1285 1285 1284 1284 1282 1282 3350 3350 3340 3340 3351 3351 3350 3350 3352 3352 3344 3344 3361 3361 3351 3351 3347 3347 3353 3353 3341 3341 3352 3352 3354 3354 3348 3348 3353 3353 1289 1289 1288 1288 1285 1285 1421 1421 1301 1301 1300 1300 1322 1322 1406 1406 1302 1302 1322 1322 1404 1404 1406 1406 1421 1421 1424 1424 1427 1427 1429 1429 1425 1425 1404 1404 1431 1431 1426 1426 1428 1428 1490 1490 1430 1430 1429 1429 3362 3362 3350 3350 3351 3351 3362 3362 3352 3352 3350 3350 3362 3362 3351 3351 3361 3361 3363 3363 3353 3353 3352 3352 3353 3353 3363 3363 3354 3354 1535 1535 1533 1533 1536 1536 1535 1535 1534 1534 1533 1533 1549 1549 1545 1545 1529 1529 3364 3364 3352 3352 3362 3362 3363 3363 3352 3352 3365 3365 1548 1548 1546 1546 1551 1551 1548 1548 1551 1551 1556 1556 3365 3365 3352 3352 3364 3364 2254 2254 2253 2253 2252 2252 2257 2257 2254 2254 2256 2256 2262 2262 2263 2263 2265 2265 2262 2262 2265 2265 2264 2264 3366 3366 3367 3367 3368 3368 3367 3367 3366 3366 3369 3369 3368 3368 3367 3367 3370 3370 3366 3366 3368 3368 3354 3354 3369 3369 3371 3371 3367 3367 3366 3366 3372 3372 3369 3369 3367 3367 3373 3373 3370 3370 3374 3374 3368 3368 3370 3370 3354 3354 3368 3368 3342 3342 3373 3373 3367 3367 3371 3371 3369 3369 3375 3375 3371 3371 3376 3376 3369 3369 3372 3372 3374 3374 3370 3370 3373 3373 3368 3368 3374 3374 3342 3342 3371 3371 3377 3377 3373 3373 3375 3375 3378 3378 3371 3371 3369 3369 3379 3379 3375 3375 3376 3376 3379 3379 3369 3369 3380 3380 3376 3376 3372 3372 3373 3373 3377 3377 3374 3374 3342 3342 3374 3374 3325 3325 3377 3377 3371 3371 3378 3378 3378 3378 3375 3375 3381 3381 3379 3379 3381 3381 3375 3375 3382 3382 3379 3379 3376 3376 3383 3383 3376 3376 3380 3380 3384 3384 3374 3374 3377 3377 3374 3374 3317 3317 3325 3325 3378 3378 3385 3385 3377 3377 3378 3378 3381 3381 3386 3386 3387 3387 3381 3381 3379 3379 3382 3382 3387 3387 3379 3379 3383 3383 3382 3382 3376 3376 3317 3317 3374 3374 3384 3384 3377 3377 3388 3388 3384 3384 3378 3378 3389 3389 3385 3385 3388 3388 3377 3377 3385 3385 3381 3381 3390 3390 3386 3386 3386 3386 3389 3389 3378 3378 3384 3384 2983 2983 3317 3317 3388 3388 3391 3391 3384 3384 3389 3389 3392 3392 3385 3385 3385 3385 3393 3393 3388 3388 3390 3390 3394 3394 3386 3386 3386 3386 3395 3395 3389 3389 2983 2983 3384 3384 3391 3391 3388 3388 3396 3396 3391 3391 3395 3395 3392 3392 3389 3389 3392 3392 3397 3397 3385 3385 3385 3385 3397 3397 3393 3393 3393 3393 3398 3398 3388 3388 3390 3390 3399 3399 3394 3394 3386 3386 3394 3394 3395 3395 3391 3391 2981 2981 2983 2983 3396 3396 3388 3388 3398 3398 3391 3391 3396 3396 2981 2981 3392 3392 3395 3395 3394 3394 3392 3392 3400 3400 3397 3397 3401 3401 3393 3393 3397 3397 3393 3393 3401 3401 3398 3398 3402 3402 3394 3394 3399 3399 2264 2264 1299 1299 1298 1298 3398 3398 3401 3401 3396 3396 3396 3396 2975 2975 2981 2981 3394 3394 3402 3402 3392 3392 3400 3400 3403 3403 3397 3397 3400 3400 3392 3392 3402 3402 3397 3397 3404 3404 3401 3401 3402 3402 3399 3399 3405 3405 2264 2264 2268 2268 2269 2269 3401 3401 3406 3406 3396 3396 3396 3396 3406 3406 2975 2975 2981 2981 2975 2975 2978 2978 3397 3397 3403 3403 3404 3404 3403 3403 3400 3400 3407 3407 3402 3402 3407 3407 3400 3400 3404 3404 3408 3408 3401 3401 3399 3399 3409 3409 3405 3405 3405 3405 3410 3410 3402 3402 2274 2274 2272 2272 3411 3411 3406 3406 3401 3401 3408 3408 3406 3406 2972 2972 2975 2975 2274 2274 2273 2273 2272 2272 3404 3404 3403 3403 3412 3412 3412 3412 3403 3403 3407 3407 3402 3402 3413 3413 3407 3407 3408 3408 3404 3404 3412 3412 3410 3410 3405 3405 3409 3409 3402 3402 3410 3410 3413 3413 2278 2278 2277 2277 2276 2276 3408 3408 3414 3414 3406 3406 3406 3406 3414 3414 2972 2972 2281 2281 2278 2278 2280 2280 2284 2284 2283 2283 2285 2285 3412 3412 3407 3407 3415 3415 3407 3407 3413 3413 3416 3416 3412 3412 3417 3417 3408 3408 3418 3418 3413 3413 3410 3410 2284 2284 2281 2281 2283 2283 3414 3414 3408 3408 3417 3417 3414 3414 2970 2970 2972 2972 2288 2288 2284 2284 2287 2287 3407 3407 3419 3419 3415 3415 3412 3412 3415 3415 3420 3420 3416 3416 3413 3413 3418 3418 3416 3416 3419 3419 3407 3407 3417 3417 3412 3412 3420 3420 3410 3410 3421 3421 3418 3418 2290 2290 2288 2288 2289 2289 3417 3417 3422 3422 3414 3414 2970 2970 3414 3414 3422 3422 2325 2325 2324 2324 2323 2323 2330 2330 2332 2332 3423 3423 3415 3415 3419 3419 3420 3420 3418 3418 3419 3419 3416 3416 3420 3420 3424 3424 3417 3417 3421 3421 3425 3425 3418 3418 2325 2325 2327 2327 2328 2328 3417 3417 3424 3424 3422 3422 3422 3422 3426 3426 2970 2970 2330 2330 2329 2329 2331 2331 2353 2353 2351 2351 2354 2354 3420 3420 3419 3419 3427 3427 3419 3419 3418 3418 3427 3427 3420 3420 3427 3427 3424 3424 3418 3418 3425 3425 3427 3427 3426 3426 3422 3422 3424 3424 3426 3426 2965 2965 2970 2970 2353 2353 2352 2352 2351 2351 2360 2360 2359 2359 2358 2358 3427 3427 3428 3428 3424 3424 3425 3425 3429 3429 3427 3427 3424 3424 3428 3428 3426 3426 3428 3428 2965 2965 3426 3426 2366 2366 2365 2365 2368 2368 2370 2370 2367 2367 2369 2369 3427 3427 3429 3429 3428 3428 3428 3428 2960 2960 2965 2965 2372 2372 2370 2370 2371 2371 2379 2379 2377 2377 2378 2378 2960 2960 3428 3428 3429 3429 2385 2385 2384 2384 2333 2333 2385 2385 2389 2389 2387 2387 16 16 18 18 2388 2388 2392 2392 2390 2390 2391 2391 2404 2404 2398 2398 2399 2399 2410 2410 2407 2407 2404 2404 2416 2416 2413 2413 2410 2410 2416 2416 2422 2422 2417 2417 2420 2420 2419 2419 2421 2421 2426 2426 2401 2401 2400 2400 2426 2426 2423 2423 2425 2425 2426 2426 2430 2430 2431 2431 2432 2432 3430 3430 2433 2433 2432 2432 3431 3431 3430 3430 2435 2435 2432 2432 2434 2434 2438 2438 2437 2437 2439 2439 3432 3432 2958 2958 2960 2960 2438 2438 2435 2435 2437 2437 2441 2441 2438 2438 2440 2440 2445 2445 2441 2441 2444 2444 3433 3433 2955 2955 2958 2958 2958 2958 3432 3432 3433 3433 3429 3429 3432 3432 2960 2960 2450 2450 2445 2445 2446 2446 2447 2447 2451 2451 2448 2448 2955 2955 3434 3434 2952 2952 3434 3434 2955 2955 3433 3433 3435 3435 3433 3433 3432 3432 3432 3432 3429 3429 3435 3435 2447 2447 2450 2450 2451 2451 2453 2453 2447 2447 2452 2452 2456 2456 2453 2453 2455 2455 3434 3434 3436 3436 2952 2952 3435 3435 3434 3434 3433 3433 3425 3425 3435 3435 3429 3429 2459 2459 2456 2456 2458 2458 2462 2462 2459 2459 2461 2461 2952 2952 3436 3436 2948 2948 2465 2465 2462 2462 2464 2464 2468 2468 2467 2467 2469 2469 3434 3434 3437 3437 3436 3436 3437 3437 3434 3434 3435 3435 3438 3438 3435 3435 3425 3425 2468 2468 2465 2465 2467 2467 3436 3436 3439 3439 2948 2948 2473 2473 2468 2468 2472 2472 2423 2423 2474 2474 2424 2424 2423 2423 2473 2473 2474 2474 3440 3440 3436 3436 3437 3437 3441 3441 3437 3437 3435 3435 3435 3435 3438 3438 3441 3441 3425 3425 3442 3442 3438 3438 2476 2476 2382 2382 2475 2475 2478 2478 2476 2476 2477 2477 2948 2948 3439 3439 3443 3443 3436 3436 3444 3444 3439 3439 2483 2483 2482 2482 3445 3445 2484 2484 2486 2486 2487 2487 2490 2490 266 266 2489 2489 3436 3436 3440 3440 3444 3444 3437 3437 3441 3441 3440 3440 3438 3438 3442 3442 3441 3441 3421 3421 3442 3442 3425 3425 2492 2492 2491 2491 2493 2493 3443 3443 2945 2945 2948 2948 2492 2492 2490 2490 2491 2491 3439 3439 3444 3444 3443 3443 2495 2495 2492 2492 2494 2494 2501 2501 2499 2499 2500 2500 3440 3440 3446 3446 3444 3444 3441 3441 3447 3447 3440 3440 3442 3442 3447 3447 3441 3441 3421 3421 3448 3448 3442 3442 2503 2503 2502 2502 2504 2504 3449 3449 2945 2945 3443 3443 3444 3444 3450 3450 3443 3443 2503 2503 2501 2501 2502 2502 2507 2507 2503 2503 2506 2506 2513 2513 2507 2507 2509 2509 3444 3444 3446 3446 3451 3451 3452 3452 3446 3446 3440 3440 3452 3452 3440 3440 3447 3447 3448 3448 3447 3447 3442 3442 3421 3421 3410 3410 3448 3448 2516 2516 2513 2513 2514 2514 2945 2945 3453 3453 2942 2942 3449 3449 3453 3453 2945 2945 3443 3443 3454 3454 3449 3449 3450 3450 3454 3454 3443 3443 3455 3455 3450 3450 3444 3444 2520 2520 2518 2518 2519 2519 2520 2520 2516 2516 2518 2518 2524 2524 2521 2521 2523 2523 3451 3451 3455 3455 3444 3444 3446 3446 3456 3456 3451 3451 3456 3456 3446 3446 3452 3452 3457 3457 3452 3452 3447 3447 3448 3448 3457 3457 3447 3447 3410 3410 3458 3458 3448 3448 2527 2527 2526 2526 2528 2528 3453 3453 3459 3459 2942 2942 3460 3460 3453 3453 3449 3449 3454 3454 3460 3460 3449 3449 3450 3450 3461 3461 3454 3454 3450 3450 3455 3455 3461 3461 2527 2527 2524 2524 2526 2526 2535 2535 2527 2527 2530 2530 2535 2535 2536 2536 2534 2534 3451 3451 3462 3462 3455 3455 3456 3456 3463 3463 3451 3451 3452 3452 3464 3464 3456 3456 3464 3464 3452 3452 3457 3457 3448 3448 3458 3458 3457 3457 3465 3465 3458 3458 3410 3410 2535 2535 2534 2534 2531 2531 2942 2942 3459 3459 2939 2939 3453 3453 3466 3466 3459 3459 3453 3453 3460 3460 3467 3467 3468 3468 3460 3460 3454 3454 3461 3461 3469 3469 3454 3454 3461 3461 3455 3455 3462 3462 2542 2542 2539 2539 2541 2541 3470 3470 2543 2543 3471 3471 3470 3470 2542 2542 2543 2543 3472 3472 3462 3462 3451 3451 3463 3463 3472 3472 3451 3451 3473 3473 3463 3463 3456 3456 3474 3474 3456 3456 3464 3464 3457 3457 3475 3475 3464 3464 3458 3458 3475 3475 3457 3457 3458 3458 3465 3465 3475 3475 3409 3409 3465 3465 3410 3410 2548 2548 3476 3476 2549 2549 3459 3459 321 321 2939 2939 3459 3459 3466 3466 3477 3477 3467 3467 3466 3466 3453 3453 3468 3468 3467 3467 3460 3460 3469 3469 3468 3468 3454 3454 3462 3462 3469 3469 3461 3461 2548 2548 3478 3478 3476 3476 2547 2547 2546 2546 3479 3479 3472 3472 3480 3480 3462 3462 3463 3463 319 319 3472 3472 3473 3473 319 319 3463 3463 3474 3474 3473 3473 3456 3456 3464 3464 3481 3481 3474 3474 3481 3481 3464 3464 3475 3475 3465 3465 3482 3482 3475 3475 3465 3465 3409 3409 3482 3482 3483 3483 321 321 3459 3459 3467 3467 3477 3477 3466 3466 3477 3477 3483 3483 3459 3459 3484 3484 3467 3467 3468 3468 3469 3469 3484 3484 3468 3468 3462 3462 3485 3485 3469 3469 2547 2547 3479 3479 3478 3478 2552 2552 2548 2548 2551 2551 2564 2564 2555 2555 2556 2556 3472 3472 320 320 3480 3480 3480 3480 3485 3485 3462 3462 3472 3472 319 319 320 320 3486 3486 319 319 3473 3473 3487 3487 3473 3473 3474 3474 3488 3488 3474 3474 3481 3481 3482 3482 3481 3481 3475 3475 3482 3482 3409 3409 3399 3399 3483 3483 3489 3489 321 321 3484 3484 3477 3477 3467 3467 3483 3483 3477 3477 310 310 3485 3485 3484 3484 3469 3469 282 282 2565 2565 2566 2566 2564 2564 2569 2569 2570 2570 2571 2571 3490 3490 2572 2572 3480 3480 320 320 3491 3491 3480 3480 3491 3491 3485 3485 3486 3486 317 317 319 319 3487 3487 3486 3486 3473 3473 3488 3488 3487 3487 3474 3474 3488 3488 3481 3481 3492 3492 3493 3493 3481 3481 3482 3482 3493 3493 3482 3482 3399 3399 3489 3489 2935 2935 321 321 310 310 3489 3489 3483 3483 3491 3491 3477 3477 3484 3484 313 313 310 310 3477 3477 3485 3485 3491 3491 3484 3484 2575 2575 2571 2571 2574 2574 2579 2579 2575 2575 2578 2578 2585 2585 2579 2579 2584 2584 2591 2591 2588 2588 2587 2587 321 321 2935 2935 324 324 320 320 315 315 3491 3491 3494 3494 317 317 3486 3486 3494 3494 3486 3486 3487 3487 3481 3481 3493 3493 3492 3492 3495 3495 3488 3488 3492 3492 3492 3492 3493 3493 3399 3399 2935 2935 3489 3489 3496 3496 3489 3489 310 310 305 305 3477 3477 3491 3491 315 315 315 315 313 313 3477 3477 2599 2599 2597 2597 2600 2600 2599 2599 2598 2598 2597 2597 2608 2608 2603 2603 2609 2609 2608 2608 2599 2599 2603 2603 2620 2620 2608 2608 2612 2612 3497 3497 3488 3488 3495 3495 3495 3495 3492 3492 3390 3390 3390 3390 3492 3492 3399 3399 3496 3496 2932 2932 2935 2935 3489 3489 305 305 3496 3496 2623 2623 2620 2620 2622 2622 2665 2665 2662 2662 2664 2664 2661 2661 2660 2660 2663 2663 2675 2675 2672 2672 2674 2674 2668 2668 2678 2678 2677 2677 2680 2680 2679 2679 2675 2675 3498 3498 3497 3497 3495 3495 3495 3495 3390 3390 3381 3381 2932 2932 3496 3496 298 298 305 305 298 298 3496 3496 2682 2682 2681 2681 2680 2680 2686 2686 2689 2689 2685 2685 2686 2686 2687 2687 2689 2689 2697 2697 2700 2700 2701 2701 2697 2697 2698 2698 2700 2700 2713 2713 2715 2715 2707 2707 3495 3495 3387 3387 3498 3498 3387 3387 3495 3495 3381 3381 298 298 2929 2929 2932 2932 2713 2713 2707 2707 2706 2706 2716 2716 2706 2706 2709 2709 2698 2698 2717 2717 2710 2710 2698 2698 2716 2716 2717 2717 2929 2929 298 298 293 293 2713 2713 2711 2711 2714 2714 2713 2713 2712 2712 2711 2711 236 236 237 237 3499 3499 2723 2723 2721 2721 2722 2722 2753 2753 2756 2756 2752 2752 2753 2753 2754 2754 2756 2756 2763 2763 2761 2761 2762 2762 2763 2763 2769 2769 2771 2771 2772 2772 2777 2777 2770 2770 2763 2763 2774 2774 2773 2773 2778 2778 2779 2779 2776 2776 2785 2785 2784 2784 2783 2783 2791 2791 2788 2788 2790 2790 2785 2785 2787 2787 2789 2789 2768 2768 2791 2791 2792 2792 2768 2768 2793 2793 2775 2775 2797 2797 2794 2794 2796 2796 3500 3500 3501 3501 3502 3502 3503 3503 3501 3501 3500 3500 3504 3504 3500 3500 3502 3502 3505 3505 3503 3503 3500 3500 3504 3504 3505 3505 3500 3500 3506 3506 3504 3504 3502 3502 3507 3507 3503 3503 3505 3505 3507 3507 3505 3505 3504 3504 3506 3506 3507 3507 3504 3504 168 168 159 159 3508 3508 3508 3508 159 159 3509 3509 3508 3508 176 176 168 168 3509 3509 3510 3510 3508 3508 144 144 3509 3509 159 159 176 176 3508 3508 3510 3510 160 160 3510 3510 3509 3509 160 160 3509 3509 144 144 3510 3510 3511 3511 176 176 3510 3510 160 160 3512 3512 176 176 3511 3511 212 212 3511 3511 3510 3510 3513 3513 3512 3512 160 160 3514 3514 3510 3510 3512 3512 3513 3513 3511 3511 3515 3515 212 212 3511 3511 3513 3513 3516 3516 3514 3514 3513 3513 3512 3512 187 187 3514 3514 160 160 212 212 3515 3515 3517 3517 3516 3516 3515 3515 3511 3511 3516 3516 3513 3513 3518 3518 3513 3513 3514 3514 3519 3519 187 187 3520 3520 3514 3514 212 212 3517 3517 221 221 3515 3515 3521 3521 3517 3517 3516 3516 3522 3522 3515 3515 3518 3518 3523 3523 3516 3516 3524 3524 3518 3518 3513 3513 3519 3519 3524 3524 3513 3513 3520 3520 3519 3519 3514 3514 3525 3525 221 221 3517 3517 3526 3526 3517 3517 3521 3521 3522 3522 3521 3521 3515 3515 3523 3523 3522 3522 3516 3516 3518 3518 3527 3527 3523 3523 3524 3524 3528 3528 3518 3518 3524 3524 3519 3519 3529 3529 221 221 3525 3525 220 220 3530 3530 3525 3525 3517 3517 3521 3521 3531 3531 3526 3526 3517 3517 3526 3526 3530 3530 3522 3522 3532 3532 3521 3521 3523 3523 3532 3532 3522 3522 3528 3528 3527 3527 3518 3518 3527 3527 3533 3533 3523 3523 3524 3524 3529 3529 3528 3528 3534 3534 3529 3529 3519 3519 3525 3525 3530 3530 220 220 3521 3521 3532 3532 3531 3531 3526 3526 3531 3531 3532 3532 3535 3535 3530 3530 3526 3526 3532 3532 3523 3523 3533 3533 3528 3528 3536 3536 3527 3527 3527 3527 3537 3537 3533 3533 3528 3528 3529 3529 3538 3538 3539 3539 3529 3529 3534 3534 228 228 220 220 3530 3530 3532 3532 3540 3540 3526 3526 3530 3530 3535 3535 228 228 3526 3526 3541 3541 3535 3535 3533 3533 3537 3537 3532 3532 3536 3536 3542 3542 3527 3527 3538 3538 3536 3536 3528 3528 3527 3527 3542 3542 3537 3537 3529 3529 3543 3543 3538 3538 3529 3529 3539 3539 3544 3544 3534 3534 3545 3545 3539 3539 3540 3540 3532 3532 3537 3537 3546 3546 3526 3526 3540 3540 3535 3535 3547 3547 228 228 3526 3526 3546 3546 3541 3541 3547 3547 3535 3535 3541 3541 3536 3536 3548 3548 3542 3542 3536 3536 3538 3538 3549 3549 3542 3542 3550 3550 3537 3537 3551 3551 3538 3538 3543 3543 3544 3544 3543 3543 3529 3529 3552 3552 3544 3544 3539 3539 3545 3545 3553 3553 3539 3539 3537 3537 3554 3554 3540 3540 3540 3540 3555 3555 3546 3546 228 228 3547 3547 230 230 3546 3546 3556 3556 3541 3541 3541 3541 3556 3556 3547 3547 3542 3542 3548 3548 3550 3550 3549 3549 3548 3548 3536 3536 3557 3557 3549 3549 3538 3538 3550 3550 3558 3558 3537 3537 3551 3551 3557 3557 3538 3538 3559 3559 3551 3551 3543 3543 3543 3543 3544 3544 3560 3560 3544 3544 3552 3552 3561 3561 3539 3539 3553 3553 3552 3552 3537 3537 3558 3558 3554 3554 3540 3540 3554 3554 3555 3555 3556 3556 3546 3546 3555 3555 3547 3547 3562 3562 230 230 3563 3563 3547 3547 3556 3556 3548 3548 3564 3564 3550 3550 3549 3549 3565 3565 3548 3548 3557 3557 3565 3565 3549 3549 3550 3550 3564 3564 3558 3558 3566 3566 3557 3557 3551 3551 3543 3543 3560 3560 3559 3559 3567 3567 3551 3551 3559 3559 3544 3544 3568 3568 3560 3560 3544 3544 3561 3561 3568 3568 3553 3553 3561 3561 3552 3552 3554 3554 3558 3558 3569 3569 3570 3570 3555 3555 3554 3554 3555 3555 3570 3570 3556 3556 3547 3547 3571 3571 3562 3562 230 230 3562 3562 3572 3572 3547 3547 3563 3563 3571 3571 3563 3563 3556 3556 3570 3570 3548 3548 3573 3573 3564 3564 3565 3565 3574 3574 3548 3548 3557 3557 3575 3575 3565 3565 3564 3564 3576 3576 3558 3558 3557 3557 3566 3566 3577 3577 3578 3578 3566 3566 3551 3551 3579 3579 3559 3559 3560 3560 3578 3578 3551 3551 3567 3567 3559 3559 3580 3580 3567 3567 3568 3568 3579 3579 3560 3560 3561 3561 3581 3581 3568 3568 3558 3558 3582 3582 3569 3569 3554 3554 3569 3569 3570 3570 3571 3571 3583 3583 3562 3562 3562 3562 3583 3583 3572 3572 3563 3563 465 465 3571 3571 3570 3570 3584 3584 3563 3563 3574 3574 3573 3573 3548 3548 3573 3573 3585 3585 3564 3564 3565 3565 3575 3575 3574 3574 3502 3502 3575 3575 3557 3557 3558 3558 3576 3576 3582 3582 3576 3576 3564 3564 3585 3585 3577 3577 3502 3502 3557 3557 3580 3580 3559 3559 3579 3579 3586 3586 3578 3578 3567 3567 3580 3580 3586 3586 3567 3567 3587 3587 3579 3579 3568 3568 3568 3568 3581 3581 3587 3587 3582 3582 3588 3588 3569 3569 3589 3589 3570 3570 3569 3569 3583 3583 3571 3571 465 465 3590 3590 465 465 3563 3563 3570 3570 3589 3589 3584 3584 3590 3590 3563 3563 3584 3584 3574 3574 3585 3585 3573 3573 3575 3575 3501 3501 3574 3574 3502 3502 3501 3501 3575 3575 3588 3588 3582 3582 3576 3576 3576 3576 3585 3585 3591 3591 3587 3587 3580 3580 3579 3579 3592 3592 3586 3586 3580 3580 3587 3587 3581 3581 3592 3592 3589 3589 3569 3569 3588 3588 3590 3590 459 459 465 465 3593 3593 3584 3584 3589 3589 3584 3584 3594 3594 3590 3590 3574 3574 3595 3595 3585 3585 3595 3595 3574 3574 3501 3501 3576 3576 3596 3596 3588 3588 3591 3591 3596 3596 3576 3576 3591 3591 3585 3585 3597 3597 3592 3592 3580 3580 3587 3587 3598 3598 3586 3586 3592 3592 3581 3581 3598 3598 3592 3592 3589 3589 3588 3588 3599 3599 3594 3594 459 459 3590 3590 3589 3589 3599 3599 3593 3593 3584 3584 3593 3593 3594 3594 3595 3595 3600 3600 3585 3585 3601 3601 3595 3595 3501 3501 3588 3588 3596 3596 3599 3599 3591 3591 3602 3602 3596 3596 3597 3597 3585 3585 3600 3600 3597 3597 3603 3603 3591 3591 3594 3594 455 455 459 459 3604 3604 3593 3593 3599 3599 3593 3593 3604 3604 3594 3594 3595 3595 3605 3605 3600 3600 3601 3601 3605 3605 3595 3595 3596 3596 3606 3606 3599 3599 3602 3602 3606 3606 3596 3596 3602 3602 3591 3591 3603 3603 3600 3600 3607 3607 3597 3597 3603 3603 3597 3597 3608 3608 455 455 3594 3594 3604 3604 3599 3599 3609 3609 3604 3604 3605 3605 3607 3607 3600 3600 3609 3609 3599 3599 3606 3606 3602 3602 3610 3610 3606 3606 3603 3603 3611 3611 3602 3602 3607 3607 3612 3612 3597 3597 3597 3597 3612 3612 3608 3608 472 472 3603 3603 3608 3608 3604 3604 448 448 455 455 448 448 3604 3604 3609 3609 3605 3605 3612 3612 3607 3607 3606 3606 3613 3613 3609 3609 3613 3613 3606 3606 3610 3610 3611 3611 3610 3610 3602 3602 3611 3611 3603 3603 472 472 477 477 3608 3608 3612 3612 472 472 3608 3608 477 477 3609 3609 454 454 448 448 454 454 3609 3609 3613 3613 3610 3610 466 466 3613 3613 3610 3610 3611 3611 472 472 454 454 3613 3613 466 466 466 466 3610 3610 472 472 2799 2799 2797 2797 2798 2798 2802 2802 2799 2799 2801 2801 2806 2806 2802 2802 2805 2805 3614 3614 3615 3615 3616 3616 3615 3615 3614 3614 3617 3617 3618 3618 3616 3616 3615 3615 3616 3616 3619 3619 3614 3614 3617 3617 3614 3614 3620 3620 3621 3621 3615 3615 3617 3617 3616 3616 3618 3618 3622 3622 3615 3615 3623 3623 3618 3618 3619 3619 3616 3616 3622 3622 3624 3624 3614 3614 3619 3619 3624 3624 3620 3620 3614 3614 3617 3617 3620 3620 3625 3625 3623 3623 3615 3615 3621 3621 3621 3621 3617 3617 3626 3626 3618 3618 3627 3627 3622 3622 3628 3628 3618 3618 3623 3623 3629 3629 3619 3619 3622 3622 3619 3619 3629 3629 3624 3624 3620 3620 3624 3624 3630 3630 3630 3630 3625 3625 3620 3620 3625 3625 3631 3631 3617 3617 3623 3623 3621 3621 3626 3626 3626 3626 3617 3617 3631 3631 3618 3618 3628 3628 3627 3627 3622 3622 3627 3627 3632 3632 3633 3633 3628 3628 3623 3623 3622 3622 3634 3634 3629 3629 3635 3635 3624 3624 3629 3629 3636 3636 3630 3630 3624 3624 3625 3625 3630 3630 3637 3637 3631 3631 3625 3625 3638 3638 3626 3626 3633 3633 3623 3623 3631 3631 3639 3639 3626 3626 3640 3640 3627 3627 3628 3628 3641 3641 3632 3632 3627 3627 3632 3632 3642 3642 3622 3622 3643 3643 3628 3628 3633 3633 3644 3644 3629 3629 3634 3634 3634 3634 3622 3622 3642 3642 3635 3635 3629 3629 3645 3645 3624 3624 3635 3635 3636 3636 3630 3630 3636 3636 3646 3646 3630 3630 3646 3646 3637 3637 3637 3637 3638 3638 3625 3625 3647 3647 3631 3631 3638 3638 3626 3626 3648 3648 3633 3633 3631 3631 3647 3647 3639 3639 3626 3626 3639 3639 3647 3647 3627 3627 3640 3640 3641 3641 3640 3640 3628 3628 3643 3643 3641 3641 3649 3649 3632 3632 3632 3632 3650 3650 3642 3642 3651 3651 3643 3643 3633 3633 3645 3645 3629 3629 3644 3644 3644 3644 3634 3634 3652 3652 3642 3642 3653 3653 3634 3634 3635 3635 3645 3645 3636 3636 3636 3636 3654 3654 3646 3646 3655 3655 3637 3637 3646 3646 3638 3638 3637 3637 3655 3655 3638 3638 3656 3656 3647 3647 3633 3633 3648 3648 3657 3657 3626 3626 3658 3658 3648 3648 3647 3647 3659 3659 3626 3626 3660 3660 3641 3641 3640 3640 3661 3661 3640 3640 3643 3643 3662 3662 3649 3649 3641 3641 3649 3649 3663 3663 3632 3632 3632 3632 3663 3663 3650 3650 3650 3650 3664 3664 3642 3642 3651 3651 3633 3633 3657 3657 3665 3665 3643 3643 3651 3651 3644 3644 3666 3666 3645 3645 3666 3666 3644 3644 3652 3652 3634 3634 3653 3653 3652 3652 3642 3642 3664 3664 3653 3653 3667 3667 3636 3636 3645 3645 3636 3636 3668 3668 3654 3654 3669 3669 3655 3655 3646 3646 3655 3655 3670 3670 3638 3638 3656 3656 3638 3638 3670 3670 3659 3659 3647 3647 3656 3656 3657 3657 3648 3648 3671 3671 3658 3658 3671 3671 3648 3648 3626 3626 3659 3659 3658 3658 3661 3661 3660 3660 3640 3640 3672 3672 3641 3641 3660 3660 3665 3665 3661 3661 3643 3643 3673 3673 3649 3649 3662 3662 3674 3674 3662 3662 3641 3641 3649 3649 3675 3675 3663 3663 3650 3650 3663 3663 3675 3675 3664 3664 3650 3650 3676 3676 3651 3651 3657 3657 3677 3677 3665 3665 3651 3651 3678 3678 3666 3666 3679 3679 3645 3645 3666 3666 3652 3652 3680 3680 3653 3653 3680 3680 3652 3652 3664 3664 3681 3681 3653 3653 3636 3636 3667 3667 3668 3668 3645 3645 3682 3682 3667 3667 3670 3670 3655 3655 3683 3683 3656 3656 3670 3670 3684 3684 3656 3656 3685 3685 3659 3659 3677 3677 3657 3657 3671 3671 3686 3686 3671 3671 3658 3658 3659 3659 3687 3687 3658 3658 3688 3688 3660 3660 3661 3661 3672 3672 3674 3674 3641 3641 3689 3689 3672 3672 3660 3660 3661 3661 3665 3665 3688 3688 3673 3673 3690 3690 3649 3649 3691 3691 3673 3673 3662 3662 3662 3662 3674 3674 3691 3691 3690 3690 3675 3675 3649 3649 3675 3675 3676 3676 3650 3650 3664 3664 3676 3676 3692 3692 3678 3678 3651 3651 3677 3677 3693 3693 3665 3665 3678 3678 3645 3645 3679 3679 3682 3682 3680 3680 3694 3694 3666 3666 3680 3680 3653 3653 3681 3681 3692 3692 3681 3681 3664 3664 3683 3683 3684 3684 3670 3670 3685 3685 3656 3656 3684 3684 3687 3687 3659 3659 3685 3685 3677 3677 3671 3671 3695 3695 3687 3687 3686 3686 3658 3658 3686 3686 3696 3696 3671 3671 3688 3688 3689 3689 3660 3660 3697 3697 3674 3674 3672 3672 3689 3689 3697 3697 3672 3672 3698 3698 3688 3688 3665 3665 3699 3699 3690 3690 3673 3673 3691 3691 3699 3699 3673 3673 3697 3697 3691 3691 3674 3674 3675 3675 3690 3690 3700 3700 3675 3675 3700 3700 3676 3676 3692 3692 3676 3676 3701 3701 3678 3678 3677 3677 3702 3702 3698 3698 3665 3665 3693 3693 3703 3703 3693 3693 3678 3678 3680 3680 3704 3704 3694 3694 3681 3681 3705 3705 3680 3680 3681 3681 3692 3692 3706 3706 3684 3684 3683 3683 3707 3707 3685 3685 3684 3684 3707 3707 3685 3685 3708 3708 3687 3687 3696 3696 3695 3695 3671 3671 3677 3677 3695 3695 3702 3702 3709 3709 3686 3686 3687 3687 3686 3686 3709 3709 3696 3696 3710 3710 3689 3689 3688 3688 3711 3711 3697 3697 3689 3689 3710 3710 3688 3688 3698 3698 3699 3699 3712 3712 3690 3690 3713 3713 3699 3699 3691 3691 3714 3714 3691 3691 3697 3697 3712 3712 3700 3700 3690 3690 3700 3700 3715 3715 3676 3676 3715 3715 3701 3701 3676 3676 3701 3701 3706 3706 3692 3692 3716 3716 3678 3678 3702 3702 3717 3717 3698 3698 3693 3693 3718 3718 3693 3693 3703 3703 3703 3703 3678 3678 3716 3716 3705 3705 3704 3704 3680 3680 3681 3681 3719 3719 3705 3705 3706 3706 3720 3720 3681 3681 3707 3707 3683 3683 3721 3721 3707 3707 3722 3722 3685 3685 3685 3685 3723 3723 3708 3708 3687 3687 3708 3708 3723 3723 3724 3724 3695 3695 3696 3696 3702 3702 3695 3695 3724 3724 3709 3709 3687 3687 3725 3725 3696 3696 3709 3709 3726 3726 3727 3727 3689 3689 3710 3710 3711 3711 3714 3714 3697 3697 3728 3728 3711 3711 3689 3689 3717 3717 3710 3710 3698 3698 3713 3713 3712 3712 3699 3699 3714 3714 3713 3713 3691 3691 3712 3712 3729 3729 3700 3700 3729 3729 3715 3715 3700 3700 3706 3706 3701 3701 3730 3730 3716 3716 3702 3702 3731 3731 3718 3718 3717 3717 3693 3693 3718 3718 3703 3703 3732 3732 3733 3733 3703 3703 3716 3716 3704 3704 3705 3705 3719 3719 3719 3719 3681 3681 3720 3720 3720 3720 3706 3706 3734 3734 3735 3735 3707 3707 3721 3721 3722 3722 3707 3707 3735 3735 3723 3723 3685 3685 3722 3722 3723 3723 3736 3736 3687 3687 3726 3726 3724 3724 3696 3696 3702 3702 3724 3724 3737 3737 3726 3726 3709 3709 3725 3725 3725 3725 3687 3687 3736 3736 3727 3727 3710 3710 3738 3738 3727 3727 3728 3728 3689 3689 3739 3739 3714 3714 3711 3711 3740 3740 3711 3711 3728 3728 3738 3738 3710 3710 3717 3717 3713 3713 3741 3741 3712 3712 3742 3742 3713 3713 3714 3714 3706 3706 3730 3730 3734 3734 3731 3731 3702 3702 3737 3737 3716 3716 3731 3731 3743 3743 3718 3718 3744 3744 3717 3717 3732 3732 3703 3703 3733 3733 3744 3744 3718 3718 3732 3732 3745 3745 3733 3733 3716 3716 3719 3719 3746 3746 3704 3704 3720 3720 3747 3747 3719 3719 3734 3734 3747 3747 3720 3720 3735 3735 3721 3721 3748 3748 3735 3735 3749 3749 3722 3722 3722 3722 3750 3750 3723 3723 3736 3736 3723 3723 3750 3750 3724 3724 3726 3726 3751 3751 3737 3737 3724 3724 3752 3752 3725 3725 3751 3751 3726 3726 3725 3725 3736 3736 3750 3750 3753 3753 3727 3727 3738 3738 3728 3728 3727 3727 3740 3740 3714 3714 3739 3739 3754 3754 3740 3740 3739 3739 3711 3711 3755 3755 3738 3738 3717 3717 3756 3756 3741 3741 3713 3713 3742 3742 3757 3757 3713 3713 3742 3742 3714 3714 3754 3754 3743 3743 3731 3731 3737 3737 3758 3758 3716 3716 3743 3743 3755 3755 3717 3717 3744 3744 3759 3759 3732 3732 3733 3733 3732 3732 3759 3759 3744 3744 3760 3760 3733 3733 3745 3745 3745 3745 3716 3716 3758 3758 3746 3746 3719 3719 3747 3747 3746 3746 3747 3747 3734 3734 3761 3761 3735 3735 3748 3748 3749 3749 3735 3735 3761 3761 3762 3762 3722 3722 3749 3749 3722 3722 3762 3762 3750 3750 3752 3752 3724 3724 3751 3751 3763 3763 3737 3737 3752 3752 3764 3764 3751 3751 3725 3725 3750 3750 3765 3765 3725 3725 3727 3727 3753 3753 3766 3766 3753 3753 3738 3738 3755 3755 3766 3766 3740 3740 3727 3727 3767 3767 3754 3754 3739 3739 3768 3768 3739 3739 3740 3740 3757 3757 3756 3756 3713 3713 3769 3769 3757 3757 3742 3742 3770 3770 3742 3742 3754 3754 3743 3743 3737 3737 3771 3771 3758 3758 3743 3743 3772 3772 3744 3744 3773 3773 3755 3755 3759 3759 3733 3733 3760 3760 3774 3774 3744 3744 3759 3759 3775 3775 3760 3760 3745 3745 3758 3758 3775 3775 3745 3745 3761 3761 3776 3776 3749 3749 3765 3765 3762 3762 3749 3749 3765 3765 3750 3750 3762 3762 3777 3777 3752 3752 3751 3751 3777 3777 3763 3763 3752 3752 3771 3771 3737 3737 3763 3763 3764 3764 3778 3778 3751 3751 3764 3764 3725 3725 3765 3765 3779 3779 3753 3753 3755 3755 3766 3766 3768 3768 3740 3740 3767 3767 3780 3780 3754 3754 3768 3768 3767 3767 3739 3739 3742 3742 3770 3770 3769 3769 3780 3780 3770 3770 3754 3754 3772 3772 3743 3743 3771 3771 3775 3775 3758 3758 3772 3772 3773 3773 3744 3744 3781 3781 3755 3755 3773 3773 3782 3782 3783 3783 3759 3759 3760 3760 3759 3759 3783 3783 3774 3774 3781 3781 3744 3744 3774 3774 3784 3784 3760 3760 3775 3775 3776 3776 3761 3761 3785 3785 3786 3786 3749 3749 3776 3776 3749 3749 3786 3786 3765 3765 3777 3777 3751 3751 3778 3778 3763 3763 3777 3777 3778 3778 3771 3771 3763 3763 3787 3787 3778 3778 3764 3764 3788 3788 3764 3764 3765 3765 3786 3786 3789 3789 3779 3779 3755 3755 3780 3780 3767 3767 3790 3790 3767 3767 3768 3768 3791 3791 3792 3792 3769 3769 3770 3770 3770 3770 3780 3780 3792 3792 3772 3772 3771 3771 3793 3793 3794 3794 3775 3775 3772 3772 3795 3795 3773 3773 3781 3781 3782 3782 3789 3789 3755 3755 3796 3796 3782 3782 3773 3773 3760 3760 3797 3797 3783 3783 3774 3774 3783 3783 3797 3797 3774 3774 3798 3798 3781 3781 3784 3784 3797 3797 3760 3760 3799 3799 3784 3784 3775 3775 3776 3776 3800 3800 3786 3786 3763 3763 3778 3778 3787 3787 3801 3801 3771 3771 3787 3787 3802 3802 3788 3788 3764 3764 3803 3803 3778 3778 3788 3788 3786 3786 3802 3802 3764 3764 3790 3790 3792 3792 3780 3780 3767 3767 3791 3791 3790 3790 3793 3793 3771 3771 3801 3801 3804 3804 3772 3772 3793 3793 3794 3794 3772 3772 3804 3804 3805 3805 3775 3775 3794 3794 3796 3796 3773 3773 3795 3795 3781 3781 3806 3806 3795 3795 3807 3807 3774 3774 3797 3797 3774 3774 3808 3808 3798 3798 3806 3806 3781 3781 3798 3798 3799 3799 3797 3797 3784 3784 3775 3775 3805 3805 3799 3799 3802 3802 3786 3786 3800 3800 3787 3787 3778 3778 3803 3803 3801 3801 3787 3787 3809 3809 3810 3810 3793 3793 3801 3801 3804 3804 3793 3793 3811 3811 3804 3804 3812 3812 3794 3794 3813 3813 3805 3805 3794 3794 3814 3814 3796 3796 3795 3795 3814 3814 3795 3795 3806 3806 3774 3774 3807 3807 3808 3808 3815 3815 3807 3807 3797 3797 3806 3806 3798 3798 3808 3808 3815 3815 3797 3797 3799 3799 3816 3816 3799 3799 3805 3805 3787 3787 3803 3803 3809 3809 3801 3801 3809 3809 3817 3817 3818 3818 3810 3810 3801 3801 3811 3811 3793 3793 3810 3810 3811 3811 3819 3819 3804 3804 3804 3804 3820 3820 3812 3812 3794 3794 3812 3812 3813 3813 3821 3821 3805 3805 3813 3813 3806 3806 3822 3822 3814 3814 3807 3807 3823 3823 3808 3808 3815 3815 3824 3824 3807 3807 3825 3825 3806 3806 3808 3808 3826 3826 3815 3815 3799 3799 3799 3799 3816 3816 3827 3827 3821 3821 3816 3816 3805 3805 3809 3809 3803 3803 3828 3828 3817 3817 3818 3818 3801 3801 3817 3817 3809 3809 3829 3829 3830 3830 3810 3810 3818 3818 3811 3811 3810 3810 3830 3830 3819 3819 3811 3811 3830 3830 3831 3831 3804 3804 3819 3819 3820 3820 3804 3804 3831 3831 3820 3820 3832 3832 3812 3812 3821 3821 3813 3813 3812 3812 3822 3822 3806 3806 3833 3833 3825 3825 3808 3808 3823 3823 3824 3824 3823 3823 3807 3807 3826 3826 3824 3824 3815 3815 3833 3833 3806 3806 3825 3825 3827 3827 3826 3826 3799 3799 3816 3816 3834 3834 3827 3827 3835 3835 3816 3816 3821 3821 3829 3829 3809 3809 3828 3828 3818 3818 3817 3817 3829 3829 3819 3819 3830 3830 3836 3836 3837 3837 3831 3831 3819 3819 3832 3832 3820 3820 3831 3831 3832 3832 3838 3838 3812 3812 3812 3812 3839 3839 3821 3821 3840 3840 3825 3825 3823 3823 3826 3826 3823 3823 3824 3824 3833 3833 3825 3825 3840 3840 3841 3841 3826 3826 3827 3827 3842 3842 3827 3827 3834 3834 3834 3834 3816 3816 3835 3835 3835 3835 3821 3821 3839 3839 3837 3837 3819 3819 3836 3836 3843 3843 3831 3831 3837 3837 3831 3831 3843 3843 3832 3832 3838 3838 3832 3832 3843 3843 3844 3844 3812 3812 3838 3838 3844 3844 3839 3839 3812 3812 3840 3840 3823 3823 3826 3826 3840 3840 3841 3841 3833 3833 3826 3826 3841 3841 3840 3840 3827 3827 3842 3842 3841 3841 3842 3842 3834 3834 3835 3835 3845 3845 3835 3835 3839 3839 3846 3846 3843 3843 3837 3837 3843 3843 3846 3846 3838 3838 3844 3844 3838 3838 3847 3847 3845 3845 3839 3839 3844 3844 3848 3848 3833 3833 3841 3841 3849 3849 3841 3841 3842 3842 3850 3850 3842 3842 3835 3835 3851 3851 3835 3835 3845 3845 3837 3837 3852 3852 3846 3846 3847 3847 3838 3838 3846 3846 3853 3853 3844 3844 3847 3847 3854 3854 3845 3845 3844 3844 3848 3848 3841 3841 3849 3849 3849 3849 3842 3842 3850 3850 3835 3835 3851 3851 3850 3850 3845 3845 3855 3855 3851 3851 3856 3856 3846 3846 3852 3852 3846 3846 3856 3856 3847 3847 3853 3853 3854 3854 3844 3844 3857 3857 3853 3853 3847 3847 3845 3845 3854 3854 3855 3855 3858 3858 3848 3848 3849 3849 3859 3859 3849 3849 3850 3850 3860 3860 3850 3850 3851 3851 3860 3860 3851 3851 3855 3855 3861 3861 3856 3856 3852 3852 3856 3856 3861 3861 3847 3847 3862 3862 3854 3854 3853 3853 3847 3847 3863 3863 3857 3857 3857 3857 3864 3864 3853 3853 3865 3865 3855 3855 3854 3854 3849 3849 3859 3859 3858 3858 3850 3850 3860 3860 3859 3859 3855 3855 3866 3866 3860 3860 3861 3861 3852 3852 3867 3867 3861 3861 3863 3863 3847 3847 3854 3854 3862 3862 3865 3865 3853 3853 3864 3864 3862 3862 3868 3868 3857 3857 3863 3863 3857 3857 3868 3868 3864 3864 3865 3865 3866 3866 3855 3855 3859 3859 3869 3869 3858 3858 3870 3870 3859 3859 3860 3860 3866 3866 3870 3870 3860 3860 3867 3867 3852 3852 3871 3871 3872 3872 3861 3861 3867 3867 3861 3861 3872 3872 3863 3863 3862 3862 3866 3866 3865 3865 3873 3873 3862 3862 3864 3864 3863 3863 3874 3874 3868 3868 3875 3875 3864 3864 3868 3868 3870 3870 3869 3869 3859 3859 3876 3876 3858 3858 3869 3869 3866 3866 3877 3877 3870 3870 3878 3878 3867 3867 3871 3871 3872 3872 3867 3867 3878 3878 3874 3874 3863 3863 3872 3872 3877 3877 3866 3866 3862 3862 3873 3873 3879 3879 3862 3862 3873 3873 3864 3864 3875 3875 3875 3875 3868 3868 3874 3874 3870 3870 3880 3880 3869 3869 3881 3881 3876 3876 3869 3869 3877 3877 3880 3880 3870 3870 3878 3878 3871 3871 3882 3882 3883 3883 3872 3872 3878 3878 3872 3872 3884 3884 3874 3874 3879 3879 3877 3877 3862 3862 3885 3885 3879 3879 3873 3873 3885 3885 3873 3873 3875 3875 3874 3874 3886 3886 3875 3875 3880 3880 3887 3887 3869 3869 3887 3887 3881 3881 3869 3869 3888 3888 3876 3876 3881 3881 3877 3877 3887 3887 3880 3880 3883 3883 3878 3878 3882 3882 3884 3884 3872 3872 3883 3883 3874 3874 3884 3884 3886 3886 3879 3879 3889 3889 3877 3877 3890 3890 3879 3879 3885 3885 3886 3886 3885 3885 3875 3875 3891 3891 3881 3881 3887 3887 3892 3892 3888 3888 3881 3881 3891 3891 3887 3887 3877 3877 3882 3882 3893 3893 3883 3883 3894 3894 3884 3884 3883 3883 3894 3894 3886 3886 3884 3884 3895 3895 3889 3889 3879 3879 3891 3891 3877 3877 3889 3889 3890 3890 3895 3895 3879 3879 3896 3896 3890 3890 3885 3885 3897 3897 3885 3885 3886 3886 3881 3881 3891 3891 3892 3892 3898 3898 3888 3888 3892 3892 3899 3899 3883 3883 3893 3893 3883 3883 3900 3900 3894 3894 3894 3894 3901 3901 3886 3886 3895 3895 3891 3891 3889 3889 3902 3902 3895 3895 3890 3890 3896 3896 3902 3902 3890 3890 3897 3897 3896 3896 3885 3885 3901 3901 3897 3897 3886 3886 3903 3903 3892 3892 3891 3891 3903 3903 3898 3898 3892 3892 3900 3900 3883 3883 3899 3899 3904 3904 3899 3899 3893 3893 3901 3901 3894 3894 3900 3900 3905 3905 3891 3891 3895 3895 3906 3906 3895 3895 3902 3902 3907 3907 3902 3902 3896 3896 3908 3908 3896 3896 3897 3897 3901 3901 3909 3909 3897 3897 3903 3903 3891 3891 3905 3905 3910 3910 3898 3898 3903 3903 3899 3899 3904 3904 3900 3900 3911 3911 3904 3904 3893 3893 3912 3912 3901 3901 3900 3900 3906 3906 3905 3905 3895 3895 3902 3902 3913 3913 3906 3906 3913 3913 3902 3902 3907 3907 3896 3896 3914 3914 3907 3907 3908 3908 3897 3897 3909 3909 3914 3914 3896 3896 3908 3908 3901 3901 3912 3912 3909 3909 3906 3906 3903 3903 3905 3905 3915 3915 3910 3910 3903 3903 3910 3910 3916 3916 3898 3898 3917 3917 3900 3900 3904 3904 3904 3904 3911 3911 3917 3917 3900 3900 3918 3918 3912 3912 3919 3919 3906 3906 3913 3913 3914 3914 3913 3913 3907 3907 3908 3908 3909 3909 3920 3920 3921 3921 3914 3914 3908 3908 3922 3922 3909 3909 3912 3912 3923 3923 3903 3903 3906 3906 3915 3915 3924 3924 3910 3910 3915 3915 3903 3903 3923 3923 3910 3910 3924 3924 3916 3916 3918 3918 3900 3900 3917 3917 3925 3925 3917 3917 3911 3911 3918 3918 3922 3922 3912 3912 3923 3923 3906 3906 3919 3919 3926 3926 3919 3919 3913 3913 3913 3913 3914 3914 3926 3926 3927 3927 3908 3908 3920 3920 3920 3920 3909 3909 3922 3922 3927 3927 3921 3921 3908 3908 3928 3928 3914 3914 3921 3921 3929 3929 3924 3924 3915 3915 3930 3930 3915 3915 3923 3923 3924 3924 3931 3931 3916 3916 3918 3918 3917 3917 3925 3925 3918 3918 3932 3932 3922 3922 3933 3933 3923 3923 3919 3919 3933 3933 3919 3919 3926 3926 3928 3928 3926 3926 3914 3914 3927 3927 3920 3920 3932 3932 3932 3932 3920 3920 3922 3922 3934 3934 3921 3921 3927 3927 3935 3935 3928 3928 3921 3921 3924 3924 3929 3929 3936 3936 3937 3937 3929 3929 3915 3915 3915 3915 3930 3930 3937 3937 3938 3938 3930 3930 3923 3923 3924 3924 3939 3939 3931 3931 3931 3931 3940 3940 3916 3916 3925 3925 3941 3941 3918 3918 3918 3918 3941 3941 3932 3932 3938 3938 3923 3923 3933 3933 3942 3942 3933 3933 3926 3926 3926 3926 3928 3928 3942 3942 3943 3943 3927 3927 3932 3932 3944 3944 3934 3934 3927 3927 3921 3921 3934 3934 3935 3935 3928 3928 3935 3935 3945 3945 3936 3936 3939 3939 3924 3924 3946 3946 3936 3936 3929 3929 3929 3929 3937 3937 3946 3946 3930 3930 3947 3947 3937 3937 3930 3930 3938 3938 3947 3947 3931 3931 3939 3939 3940 3940 3948 3948 3941 3941 3925 3925 3949 3949 3932 3932 3941 3941 3950 3950 3938 3938 3933 3933 3933 3933 3942 3942 3950 3950 3945 3945 3942 3942 3928 3928 3944 3944 3927 3927 3943 3943 3951 3951 3943 3943 3932 3932 3934 3934 3944 3944 3952 3952 3952 3952 3935 3935 3934 3934 3953 3953 3945 3945 3935 3935 3939 3939 3936 3936 3954 3954 3946 3946 3955 3955 3936 3936 3956 3956 3946 3946 3937 3937 3957 3957 3937 3937 3947 3947 3950 3950 3947 3947 3938 3938 3939 3939 3958 3958 3940 3940 3949 3949 3941 3941 3948 3948 3951 3951 3932 3932 3949 3949 3945 3945 3950 3950 3942 3942 3959 3959 3944 3944 3943 3943 3959 3959 3943 3943 3951 3951 3960 3960 3952 3952 3944 3944 3952 3952 3961 3961 3935 3935 3953 3953 3962 3962 3945 3945 3963 3963 3953 3953 3935 3935 3954 3954 3958 3958 3939 3939 3955 3955 3954 3954 3936 3936 3955 3955 3946 3946 3964 3964 3946 3946 3956 3956 3965 3965 3937 3937 3966 3966 3956 3956 3966 3966 3937 3937 3957 3957 3957 3957 3947 3947 3950 3950 3967 3967 3949 3949 3948 3948 3967 3967 3951 3951 3949 3949 3968 3968 3950 3950 3945 3945 3944 3944 3959 3959 3960 3960 3969 3969 3959 3959 3951 3951 3961 3961 3952 3952 3960 3960 3963 3963 3935 3935 3961 3961 3945 3945 3962 3962 3968 3968 3953 3953 3963 3963 3962 3962 3958 3958 3954 3954 3970 3970 3955 3955 3970 3970 3954 3954 3965 3965 3964 3964 3946 3946 3964 3964 3971 3971 3955 3955 3972 3972 3965 3965 3956 3956 3973 3973 3956 3956 3966 3966 3974 3974 3966 3966 3957 3957 3975 3975 3957 3957 3950 3950 3976 3976 3951 3951 3967 3967 3975 3975 3950 3950 3968 3968 3977 3977 3960 3960 3959 3959 3969 3969 3951 3951 3976 3976 3959 3959 3969 3969 3978 3978 3979 3979 3961 3961 3960 3960 3961 3961 3979 3979 3963 3963 3980 3980 3968 3968 3962 3962 3981 3981 3962 3962 3963 3963 3958 3958 3970 3970 3982 3982 3970 3970 3955 3955 3971 3971 3972 3972 3964 3964 3965 3965 3983 3983 3971 3971 3964 3964 3973 3973 3972 3972 3956 3956 3974 3974 3973 3973 3966 3966 3974 3974 3957 3957 3984 3984 3984 3984 3957 3957 3975 3975 3985 3985 3975 3975 3968 3968 3986 3986 3960 3960 3977 3977 3959 3959 3978 3978 3977 3977 3987 3987 3969 3969 3976 3976 3978 3978 3969 3969 3987 3987 3960 3960 3986 3986 3979 3979 3988 3988 3963 3963 3979 3979 3968 3968 3980 3980 3985 3985 3981 3981 3980 3980 3962 3962 3988 3988 3981 3981 3963 3963 3971 3971 3982 3982 3970 3970 3989 3989 3964 3964 3972 3972 3989 3989 3983 3983 3964 3964 3972 3972 3973 3973 3990 3990 3991 3991 3973 3973 3974 3974 3984 3984 3992 3992 3974 3974 3984 3984 3975 3975 3985 3985 3977 3977 3993 3993 3986 3986 3993 3993 3977 3977 3978 3978 3976 3976 3994 3994 3987 3987 3995 3995 3978 3978 3987 3987 3996 3996 3979 3979 3986 3986 3996 3996 3988 3988 3979 3979 3997 3997 3985 3985 3980 3980 3981 3981 3997 3997 3980 3980 3998 3998 3981 3981 3988 3988 3989 3989 3972 3972 3999 3999 3999 3999 3983 3983 3989 3989 3990 3990 3973 3973 3991 3991 3999 3999 3972 3972 3990 3990 3974 3974 4000 4000 3991 3991 3984 3984 3985 3985 3992 3992 4000 4000 3974 3974 3992 3992 3993 3993 4001 4001 3986 3986 4002 4002 3993 3993 3978 3978 3994 3994 3976 3976 4003 4003 4004 4004 3987 3987 3994 3994 3995 3995 3987 3987 4004 4004 3978 3978 3995 3995 4002 4002 3996 3996 3986 3986 4001 4001 4005 4005 3988 3988 3996 3996 3997 3997 3992 3992 3985 3985 4006 4006 3997 3997 3981 3981 3998 3998 4007 4007 3981 3981 4005 4005 3998 3998 3988 3988 4008 4008 3990 3990 3991 3991 4008 4008 3999 3999 3990 3990 4009 4009 3991 3991 4000 4000 3992 3992 4010 4010 4000 4000 4001 4001 3993 3993 4002 4002 4011 4011 3994 3994 4003 4003 3994 3994 4012 4012 4004 4004 4013 4013 3995 3995 4004 4004 4014 4014 4002 4002 3995 3995 4015 4015 3996 3996 4001 4001 4016 4016 4005 4005 3996 3996 4006 4006 3992 3992 3997 3997 4007 4007 4006 4006 3981 3981 4017 4017 4007 4007 3998 3998 4017 4017 3998 3998 4005 4005 4009 4009 4008 4008 3991 3991 4018 4018 4009 4009 4000 4000 4010 4010 3992 3992 4006 4006 4018 4018 4000 4000 4010 4010 4002 4002 4015 4015 4001 4001 4012 4012 3994 3994 4011 4011 4004 4004 4012 4012 4013 4013 4013 4013 4014 4014 3995 3995 4019 4019 4002 4002 4014 4014 4016 4016 3996 3996 4015 4015 4020 4020 4005 4005 4016 4016 4021 4021 4006 4006 4007 4007 4007 4007 4017 4017 4021 4021 4022 4022 4017 4017 4005 4005 4023 4023 4010 4010 4006 4006 4018 4018 4010 4010 4023 4023 4015 4015 4002 4002 4019 4019 4024 4024 4012 4012 4011 4011 4024 4024 4013 4013 4012 4012 4019 4019 4014 4014 4013 4013 4016 4016 4015 4015 4025 4025 4005 4005 4020 4020 4022 4022 4016 4016 4026 4026 4020 4020 4006 4006 4021 4021 4023 4023 4021 4021 4017 4017 4023 4023 4027 4027 4017 4017 4022 4022 4018 4018 4023 4023 4027 4027 4028 4028 4015 4015 4019 4019 4011 4011 4029 4029 4024 4024 4030 4030 4013 4013 4024 4024 4019 4019 4013 4013 4030 4030 4025 4025 4015 4015 4028 4028 4031 4031 4016 4016 4025 4025 4016 4016 4032 4032 4026 4026 4027 4027 4023 4023 4017 4017 4033 4033 4028 4028 4019 4019 4034 4034 4024 4024 4029 4029 4030 4030 4024 4024 4035 4035 4033 4033 4019 4019 4030 4030 4036 4036 4025 4025 4028 4028 4032 4032 4016 4016 4031 4031 4031 4031 4025 4025 4036 4036 4036 4036 4028 4028 4033 4033 4035 4035 4024 4024 4034 4034 4037 4037 4030 4030 4035 4035 4037 4037 4033 4033 4030 4030 4032 4032 4031 4031 4038 4038 4038 4038 4031 4031 4036 4036 4039 4039 4036 4036 4033 4033 4037 4037 4039 4039 4033 4033 4038 4038 4036 4036 4039 4039 3519 3519 3520 3520 223 223 206 206 223 223 3520 3520 3519 3519 223 223 3534 3534 206 206 3520 3520 187 187 3545 3545 3534 3534 223 223 2808 2808 2806 2806 2807 2807 2811 2811 2808 2808 2810 2810 4040 4040 4041 4041 4042 4042 4043 4043 4041 4041 4040 4040 4041 4041 4044 4044 4042 4042 4041 4041 4043 4043 4045 4045 4040 4040 4046 4046 4043 4043 4047 4047 4042 4042 4044 4044 4048 4048 4044 4044 4041 4041 4049 4049 4045 4045 4043 4043 4045 4045 4048 4048 4041 4041 4046 4046 4050 4050 4043 4043 4044 4044 4051 4051 4047 4047 4048 4048 4052 4052 4044 4044 4049 4049 4053 4053 4045 4045 4049 4049 4043 4043 4050 4050 4045 4045 4054 4054 4048 4048 4051 4051 4044 4044 4052 4052 4048 4048 4054 4054 4052 4052 4055 4055 4053 4053 4049 4049 4053 4053 4054 4054 4045 4045 4056 4056 4049 4049 4050 4050 4052 4052 4057 4057 4051 4051 4054 4054 4058 4058 4052 4052 4053 4053 4055 4055 4059 4059 4056 4056 4055 4055 4049 4049 4054 4054 4053 4053 4060 4060 4052 4052 4058 4058 4057 4057 4051 4051 4057 4057 4061 4061 4054 4054 4060 4060 4058 4058 4059 4059 4062 4062 4053 4053 4056 4056 4059 4059 4055 4055 4063 4063 4060 4060 4053 4053 4058 4058 4064 4064 4057 4057 4061 4061 4057 4057 4065 4065 4064 4064 4058 4058 4060 4060 4059 4059 4066 4066 4062 4062 4062 4062 4063 4063 4053 4053 4067 4067 4059 4059 4056 4056 4060 4060 4063 4063 4068 4068 4065 4065 4057 4057 4064 4064 4064 4064 4060 4060 4069 4069 4066 4066 4063 4063 4062 4062 4070 4070 4066 4066 4059 4059 4071 4071 4059 4059 4067 4067 4072 4072 4067 4067 4056 4056 4063 4063 4073 4073 4068 4068 4060 4060 4068 4068 4074 4074 4064 4064 4075 4075 4065 4065 4060 4060 4074 4074 4069 4069 4075 4075 4064 4064 4069 4069 4066 4066 4076 4076 4063 4063 4070 4070 4077 4077 4066 4066 4071 4071 4070 4070 4059 4059 4067 4067 4072 4072 4071 4071 4076 4076 4073 4073 4063 4063 4073 4073 4078 4078 4068 4068 4074 4074 4068 4068 4078 4078 4079 4079 4065 4065 4075 4075 4074 4074 4080 4080 4069 4069 4069 4069 4081 4081 4075 4075 4077 4077 4076 4076 4066 4066 4082 4082 4077 4077 4070 4070 4083 4083 4070 4070 4071 4071 4076 4076 4084 4084 4073 4073 4078 4078 4073 4073 4085 4085 4078 4078 4080 4080 4074 4074 4075 4075 4086 4086 4079 4079 4081 4081 4069 4069 4080 4080 4081 4081 4086 4086 4075 4075 4077 4077 4087 4087 4076 4076 4088 4088 4077 4077 4082 4082 4089 4089 4082 4082 4070 4070 4090 4090 4070 4070 4083 4083 4091 4091 4083 4083 4071 4071 4084 4084 4085 4085 4073 4073 4087 4087 4084 4084 4076 4076 4085 4085 4092 4092 4078 4078 4078 4078 4093 4093 4080 4080 4080 4080 4094 4094 4081 4081 4081 4081 4095 4095 4086 4086 4096 4096 4087 4087 4077 4077 4088 4088 4096 4096 4077 4077 4097 4097 4088 4088 4082 4082 4082 4082 4089 4089 4097 4097 4070 4070 4090 4090 4089 4089 4098 4098 4090 4090 4083 4083 4083 4083 4091 4091 4098 4098 4084 4084 4099 4099 4085 4085 4087 4087 4100 4100 4084 4084 4078 4078 4092 4092 4093 4093 4099 4099 4092 4092 4085 4085 4093 4093 4101 4101 4080 4080 4080 4080 4101 4101 4094 4094 4095 4095 4081 4081 4094 4094 4095 4095 4102 4102 4086 4086 4096 4096 4103 4103 4087 4087 4104 4104 4096 4096 4088 4088 4088 4088 4097 4097 4104 4104 4105 4105 4097 4097 4089 4089 4090 4090 4105 4105 4089 4089 4098 4098 4106 4106 4090 4090 4107 4107 4098 4098 4091 4091 4100 4100 4099 4099 4084 4084 4103 4103 4100 4100 4087 4087 4092 4092 4108 4108 4093 4093 4099 4099 3925 3925 4092 4092 4093 4093 4108 4108 4101 4101 4095 4095 4094 4094 4101 4101 4095 4095 4109 4109 4102 4102 4003 4003 4103 4103 4096 4096 4096 4096 4104 4104 4003 4003 4110 4110 4104 4104 4097 4097 4111 4111 4097 4097 4105 4105 4106 4106 4105 4105 4090 4090 4112 4112 4106 4106 4098 4098 4098 4098 4107 4107 4112 4112 4100 4100 4113 4113 4099 4099 4100 4100 4103 4103 3976 3976 4108 4108 4092 4092 4114 4114 3948 3948 3925 3925 4099 4099 3925 3925 4114 4114 4092 4092 4115 4115 4101 4101 4108 4108 4101 4101 4115 4115 4095 4095 4109 4109 4116 4116 4102 4102 4109 4109 4095 4095 4115 4115 4003 4003 3976 3976 4103 4103 4011 4011 4003 4003 4104 4104 4110 4110 4097 4097 4111 4111 4104 4104 4110 4110 4011 4011 4112 4112 4111 4111 4105 4105 4106 4106 4112 4112 4105 4105 4117 4117 4112 4112 4107 4107 4113 4113 4100 4100 3967 3967 4113 4113 3948 3948 4099 4099 3976 3976 3967 3967 4100 4100 4114 4114 4118 4118 4108 4108 4118 4118 4114 4114 3925 3925 4115 4115 4108 4108 4119 4119 4120 4120 4102 4102 4116 4116 4109 4109 4121 4121 4116 4116 4115 4115 4121 4121 4109 4109 4111 4111 4122 4122 4110 4110 4110 4110 4029 4029 4011 4011 4123 4123 4111 4111 4112 4112 4112 4112 4117 4117 4123 4123 4113 4113 3967 3967 3948 3948 4108 4108 4118 4118 4119 4119 3925 3925 3911 3911 4118 4118 4124 4124 4115 4115 4119 4119 4120 4120 4116 4116 4125 4125 4121 4121 4126 4126 4116 4116 4115 4115 4127 4127 4121 4121 4123 4123 4122 4122 4111 4111 4110 4110 4122 4122 4029 4029 4117 4117 4128 4128 4123 4123 4124 4124 4119 4119 4118 4118 4118 4118 3911 3911 4129 4129 4115 4115 4124 4124 4127 4127 4125 4125 4116 4116 4126 4126 4120 4120 4125 4125 4130 4130 4121 4121 4127 4127 4126 4126 4124 4124 4118 4118 4129 4129 3911 3911 3893 3893 4129 4129 4124 4124 4131 4131 4127 4127 4125 4125 4126 4126 4132 4132 4130 4130 4125 4125 4133 4133 4127 4127 4134 4134 4126 4126 4131 4131 4124 4124 4129 4129 4135 4135 4129 4129 3893 3893 4136 4136 4127 4127 4131 4131 4126 4126 4134 4134 4132 4132 4125 4125 4132 4132 4133 4133 4134 4134 4127 4127 4136 4136 4129 4129 4135 4135 4131 4131 3893 3893 3882 3882 4135 4135 4131 4131 4137 4137 4136 4136 4132 4132 4134 4134 4138 4138 4132 4132 4138 4138 4133 4133 4136 4136 4139 4139 4134 4134 4137 4137 4131 4131 4135 4135 4140 4140 4135 4135 3882 3882 4139 4139 4136 4136 4137 4137 4134 4134 4139 4139 4138 4138 4141 4141 4137 4137 4135 4135 4135 4135 4140 4140 4141 4141 3882 3882 4142 4142 4140 4140 4137 4137 4141 4141 4139 4139 3882 3882 3871 3871 4142 4142 4143 4143 4140 4140 4142 4142 4143 4143 4142 4142 3871 3871 4144 4144 2923 2923 4145 4145 2923 2923 4144 4144 4146 4146 2922 2922 4145 4145 2923 2923 4146 4146 4144 4144 4147 4147 2916 2916 2923 2923 4146 4146 2919 2919 4145 4145 2922 2922 2814 2814 2811 2811 2813 2813 4148 4148 4147 4147 4144 4144 4146 4146 4147 4147 4149 4149 2819 2819 2818 2818 2817 2817 2916 2916 4146 4146 4150 4150 2822 2822 2819 2819 2821 2821 4147 4147 4148 4148 4149 4149 4149 4149 4150 4150 4146 4146 2825 2825 2824 2824 2823 2823 2913 2913 2916 2916 4150 4150 4149 4149 4148 4148 4151 4151 4150 4150 4149 4149 4152 4152 9 9 2825 2825 10 10 9 9 11 11 4153 4153 2913 2913 4150 4150 4152 4152 4149 4149 4151 4151 4154 4154 4152 4152 4149 4149 4154 4154 9 9 4153 4153 4155 4155 325 325 2829 2829 326 326 2913 2913 4152 4152 4156 4156 4151 4151 4157 4157 4154 4154 4152 4152 4154 4154 4158 4158 325 325 2827 2827 2829 2829 4159 4159 2913 2913 4156 4156 4156 4156 4152 4152 4158 4158 4160 4160 4157 4157 4151 4151 4154 4154 4157 4157 4161 4161 4158 4158 4154 4154 4162 4162 4159 4159 4156 4156 2910 2910 4163 4163 4156 4156 4158 4158 4157 4157 4160 4160 4161 4161 4164 4164 4154 4154 4161 4161 4163 4163 4158 4158 4162 4162 4162 4162 4154 4154 4165 4165 2830 2830 4166 4166 2828 2828 4163 4163 2910 2910 4156 4156 4154 4154 4164 4164 4165 4165 4164 4164 4161 4161 4167 4167 4162 4162 4168 4168 4163 4163 4162 4162 4165 4165 4169 4169 2832 2832 328 328 2831 2831 2910 2910 4163 4163 4170 4170 4167 4167 4165 4165 4164 4164 4171 4171 4167 4167 4161 4161 4172 4172 4168 4168 4162 4162 4163 4163 4168 4168 4170 4170 4169 4169 4165 4165 4173 4173 4169 4169 4172 4172 4162 4162 4170 4170 4174 4174 2910 2910 4165 4165 4167 4167 4173 4173 4167 4167 4171 4171 4175 4175 4170 4170 4168 4168 4172 4172 4173 4173 4176 4176 4169 4169 4172 4172 4169 4169 4176 4176 4177 4177 4174 4174 4170 4170 4173 4173 4167 4167 4175 4175 4175 4175 4171 4171 4178 4178 4177 4177 4170 4170 4172 4172 4176 4176 4173 4173 4179 4179 4172 4172 4176 4176 4180 4180 4173 4173 4175 4175 4181 4181 4178 4178 4182 4182 4175 4175 4177 4177 4172 4172 4180 4180 4176 4176 4179 4179 4180 4180 4179 4179 4173 4173 4181 4181 4181 4181 4175 4175 4183 4183 4175 4175 4182 4182 4184 4184 4180 4180 4179 4179 4185 4185 4179 4179 4181 4181 4185 4185 4181 4181 4183 4183 4186 4186 4187 4187 4183 4183 4175 4175 4184 4184 4187 4187 4175 4175 4185 4185 4181 4181 4188 4188 4183 4183 4187 4187 4186 4186 4186 4186 4188 4188 4181 4181 4189 4189 4190 4190 4191 4191 4189 4189 4192 4192 4190 4190 4190 4190 4193 4193 4191 4191 4194 4194 4189 4189 4191 4191 4192 4192 4189 4189 4195 4195 4196 4196 4190 4190 4192 4192 4196 4196 4193 4193 4190 4190 4193 4193 4197 4197 4191 4191 4189 4189 4194 4194 4195 4195 4191 4191 4198 4198 4194 4194 4192 4192 4195 4195 4199 4199 4200 4200 4196 4196 4192 4192 4196 4196 4201 4201 4193 4193 4193 4193 4202 4202 4197 4197 4198 4198 4191 4191 4197 4197 4203 4203 4195 4195 4194 4194 4204 4204 4194 4194 4198 4198 4199 4199 4195 4195 4205 4205 4200 4200 4192 4192 4199 4199 4193 4193 4201 4201 4206 4206 4193 4193 4206 4206 4202 4202 4197 4197 4202 4202 4198 4198 4207 4207 4195 4195 4203 4203 4203 4203 4194 4194 4208 4208 4194 4194 4204 4204 4209 4209 4199 4199 4205 4205 4210 4210 4205 4205 4195 4195 4207 4207 4199 4199 4211 4211 4200 4200 4201 4201 4212 4212 4206 4206 4206 4206 4213 4213 4202 4202 4207 4207 4203 4203 4214 4214 4203 4203 4208 4208 4215 4215 4209 4209 4208 4208 4194 4194 4210 4210 4205 4205 4216 4216 4217 4217 4199 4199 4210 4210 4205 4205 4207 4207 4216 4216 4199 4199 4217 4217 4211 4211 4218 4218 4200 4200 4211 4211 4212 4212 4213 4213 4206 4206 4219 4219 4214 4214 4203 4203 4216 4216 4207 4207 4214 4214 4208 4208 4209 4209 4215 4215 4203 4203 4215 4215 4220 4220 4210 4210 4216 4216 4214 4214 4221 4221 4217 4217 4210 4210 4222 4222 4211 4211 4217 4217 4222 4222 4218 4218 4211 4211 4219 4219 4223 4223 4214 4214 4220 4220 4219 4219 4203 4203 4215 4215 4209 4209 4220 4220 4224 4224 4210 4210 4214 4214 4221 4221 4225 4225 4217 4217 4224 4224 4221 4221 4210 4210 4222 4222 4217 4217 4226 4226 4222 4222 4227 4227 4218 4218 4223 4223 4219 4219 4228 4228 4224 4224 4214 4214 4223 4223 4219 4219 4220 4220 4229 4229 4225 4225 4221 4221 4230 4230 4231 4231 4217 4217 4225 4225 4221 4221 4224 4224 4232 4232 4226 4226 4217 4217 4231 4231 4226 4226 4233 4233 4222 4222 4222 4222 4234 4234 4227 4227 4227 4227 4235 4235 4218 4218 4228 4228 4219 4219 4229 4229 4228 4228 4236 4236 4223 4223 4236 4236 4224 4224 4223 4223 4229 4229 4220 4220 4237 4237 4238 4238 4225 4225 4230 4230 4230 4230 4221 4221 4232 4232 4225 4225 4239 4239 4231 4231 4240 4240 4232 4232 4224 4224 4231 4231 4233 4233 4226 4226 4233 4233 4234 4234 4222 4222 4241 4241 4227 4227 4234 4234 4241 4241 4235 4235 4227 4227 4242 4242 4228 4228 4229 4229 4236 4236 4228 4228 4243 4243 4236 4236 4244 4244 4224 4224 4237 4237 4242 4242 4229 4229 4238 4238 4230 4230 4245 4245 4246 4246 4225 4225 4238 4238 4245 4245 4230 4230 4232 4232 4225 4225 4246 4246 4239 4239 4247 4247 4231 4231 4239 4239 4245 4245 4232 4232 4240 4240 4240 4240 4224 4224 4244 4244 4247 4247 4233 4233 4231 4231 4233 4233 4241 4241 4234 4234 4248 4248 4235 4235 4241 4241 4242 4242 4243 4243 4228 4228 4243 4243 4249 4249 4236 4236 4250 4250 4244 4244 4236 4236 4251 4251 4242 4242 4237 4237 4252 4252 4238 4238 4245 4245 4253 4253 4246 4246 4238 4238 4254 4254 4239 4239 4246 4246 4239 4239 4254 4254 4247 4247 4255 4255 4245 4245 4240 4240 4250 4250 4240 4240 4244 4244 4256 4256 4233 4233 4247 4247 4257 4257 4241 4241 4233 4233 4235 4235 4248 4248 4258 4258 4257 4257 4248 4248 4241 4241 4243 4243 4242 4242 4259 4259 4249 4249 4243 4243 4259 4259 4250 4250 4236 4236 4249 4249 4242 4242 4251 4251 4260 4260 4252 4252 4245 4245 4255 4255 4253 4253 4238 4238 4252 4252 4261 4261 4246 4246 4253 4253 4262 4262 4254 4254 4246 4246 4254 4254 4263 4263 4247 4247 4255 4255 4240 4240 4264 4264 4250 4250 4264 4264 4240 4240 4233 4233 4256 4256 4257 4257 4265 4265 4256 4256 4247 4247 4248 4248 4266 4266 4258 4258 4266 4266 4248 4248 4257 4257 4242 4242 4260 4260 4259 4259 4259 4259 4267 4267 4249 4249 4250 4250 4249 4249 4268 4268 4252 4252 4255 4255 4269 4269 4270 4270 4253 4253 4252 4252 4262 4262 4246 4246 4261 4261 4270 4270 4261 4261 4253 4253 4263 4263 4254 4254 4262 4262 4265 4265 4247 4247 4263 4263 4255 4255 4264 4264 4271 4271 4264 4264 4250 4250 4268 4268 4272 4272 4257 4257 4256 4256 4273 4273 4266 4266 4257 4257 4259 4259 4260 4260 4274 4274 4259 4259 4275 4275 4267 4267 4267 4267 4268 4268 4249 4249 4269 4269 4255 4255 4271 4271 4269 4269 4276 4276 4252 4252 4270 4270 4252 4252 4276 4276 4277 4277 4262 4262 4261 4261 4270 4270 4278 4278 4261 4261 4271 4271 4264 4264 4279 4279 4268 4268 4279 4279 4264 4264 4257 4257 4272 4272 4273 4273 4259 4259 4274 4274 4280 4280 4275 4275 4259 4259 4280 4280 4268 4268 4267 4267 4275 4275 4281 4281 4269 4269 4271 4271 4269 4269 4282 4282 4276 4276 4283 4283 4270 4270 4276 4276 4277 4277 4261 4261 4278 4278 4278 4278 4270 4270 4284 4284 4279 4279 4285 4285 4271 4271 4279 4279 4268 4268 4286 4286 4280 4280 4274 4274 4287 4287 4268 4268 4275 4275 4280 4280 4285 4285 4281 4281 4271 4271 4281 4281 4288 4288 4269 4269 4282 4282 4269 4269 4288 4288 4283 4283 4276 4276 4282 4282 4284 4284 4270 4270 4283 4283 4289 4289 4277 4277 4278 4278 4284 4284 4290 4290 4278 4278 4291 4291 4285 4285 4279 4279 4280 4280 4286 4286 4268 4268 4286 4286 4291 4291 4279 4279 4287 4287 4274 4274 4292 4292 4286 4286 4280 4280 4287 4287 4293 4293 4281 4281 4285 4285 4294 4294 4288 4288 4281 4281 4283 4283 4282 4282 4288 4288 4295 4295 4284 4284 4283 4283 4289 4289 4278 4278 4290 4290 4290 4290 4284 4284 4296 4296 4291 4291 4297 4297 4285 4285 4291 4291 4286 4286 4287 4287 4298 4298 4287 4287 4292 4292 4293 4293 4285 4285 4297 4297 4293 4293 4294 4294 4281 4281 4288 4288 4294 4294 4299 4299 4300 4300 4283 4283 4288 4288 4296 4296 4284 4284 4295 4295 4295 4295 4283 4283 4300 4300 4290 4290 4301 4301 4289 4289 4301 4301 4290 4290 4296 4296 4297 4297 4291 4291 4302 4302 4287 4287 4302 4302 4291 4291 4302 4302 4287 4287 4298 4298 4298 4298 4292 4292 4303 4303 4293 4293 4297 4297 4304 4304 4299 4299 4294 4294 4293 4293 4305 4305 4288 4288 4299 4299 4288 4288 4306 4306 4300 4300 4300 4300 4296 4296 4295 4295 4301 4301 4307 4307 4289 4289 4308 4308 4301 4301 4296 4296 4302 4302 4304 4304 4297 4297 4304 4304 4302 4302 4298 4298 4309 4309 4298 4298 4303 4303 4304 4304 4310 4310 4293 4293 4299 4299 4293 4293 4311 4311 4306 4306 4288 4288 4305 4305 4305 4305 4299 4299 4312 4312 4313 4313 4300 4300 4306 4306 4313 4313 4296 4296 4300 4300 4301 4301 4308 4308 4307 4307 4314 4314 4289 4289 4307 4307 4296 4296 4315 4315 4308 4308 4298 4298 4309 4309 4304 4304 4309 4309 4303 4303 4316 4316 4310 4310 4311 4311 4293 4293 4310 4310 4304 4304 4309 4309 4299 4299 4311 4311 4317 4317 4306 4306 4305 4305 4318 4318 4312 4312 4299 4299 4317 4317 4318 4318 4305 4305 4312 4312 4319 4319 4313 4313 4306 4306 4313 4313 4320 4320 4296 4296 4314 4314 4307 4307 4308 4308 4289 4289 4314 4314 4321 4321 4315 4315 4296 4296 4320 4320 4322 4322 4308 4308 4315 4315 4323 4323 4309 4309 4316 4316 4311 4311 4310 4310 4324 4324 4309 4309 4324 4324 4310 4310 4317 4317 4311 4311 4325 4325 4318 4318 4319 4319 4306 4306 4326 4326 4312 4312 4317 4317 4327 4327 4318 4318 4312 4312 4328 4328 4313 4313 4319 4319 4320 4320 4313 4313 4328 4328 4308 4308 4322 4322 4314 4314 4329 4329 4321 4321 4314 4314 4320 4320 4330 4330 4315 4315 4331 4331 4322 4322 4315 4315 4309 4309 4323 4323 4324 4324 4316 4316 4332 4332 4323 4323 4324 4324 4325 4325 4311 4311 4317 4317 4325 4325 4333 4333 4319 4319 4318 4318 4327 4327 4334 4334 4312 4312 4326 4326 4327 4327 4312 4312 4334 4334 4328 4328 4319 4319 4335 4335 4336 4336 4320 4320 4328 4328 4322 4322 4337 4337 4314 4314 4337 4337 4329 4329 4314 4314 4338 4338 4321 4321 4329 4329 4330 4330 4339 4339 4315 4315 4330 4330 4320 4320 4336 4336 4340 4340 4322 4322 4331 4331 4315 4315 4341 4341 4331 4331 4325 4325 4324 4324 4323 4323 4333 4333 4323 4323 4332 4332 4323 4323 4333 4333 4325 4325 4327 4327 4335 4335 4319 4319 4342 4342 4327 4327 4334 4334 4336 4336 4328 4328 4335 4335 4340 4340 4337 4337 4322 4322 4329 4329 4337 4337 4343 4343 4343 4343 4338 4338 4329 4329 4339 4339 4330 4330 4344 4344 4341 4341 4315 4315 4339 4339 4344 4344 4330 4330 4336 4336 4345 4345 4340 4340 4331 4331 4346 4346 4331 4331 4341 4341 4327 4327 4347 4347 4335 4335 4342 4342 4334 4334 4348 4348 4347 4347 4327 4327 4342 4342 4335 4335 4349 4349 4336 4336 4341 4341 4339 4339 4344 4344 4336 4336 4350 4350 4344 4344 4345 4345 4331 4331 4351 4351 4351 4351 4331 4331 4346 4346 4346 4346 4341 4341 4352 4352 4353 4353 4335 4335 4347 4347 4347 4347 4342 4342 4348 4348 4354 4354 4336 4336 4349 4349 4353 4353 4349 4349 4335 4335 4352 4352 4341 4341 4344 4344 4350 4350 4355 4355 4344 4344 4351 4351 4356 4356 4345 4345 4351 4351 4346 4346 4352 4352 4353 4353 4347 4347 4357 4357 4347 4347 4348 4348 4357 4357 4358 4358 4354 4354 4349 4349 4358 4358 4349 4349 4353 4353 4352 4352 4344 4344 4355 4355 4356 4356 4351 4351 4359 4359 4360 4360 4345 4345 4356 4356 4351 4351 4352 4352 4361 4361 4362 4362 4353 4353 4357 4357 4363 4363 4358 4358 4353 4353 4364 4364 4352 4352 4355 4355 4359 4359 4351 4351 4361 4361 4365 4365 4356 4356 4359 4359 4356 4356 4365 4365 4360 4360 4361 4361 4352 4352 4366 4366 4367 4367 4362 4362 4357 4357 4363 4363 4353 4353 4362 4362 4366 4366 4352 4352 4364 4364 4368 4368 4365 4365 4359 4359 4368 4368 4360 4360 4365 4365 4369 4369 4362 4362 4367 4367 4369 4369 4363 4363 4362 4362 4370 4370 4369 4369 4367 4367 4363 4363 4369 4369 4370 4370 4371 4371 4372 4372 4373 4373 4374 4374 4372 4372 4371 4371 4372 4372 4375 4375 4373 4373 4371 4371 4373 4373 4376 4376 4374 4374 4377 4377 4372 4372 4378 4378 4374 4374 4371 4371 4379 4379 4373 4373 4375 4375 4375 4375 4372 4372 4380 4380 4376 4376 4373 4373 4381 4381 4376 4376 4382 4382 4371 4371 4383 4383 4377 4377 4374 4374 4377 4377 4380 4380 4372 4372 4383 4383 4374 4374 4378 4378 4378 4378 4371 4371 4382 4382 4373 4373 4379 4379 4384 4384 4375 4375 4385 4385 4379 4379 4380 4380 4386 4386 4375 4375 4387 4387 4376 4376 4381 4381 4381 4381 4373 4373 4384 4384 4382 4382 4376 4376 4388 4388 4377 4377 4383 4383 4389 4389 4377 4377 4390 4390 4380 4380 4391 4391 4384 4384 4379 4379 4385 4385 4375 4375 4386 4386 4379 4379 4385 4385 4392 4392 4380 4380 4393 4393 4386 4386 4387 4387 4388 4388 4376 4376 4387 4387 4381 4381 4394 4394 4381 4381 4384 4384 4394 4394 4389 4389 4390 4390 4377 4377 4393 4393 4380 4380 4390 4390 4379 4379 4395 4395 4391 4391 4384 4384 4391 4391 4396 4396 4385 4385 4386 4386 4392 4392 4392 4392 4395 4395 4379 4379 4393 4393 4397 4397 4386 4386 4384 4384 4396 4396 4394 4394 4390 4390 4389 4389 4398 4398 4393 4393 4390 4390 4399 4399 4395 4395 4400 4400 4391 4391 4396 4396 4391 4391 4401 4401 4386 4386 4397 4397 4392 4392 4392 4392 4402 4402 4395 4395 4393 4393 4403 4403 4397 4397 4394 4394 4396 4396 4404 4404 4399 4399 4390 4390 4398 4398 4399 4399 4405 4405 4393 4393 4395 4395 4406 4406 4400 4400 4391 4391 4400 4400 4407 4407 4408 4408 4401 4401 4391 4391 4396 4396 4401 4401 4404 4404 4397 4397 4402 4402 4392 4392 4395 4395 4402 4402 4409 4409 4403 4403 4402 4402 4397 4397 4403 4403 4393 4393 4405 4405 4398 4398 4410 4410 4399 4399 4399 4399 4411 4411 4405 4405 4406 4406 4395 4395 4409 4409 4406 4406 4412 4412 4400 4400 4407 4407 4400 4400 4413 4413 4391 4391 4407 4407 4408 4408 4401 4401 4408 4408 4414 4414 4401 4401 4415 4415 4404 4404 4402 4402 4416 4416 4409 4409 4403 4403 4417 4417 4402 4402 4405 4405 4418 4418 4403 4403 4419 4419 4410 4410 4398 4398 4410 4410 4411 4411 4399 4399 4411 4411 4418 4418 4405 4405 4412 4412 4406 4406 4409 4409 4400 4400 4412 4412 4420 4420 4400 4400 4420 4420 4413 4413 4407 4407 4413 4413 4408 4408 4421 4421 4414 4414 4408 4408 4414 4414 4415 4415 4401 4401 4402 4402 4422 4422 4416 4416 4409 4409 4416 4416 4423 4423 4402 4402 4417 4417 4424 4424 4425 4425 4417 4417 4403 4403 4418 4418 4425 4425 4403 4403 4419 4419 4426 4426 4410 4410 4410 4410 4427 4427 4411 4411 4411 4411 4425 4425 4418 4418 4409 4409 4423 4423 4412 4412 4412 4412 4428 4428 4420 4420 4413 4413 4420 4420 4429 4429 4413 4413 4429 4429 4408 4408 4415 4415 4414 4414 4421 4421 4408 4408 4429 4429 4421 4421 4402 4402 4424 4424 4422 4422 4422 4422 4430 4430 4416 4416 4423 4423 4416 4416 4431 4431 4417 4417 4432 4432 4424 4424 4425 4425 4433 4433 4417 4417 4426 4426 4434 4434 4410 4410 4427 4427 4425 4425 4411 4411 4435 4435 4427 4427 4410 4410 4423 4423 4431 4431 4412 4412 4412 4412 4431 4431 4428 4428 4420 4420 4428 4428 4436 4436 4420 4420 4436 4436 4429 4429 4421 4421 4429 4429 4437 4437 4424 4424 4438 4438 4422 4422 4430 4430 4422 4422 4438 4438 4416 4416 4430 4430 4431 4431 4432 4432 4417 4417 4439 4439 4432 4432 4438 4438 4424 4424 4427 4427 4433 4433 4425 4425 4433 4433 4038 4038 4417 4417 4426 4426 4440 4440 4434 4434 4434 4434 4435 4435 4410 4410 4427 4427 4435 4435 4441 4441 4431 4431 4442 4442 4428 4428 4428 4428 4443 4443 4436 4436 4429 4429 4436 4436 4444 4444 4429 4429 4445 4445 4437 4437 4438 4438 4037 4037 4430 4430 4431 4431 4430 4430 4446 4446 4438 4438 4432 4432 4439 4439 4417 4417 4038 4038 4439 4439 4427 4427 4441 4441 4433 4433 4433 4433 4447 4447 4038 4038 4434 4434 4440 4440 4435 4435 4441 4441 4435 4435 4440 4440 4428 4428 4442 4442 4448 4448 4431 4431 4446 4446 4442 4442 4443 4443 4428 4428 4448 4448 4436 4436 4443 4443 4449 4449 4436 4436 4449 4449 4444 4444 4445 4445 4429 4429 4444 4444 4445 4445 4450 4450 4437 4437 4438 4438 4039 4039 4037 4037 4037 4037 4035 4035 4430 4430 4430 4430 4035 4035 4446 4446 4439 4439 4039 4039 4438 4438 4439 4439 4038 4038 4039 4039 4441 4441 4451 4451 4433 4433 4038 4038 4447 4447 4452 4452 4451 4451 4447 4447 4433 4433 4440 4440 4453 4453 4441 4441 4448 4448 4442 4442 4128 4128 4442 4442 4446 4446 4454 4454 4444 4444 4449 4449 4450 4450 4450 4450 4445 4445 4444 4444 4035 4035 4034 4034 4446 4446 4453 4453 4451 4451 4441 4441 4452 4452 4032 4032 4038 4038 4452 4452 4447 4447 4455 4455 4451 4451 4455 4455 4447 4447 4440 4440 4456 4456 4453 4453 4442 4442 4457 4457 4128 4128 4457 4457 4442 4442 4454 4454 4122 4122 4454 4454 4446 4446 4446 4446 4034 4034 4029 4029 4453 4453 4458 4458 4451 4451 4459 4459 4032 4032 4452 4452 4455 4455 4459 4459 4452 4452 4458 4458 4455 4455 4451 4451 4456 4456 4458 4458 4453 4453 4128 4128 4457 4457 4123 4123 4123 4123 4457 4457 4454 4454 4123 4123 4454 4454 4122 4122 4446 4446 4029 4029 4122 4122 4458 4458 4459 4459 4455 4455 4460 4460 4461 4461 4462 4462 4463 4463 4461 4461 4460 4460 4462 4462 4461 4461 4464 4464 4460 4460 4465 4465 4463 4463 4461 4461 4463 4463 4466 4466 4461 4461 4467 4467 4464 4464 4468 4468 4463 4463 4465 4465 4465 4465 4460 4460 4469 4469 4470 4470 4466 4466 4463 4463 4461 4461 4466 4466 4467 4467 4465 4465 4471 4471 4468 4468 4463 4463 4468 4468 4470 4470 4469 4469 4472 4472 4465 4465 4473 4473 4466 4466 4470 4470 4473 4473 4467 4467 4466 4466 4471 4471 4465 4465 4472 4472 4468 4468 4471 4471 4474 4474 4468 4468 4475 4475 4470 4470 4469 4469 4476 4476 4472 4472 4472 4472 4477 4477 4471 4471 4478 4478 4474 4474 4471 4471 4474 4474 4475 4475 4468 4468 4479 4479 4472 4472 4476 4476 4471 4471 4477 4477 4480 4480 4472 4472 4481 4481 4477 4477 4471 4471 4480 4480 4478 4478 4474 4474 4478 4478 4482 4482 4481 4481 4472 4472 4479 4479 4479 4479 4476 4476 4483 4483 4484 4484 4480 4480 4477 4477 4477 4477 4481 4481 4485 4485 4484 4484 4478 4478 4480 4480 4478 4478 4486 4486 4482 4482 4487 4487 4481 4481 4479 4479 4488 4488 4479 4479 4483 4483 4485 4485 4484 4484 4477 4477 4487 4487 4485 4485 4481 4481 4486 4486 4478 4478 4484 4484 4486 4486 4489 4489 4482 4482 4488 4488 4487 4487 4479 4479 4484 4484 4485 4485 4490 4490 4491 4491 4485 4485 4487 4487 4490 4490 4486 4486 4484 4484 4492 4492 4489 4489 4486 4486 4493 4493 4487 4487 4488 4488 4485 4485 4491 4491 4490 4490 4487 4487 4494 4494 4491 4491 4486 4486 4490 4490 4492 4492 4487 4487 4493 4493 4494 4494 4495 4495 4493 4493 4488 4488 4491 4491 4496 4496 4490 4490 4494 4494 4497 4497 4491 4491 4490 4490 4498 4498 4492 4492 4499 4499 4494 4494 4493 4493 4493 4493 4495 4495 4499 4499 4488 4488 4500 4500 4495 4495 4497 4497 4496 4496 4491 4491 4496 4496 4498 4498 4490 4490 4494 4494 4501 4501 4497 4497 4494 4494 4499 4499 4501 4501 4495 4495 4502 4502 4499 4499 4503 4503 4500 4500 4488 4488 4504 4504 4495 4495 4500 4500 4497 4497 4505 4505 4496 4496 4496 4496 4506 4506 4498 4498 4497 4497 4501 4501 4507 4507 4502 4502 4501 4501 4499 4499 4495 4495 4504 4504 4502 4502 4508 4508 4500 4500 4503 4503 4500 4500 4508 4508 4504 4504 4497 4497 4507 4507 4505 4505 4505 4505 4506 4506 4496 4496 4507 4507 4501 4501 4509 4509 4509 4509 4501 4501 4502 4502 4509 4509 4502 4502 4504 4504 4510 4510 4508 4508 4503 4503 4508 4508 4510 4510 4504 4504 4511 4511 4505 4505 4507 4507 4511 4511 4506 4506 4505 4505 4512 4512 4507 4507 4509 4509 4504 4504 4513 4513 4509 4509 4510 4510 4514 4514 4504 4504 4507 4507 4512 4512 4511 4511 4509 4509 4515 4515 4512 4512 4514 4514 4513 4513 4504 4504 4516 4516 4509 4509 4513 4513 4509 4509 4516 4516 4515 4515 4514 4514 4517 4517 4513 4513 4513 4513 4518 4518 4516 4516 4517 4517 4518 4518 4513 4513 4517 4517 4516 4516 4518 4518 2834 2834 2832 2832 2833 2833 2837 2837 2834 2834 2836 2836 2837 2837 2838 2838 2843 2843 4519 4519 4520 4520 4521 4521 4520 4520 4519 4519 4522 4522 4520 4520 4523 4523 4521 4521 4523 4523 4520 4520 4522 4522 4522 4522 4524 4524 4523 4523 4525 4525 4524 4524 4522 4522 4524 4524 4526 4526 4523 4523 4525 4525 4527 4527 4524 4524 4524 4524 4528 4528 4526 4526 4527 4527 4525 4525 4529 4529 4524 4524 4527 4527 4530 4530 4530 4530 4528 4528 4524 4524 4528 4528 4531 4531 4526 4526 4529 4529 4532 4532 4527 4527 4527 4527 4532 4532 4530 4530 4528 4528 4530 4530 4533 4533 4531 4531 4528 4528 4534 4534 4531 4531 4535 4535 4526 4526 4532 4532 4529 4529 4536 4536 4530 4530 4532 4532 4537 4537 4533 4533 4534 4534 4528 4528 4537 4537 4533 4533 4530 4530 4534 4534 4538 4538 4531 4531 4531 4531 4382 4382 4535 4535 4526 4526 4535 4535 4388 4388 4536 4536 4539 4539 4532 4532 4540 4540 4536 4536 4529 4529 4541 4541 4537 4537 4532 4532 4534 4534 4533 4533 4542 4542 4533 4533 4537 4537 4543 4543 4538 4538 4378 4378 4531 4531 4534 4534 4544 4544 4538 4538 4531 4531 4378 4378 4382 4382 4535 4535 4382 4382 4388 4388 4539 4539 4541 4541 4532 4532 4539 4539 4536 4536 4545 4545 4536 4536 4540 4540 4546 4546 4529 4529 4547 4547 4540 4540 4537 4537 4541 4541 4548 4548 4542 4542 4544 4544 4534 4534 4543 4543 4542 4542 4533 4533 4548 4548 4543 4543 4537 4537 4383 4383 4378 4378 4538 4538 4544 4544 4549 4549 4538 4538 4541 4541 4539 4539 4550 4550 4545 4545 4550 4550 4539 4539 4536 4536 4546 4546 4545 4545 4540 4540 4551 4551 4546 4546 4552 4552 4540 4540 4547 4547 4550 4550 4548 4548 4541 4541 4544 4544 4542 4542 4553 4553 4543 4543 4553 4553 4542 4542 4543 4543 4548 4548 4554 4554 4549 4549 4383 4383 4538 4538 4549 4549 4544 4544 4555 4555 4550 4550 4545 4545 4556 4556 4546 4546 4556 4556 4545 4545 4551 4551 4557 4557 4546 4546 4540 4540 4558 4558 4551 4551 4540 4540 4552 4552 4558 4558 4559 4559 4548 4548 4550 4550 4553 4553 4555 4555 4544 4544 4553 4553 4543 4543 4560 4560 4554 4554 4560 4560 4543 4543 4559 4559 4554 4554 4548 4548 4383 4383 4549 4549 4561 4561 4555 4555 4562 4562 4549 4549 4556 4556 4559 4559 4550 4550 4557 4557 4556 4556 4546 4546 4563 4563 4557 4557 4551 4551 4551 4551 4558 4558 4563 4563 4564 4564 4558 4558 4552 4552 4555 4555 4553 4553 4565 4565 4560 4560 4565 4565 4553 4553 4560 4560 4554 4554 4566 4566 4556 4556 4554 4554 4559 4559 4562 4562 4561 4561 4549 4549 4561 4561 4389 4389 4383 4383 4562 4562 4555 4555 4567 4567 4557 4557 4568 4568 4556 4556 4557 4557 4563 4563 4569 4569 4570 4570 4563 4563 4558 4558 4558 4558 4564 4564 4570 4570 4565 4565 4571 4571 4555 4555 4565 4565 4560 4560 4572 4572 4568 4568 4566 4566 4554 4554 4560 4560 4566 4566 4573 4573 4568 4568 4554 4554 4556 4556 4562 4562 4574 4574 4561 4561 4561 4561 4575 4575 4389 4389 4571 4571 4567 4567 4555 4555 4567 4567 4576 4576 4562 4562 4577 4577 4568 4568 4557 4557 4569 4569 4577 4577 4557 4557 4578 4578 4569 4569 4563 4563 4563 4563 4570 4570 4578 4578 4579 4579 4570 4570 4564 4564 4580 4580 4571 4571 4565 4565 4565 4565 4572 4572 4581 4581 4573 4573 4572 4572 4560 4560 4566 4566 4568 4568 4582 4582 4582 4582 4573 4573 4566 4566 4574 4574 4575 4575 4561 4561 4574 4574 4562 4562 4576 4576 4575 4575 4583 4583 4389 4389 4567 4567 4571 4571 4584 4584 4576 4576 4567 4567 4585 4585 4568 4568 4577 4577 4586 4586 4577 4577 4569 4569 4587 4587 4569 4569 4578 4578 4588 4588 4589 4589 4578 4578 4570 4570 4570 4570 4579 4579 4589 4589 4580 4580 4590 4590 4571 4571 4581 4581 4580 4580 4565 4565 4572 4572 4573 4573 4581 4581 4586 4586 4582 4582 4568 4568 4573 4573 4582 4582 4581 4581 4591 4591 4575 4575 4574 4574 4576 4576 4591 4591 4574 4574 4583 4583 4575 4575 4592 4592 4389 4389 4583 4583 4398 4398 4584 4584 4585 4585 4567 4567 4590 4590 4584 4584 4571 4571 4585 4585 4593 4593 4576 4576 4586 4586 4577 4577 4594 4594 4569 4569 4588 4588 4587 4587 4587 4587 4594 4594 4577 4577 4595 4595 4588 4588 4578 4578 4589 4589 4595 4595 4578 4578 4596 4596 4589 4589 4579 4579 4580 4580 4597 4597 4590 4590 4580 4580 4581 4581 4597 4597 4586 4586 4598 4598 4582 4582 4582 4582 4598 4598 4581 4581 4591 4591 4592 4592 4575 4575 4591 4591 4576 4576 4593 4593 4398 4398 4583 4583 4592 4592 4585 4585 4584 4584 4599 4599 4590 4590 4599 4599 4584 4584 4585 4585 4600 4600 4593 4593 4594 4594 4598 4598 4586 4586 4587 4587 4588 4588 4601 4601 4602 4602 4594 4594 4587 4587 4595 4595 4601 4601 4588 4588 4603 4603 4595 4595 4589 4589 4604 4604 4589 4589 4596 4596 4605 4605 4590 4590 4597 4597 4581 4581 4598 4598 4597 4597 4591 4591 4606 4606 4592 4592 4593 4593 4606 4606 4591 4591 4592 4592 4419 4419 4398 4398 4599 4599 4607 4607 4585 4585 4608 4608 4599 4599 4590 4590 4606 4606 4593 4593 4600 4600 4600 4600 4585 4585 4607 4607 4594 4594 4609 4609 4598 4598 4601 4601 4602 4602 4587 4587 4602 4602 4609 4609 4594 4594 4603 4603 4601 4601 4595 4595 4589 4589 4604 4604 4603 4603 4610 4610 4590 4590 4605 4605 4598 4598 4605 4605 4597 4597 4606 4606 4611 4611 4592 4592 4611 4611 4419 4419 4592 4592 4599 4599 4612 4612 4607 4607 4613 4613 4599 4599 4608 4608 4610 4610 4608 4608 4590 4590 4600 4600 4614 4614 4606 4606 4607 4607 4615 4615 4600 4600 4609 4609 4616 4616 4598 4598 4609 4609 4602 4602 4617 4617 4618 4618 4610 4610 4605 4605 4616 4616 4605 4605 4598 4598 4614 4614 4611 4611 4606 4606 4611 4611 4426 4426 4419 4419 4599 4599 4613 4613 4612 4612 4615 4615 4607 4607 4612 4612 4619 4619 4613 4613 4608 4608 4620 4620 4608 4608 4610 4610 4600 4600 4621 4621 4614 4614 4615 4615 4621 4621 4600 4600 4609 4609 4622 4622 4616 4616 4617 4617 4622 4622 4609 4609 4622 4622 4618 4618 4605 4605 4620 4620 4610 4610 4618 4618 4616 4616 4622 4622 4605 4605 4614 4614 4623 4623 4611 4611 4611 4611 4624 4624 4426 4426 4612 4612 4613 4613 4625 4625 4615 4615 4612 4612 4626 4626 4627 4627 4613 4613 4619 4619 4608 4608 4620 4620 4619 4619 4614 4614 4621 4621 4628 4628 4621 4621 4615 4615 4629 4629 4617 4617 4630 4630 4622 4622 4620 4620 4618 4618 4622 4622 4623 4623 4631 4631 4611 4611 4623 4623 4614 4614 4628 4628 4624 4624 4440 4440 4426 4426 4631 4631 4624 4624 4611 4611 4612 4612 4625 4625 4632 4632 4625 4625 4613 4613 4632 4632 4626 4626 4629 4629 4615 4615 4632 4632 4626 4626 4612 4612 4627 4627 4632 4632 4613 4613 4633 4633 4627 4627 4619 4619 4633 4633 4619 4619 4620 4620 4634 4634 4628 4628 4621 4621 4629 4629 4634 4634 4621 4621 4617 4617 4635 4635 4630 4630 4630 4630 4620 4620 4622 4622 4631 4631 4623 4623 4636 4636 4628 4628 4636 4636 4623 4623 4624 4624 4637 4637 4440 4440 4624 4624 4631 4631 4638 4638 4626 4626 4639 4639 4629 4629 4632 4632 4639 4639 4626 4626 4632 4632 4627 4627 4640 4640 4641 4641 4627 4627 4633 4633 4630 4630 4633 4633 4620 4620 4628 4628 4634 4634 4642 4642 4634 4634 4629 4629 4639 4639 4643 4643 4630 4630 4635 4635 4631 4631 4636 4636 4644 4644 4628 4628 4645 4645 4636 4636 4637 4637 4624 4624 4638 4638 4646 4646 4638 4638 4631 4631 4647 4647 4639 4639 4632 4632 4640 4640 4647 4647 4632 4632 4641 4641 4640 4640 4627 4627 4643 4643 4641 4641 4633 4633 4643 4643 4633 4633 4630 4630 4639 4639 4642 4642 4634 4634 4642 4642 4645 4645 4628 4628 4648 4648 4643 4643 4635 4635 4644 4644 4646 4646 4631 4631 4649 4649 4644 4644 4636 4636 4636 4636 4645 4645 4649 4649 4638 4638 4650 4650 4637 4637 4646 4646 4650 4650 4638 4638 4639 4639 4647 4647 4651 4651 4640 4640 4652 4652 4647 4647 4653 4653 4640 4640 4641 4641 4654 4654 4641 4641 4643 4643 4639 4639 4655 4655 4642 4642 4645 4645 4642 4642 4655 4655 4648 4648 4656 4656 4643 4643 4646 4646 4644 4644 4657 4657 4644 4644 4649 4649 4658 4658 4655 4655 4649 4649 4645 4645 4659 4659 4650 4650 4646 4646 4651 4651 4655 4655 4639 4639 4647 4647 4652 4652 4651 4651 4660 4660 4652 4652 4640 4640 4653 4653 4660 4660 4640 4640 4654 4654 4653 4653 4641 4641 4656 4656 4654 4654 4643 4643 4661 4661 4656 4656 4648 4648 4657 4657 4659 4659 4646 4646 4658 4658 4657 4657 4644 4644 4649 4649 4655 4655 4658 4658 4659 4659 4662 4662 4650 4650 4663 4663 4655 4655 4651 4651 4652 4652 4663 4663 4651 4651 4660 4660 4664 4664 4652 4652 4665 4665 4660 4660 4653 4653 4666 4666 4653 4653 4654 4654 4654 4654 4656 4656 4667 4667 4668 4668 4656 4656 4661 4661 4669 4669 4661 4661 4648 4648 4659 4659 4657 4657 4670 4670 4658 4658 4670 4670 4657 4657 4671 4671 4658 4658 4655 4655 4662 4662 4659 4659 4672 4672 4662 4662 4673 4673 4650 4650 4655 4655 4663 4663 4674 4674 4664 4664 4663 4663 4652 4652 4675 4675 4664 4664 4660 4660 4665 4665 4676 4676 4660 4660 4677 4677 4665 4665 4653 4653 4666 4666 4677 4677 4653 4653 4667 4667 4666 4666 4654 4654 4668 4668 4667 4667 4656 4656 4678 4678 4668 4668 4661 4661 4661 4661 4669 4669 4678 4678 4648 4648 4679 4679 4669 4669 4670 4670 4672 4672 4659 4659 4658 4658 4680 4680 4670 4670 4655 4655 4674 4674 4671 4671 4671 4671 4681 4681 4658 4658 4672 4672 4682 4682 4662 4662 4682 4682 4673 4673 4662 4662 4683 4683 4674 4674 4663 4663 4664 4664 4683 4683 4663 4663 4675 4675 4683 4683 4664 4664 4684 4684 4675 4675 4660 4660 4676 4676 4684 4684 4660 4660 4685 4685 4676 4676 4665 4665 4686 4686 4665 4665 4677 4677 4686 4686 4677 4677 4666 4666 4687 4687 4666 4666 4667 4667 4678 4678 4667 4667 4668 4668 4688 4688 4678 4678 4669 4669 4688 4688 4669 4669 4679 4679 4672 4672 4670 4670 4680 4680 4681 4681 4680 4680 4658 4658 4689 4689 4671 4671 4674 4674 4682 4682 4672 4672 4690 4690 4674 4674 4683 4683 4689 4689 4691 4691 4675 4675 4684 4684 4691 4691 4684 4684 4676 4676 4676 4676 4685 4685 4692 4692 4665 4665 4693 4693 4685 4685 4693 4693 4665 4665 4686 4686 4666 4666 4687 4687 4686 4686 4694 4694 4687 4687 4667 4667 4694 4694 4667 4667 4678 4678 4688 4688 4694 4694 4678 4678 4680 4680 4690 4690 4672 4672 4690 4690 4680 4680 4681 4681 4695 4695 4675 4675 4691 4691 4692 4692 4691 4691 4676 4676 4685 4685 4696 4696 4692 4692 4697 4697 4685 4685 4693 4693 4698 4698 4693 4693 4686 4686 4699 4699 4695 4695 4691 4691 4691 4691 4692 4692 4699 4699 4697 4697 4696 4696 4685 4685 4692 4692 4696 4696 4699 4699 4693 4693 4698 4698 4697 4697 4700 4700 4696 4696 4697 4697 4696 4696 4701 4701 4699 4699 4698 4698 4702 4702 4697 4697 4696 4696 4700 4700 4701 4701 4697 4697 4703 4703 4700 4700 4697 4697 4702 4702 4703 4703 4703 4703 4701 4701 4700 4700 4704 4704 4705 4705 4706 4706 4707 4707 4705 4705 4704 4704 4705 4705 4708 4708 4706 4706 4707 4707 4709 4709 4705 4705 4710 4710 4707 4707 4704 4704 4708 4708 4705 4705 4709 4709 4711 4711 4709 4709 4707 4707 4710 4710 4711 4711 4707 4707 4712 4712 4708 4708 4709 4709 4709 4709 4711 4711 4713 4713 4712 4712 4709 4709 4714 4714 4715 4715 4713 4713 4711 4711 4709 4709 4713 4713 4716 4716 4716 4716 4714 4714 4709 4709 4712 4712 4714 4714 4717 4717 4711 4711 4718 4718 4715 4715 4713 4713 4715 4715 4719 4719 4716 4716 4713 4713 4720 4720 4714 4714 4716 4716 4720 4720 4721 4721 4717 4717 4714 4714 4722 4722 4715 4715 4718 4718 4722 4722 4719 4719 4715 4715 4719 4719 4720 4720 4713 4713 4720 4720 4723 4723 4714 4714 4721 4721 4724 4724 4717 4717 4721 4721 4714 4714 4723 4723 4725 4725 4719 4719 4722 4722 4726 4726 4720 4720 4719 4719 4723 4723 4720 4720 4727 4727 4728 4728 4724 4724 4721 4721 4729 4729 4717 4717 4724 4724 4723 4723 4730 4730 4721 4721 4719 4719 4725 4725 4731 4731 4731 4731 4726 4726 4719 4719 4726 4726 4727 4727 4720 4720 4727 4727 4732 4732 4723 4723 4728 4728 4733 4733 4724 4724 4730 4730 4728 4728 4721 4721 4729 4729 4724 4724 4734 4734 4732 4732 4730 4730 4723 4723 4735 4735 4731 4731 4725 4725 4731 4731 4736 4736 4726 4726 4727 4727 4726 4726 4736 4736 4736 4736 4732 4732 4727 4727 4730 4730 4733 4733 4728 4728 4733 4733 4734 4734 4724 4724 4734 4734 2309 2309 4729 4729 4732 4732 4737 4737 4730 4730 4735 4735 4738 4738 4731 4731 4736 4736 4731 4731 4739 4739 4736 4736 4740 4740 4732 4732 4733 4733 4730 4730 4737 4737 4733 4733 4741 4741 4734 4734 4729 4729 2309 2309 2321 2321 4734 4734 2303 2303 2309 2309 4742 4742 4737 4737 4732 4732 4738 4738 4743 4743 4731 4731 4738 4738 4735 4735 4744 4744 4743 4743 4739 4739 4731 4731 4739 4739 4745 4745 4736 4736 4745 4745 4740 4740 4736 4736 4732 4732 4740 4740 4742 4742 4741 4741 4733 4733 4737 4737 4741 4741 2303 2303 4734 4734 4737 4737 4742 4742 4746 4746 4747 4747 4743 4743 4738 4738 4735 4735 4748 4748 4744 4744 4749 4749 4738 4738 4744 4744 4750 4750 4739 4739 4743 4743 4750 4750 4745 4745 4739 4739 4745 4745 4742 4742 4740 4740 4741 4741 4737 4737 2301 2301 4741 4741 2301 2301 2303 2303 4746 4746 4751 4751 4737 4737 4752 4752 4746 4746 4742 4742 4743 4743 4747 4747 4750 4750 4738 4738 4749 4749 4747 4747 4753 4753 4744 4744 4748 4748 4749 4749 4744 4744 4753 4753 4745 4745 4750 4750 4754 4754 4745 4745 4752 4752 4742 4742 4737 4737 4755 4755 2301 2301 4746 4746 4756 4756 4751 4751 4755 4755 4737 4737 4751 4751 4752 4752 4757 4757 4746 4746 4747 4747 4758 4758 4750 4750 4747 4747 4749 4749 4759 4759 4760 4760 4749 4749 4753 4753 4754 4754 4750 4750 4761 4761 4754 4754 4752 4752 4745 4745 2301 2301 4755 4755 4762 4762 4751 4751 4756 4756 4763 4763 4757 4757 4756 4756 4746 4746 4751 4751 4763 4763 4755 4755 4764 4764 4757 4757 4752 4752 4761 4761 4750 4750 4758 4758 4759 4759 4758 4758 4747 4747 4749 4749 4760 4760 4759 4759 4761 4761 4765 4765 4754 4754 4765 4765 4752 4752 4754 4754 4762 4762 2304 2304 2301 2301 4763 4763 4762 4762 4755 4755 4763 4763 4756 4756 4766 4766 4757 4757 4767 4767 4756 4756 4765 4765 4764 4764 4752 4752 4764 4764 4768 4768 4757 4757 4758 4758 4769 4769 4761 4761 4769 4769 4758 4758 4759 4759 4770 4770 4759 4759 4760 4760 4771 4771 4765 4765 4761 4761 4762 4762 4772 4772 2304 2304 4762 4762 4763 4763 4766 4766 4756 4756 4773 4773 4766 4766 4756 4756 4767 4767 4773 4773 4774 4774 4767 4767 4757 4757 4764 4764 4765 4765 4768 4768 4768 4768 4774 4774 4757 4757 4761 4761 4769 4769 4775 4775 4776 4776 4769 4769 4759 4759 4760 4760 4777 4777 4770 4770 4759 4759 4770 4770 4776 4776 4771 4771 4415 4415 4765 4765 4775 4775 4771 4771 4761 4761 4772 4772 2310 2310 2304 2304 4766 4766 4772 4772 4762 4762 4766 4766 4773 4773 4778 4778 4767 4767 4779 4779 4773 4773 4780 4780 4767 4767 4774 4774 4765 4765 4415 4415 4768 4768 4780 4780 4774 4774 4768 4768 4781 4781 4775 4775 4769 4769 4782 4782 4769 4769 4776 4776 4783 4783 4770 4770 4777 4777 4783 4783 4776 4776 4770 4770 4771 4771 4775 4775 4415 4415 2310 2310 4772 4772 4784 4784 4766 4766 4784 4784 4772 4772 4779 4779 4778 4778 4773 4773 4778 4778 4784 4784 4766 4766 4767 4767 4785 4785 4779 4779 4780 4780 4785 4785 4767 4767 4768 4768 4415 4415 4421 4421 4768 4768 4786 4786 4780 4780 4787 4787 4781 4781 4769 4769 4775 4775 4781 4781 4788 4788 4787 4787 4769 4769 4782 4782 4776 4776 4789 4789 4782 4782 4790 4790 4783 4783 4777 4777 4789 4789 4776 4776 4783 4783 4404 4404 4415 4415 4775 4775 4784 4784 4050 4050 2310 2310 4779 4779 4072 4072 4778 4778 4778 4778 4056 4056 4784 4784 4785 4785 4791 4791 4779 4779 4785 4785 4780 4780 4792 4792 4421 4421 4786 4786 4768 4768 4437 4437 4780 4780 4786 4786 4793 4793 4781 4781 4787 4787 4794 4794 4775 4775 4788 4788 4781 4781 4795 4795 4788 4788 4789 4789 4787 4787 4782 4782 4796 4796 4783 4783 4790 4790 4783 4783 4797 4797 4789 4789 4794 4794 4404 4404 4775 4775 4784 4784 4056 4056 4050 4050 4050 4050 4046 4046 2310 2310 4056 4056 4778 4778 4072 4072 4791 4791 4072 4072 4779 4779 4792 4792 4791 4791 4785 4785 4437 4437 4792 4792 4780 4780 4421 4421 4437 4437 4786 4786 4781 4781 4793 4793 4795 4795 4793 4793 4787 4787 4789 4789 4798 4798 4794 4794 4788 4788 4798 4798 4788 4788 4795 4795 4796 4796 4797 4797 4783 4783 4799 4799 4789 4789 4797 4797 4394 4394 4404 4404 4794 4794 2310 2310 4046 4046 2313 2313 4072 4072 4791 4791 4800 4800 4791 4791 4792 4792 4801 4801 4437 4437 4450 4450 4792 4792 4802 4802 4795 4795 4793 4793 4789 4789 4803 4803 4793 4793 4804 4804 4794 4794 4798 4798 4798 4798 4795 4795 4802 4802 4799 4799 4797 4797 4796 4796 4803 4803 4789 4789 4799 4799 4387 4387 4394 4394 4794 4794 4800 4800 4071 4071 4072 4072 4801 4801 4800 4800 4791 4791 4450 4450 4801 4801 4792 4792 4802 4802 4793 4793 4803 4803 4805 4805 4804 4804 4798 4798 4794 4794 4804 4804 4387 4387 4806 4806 4798 4798 4802 4802 4807 4807 4799 4799 4796 4796 4799 4799 4808 4808 4803 4803 4800 4800 4809 4809 4071 4071 4800 4800 4801 4801 4810 4810 4450 4450 4810 4810 4801 4801 4808 4808 4802 4802 4803 4803 4805 4805 4811 4811 4804 4804 4805 4805 4798 4798 4806 4806 4811 4811 4387 4387 4804 4804 4812 4812 4806 4806 4802 4802 4799 4799 4807 4807 4808 4808 4810 4810 4809 4809 4800 4800 4071 4071 4809 4809 4813 4813 4449 4449 4810 4810 4450 4450 4814 4814 4802 4802 4808 4808 4815 4815 4811 4811 4805 4805 4816 4816 4805 4805 4806 4806 4388 4388 4387 4387 4811 4811 4812 4812 4802 4802 4814 4814 4816 4816 4806 4806 4812 4812 4817 4817 4808 4808 4807 4807 4809 4809 4810 4810 4818 4818 4819 4819 4813 4813 4809 4809 4813 4813 4091 4091 4071 4071 4810 4810 4449 4449 4820 4820 4814 4814 4808 4808 4821 4821 4805 4805 4822 4822 4815 4815 4823 4823 4811 4811 4815 4815 4822 4822 4805 4805 4816 4816 4811 4811 4823 4823 4388 4388 4824 4824 4816 4816 4812 4812 4817 4817 4807 4807 4825 4825 4821 4821 4808 4808 4817 4817 4820 4820 4818 4818 4810 4810 4809 4809 4818 4818 4819 4819 4813 4813 4819 4819 4107 4107 4091 4091 4813 4813 4107 4107 4820 4820 4449 4449 4443 4443 4814 4814 4821 4821 4826 4826 4827 4827 4815 4815 4822 4822 4827 4827 4823 4823 4815 4815 4828 4828 4822 4822 4816 4816 4526 4526 4388 4388 4823 4823 4816 4816 4824 4824 4828 4828 4829 4829 4817 4817 4825 4825 4826 4826 4821 4821 4817 4817 4818 4818 4820 4820 4830 4830 4819 4819 4818 4818 4831 4831 4832 4832 4107 4107 4819 4819 4443 4443 4830 4830 4820 4820 4833 4833 4827 4827 4822 4822 4526 4526 4823 4823 4827 4827 4833 4833 4822 4822 4828 4828 4521 4521 4828 4828 4824 4824 4826 4826 4817 4817 4829 4829 4830 4830 4831 4831 4818 4818 4819 4819 4831 4831 4832 4832 4107 4107 4832 4832 4117 4117 4443 4443 4448 4448 4830 4830 4523 4523 4827 4827 4833 4833 4523 4523 4526 4526 4827 4827 4521 4521 4833 4833 4828 4828 4830 4830 4834 4834 4831 4831 4831 4831 4117 4117 4832 4832 4448 4448 4834 4834 4830 4830 4523 4523 4833 4833 4521 4521 4834 4834 4117 4117 4831 4831 4834 4834 4448 4448 4128 4128 4117 4117 4834 4834 4128 4128 2850 2850 2845 2845 2844 2844 2852 2852 2847 2847 2849 2849 2842 2842 2848 2848 2846 2846 2854 2854 2850 2850 2851 2851 2858 2858 2860 2860 2857 2857 2863 2863 2859 2859 2861 2861 2866 2866 2850 2850 2865 2865 2866 2866 2867 2867 2868 2868 2863 2863 2869 2869 2870 2870 2875 2875 2872 2872 2874 2874 2897 2897 2898 2898 2900 2900 2897 2897 2902 2902 2903 2903 4835 4835 4836 4836 2871 2871 4835 4835 4837 4837 4836 4836 2871 2871 4838 4838 4835 4835 4839 4839 4837 4837 4835 4835 4838 4838 4839 4839 4835 4835 4839 4839 4840 4840 4837 4837 4839 4839 4841 4841 4840 4840 2906 2906 4842 4842 2905 2905 2875 2875 2878 2878 2908 2908 262 262 2909 2909 260 260 262 262 2665 2665 2909 2909 2910 2910 4174 4174 2911 2911 2910 2910 2912 2912 4843 4843 2910 2910 4843 4843 4159 4159 2913 2913 4159 4159 2914 2914 2916 2916 2913 2913 2915 2915 2923 2923 2916 2916 2918 2918 2922 2922 2924 2924 2920 2920 2922 2922 2923 2923 2924 2924 324 324 2935 2935 2937 2937 324 324 2938 2938 322 322 2939 2939 321 321 323 323 2942 2942 2939 2939 2941 2941 2945 2945 2942 2942 2944 2944 2948 2948 2945 2945 2947 2947 2952 2952 2948 2948 2951 2951 2952 2952 2954 2954 2956 2956 2958 2958 2955 2955 2957 2957 2958 2958 2963 2963 2961 2961 2965 2965 2960 2960 2964 2964 2970 2970 2965 2965 2969 2969 2972 2972 2970 2970 2971 2971 2975 2975 2974 2974 2976 2976 2975 2975 2972 2972 2974 2974 2978 2978 2975 2975 2977 2977 2981 2981 2978 2978 2980 2980 2983 2983 2981 2981 2982 2982 2995 2995 2994 2994 2991 2991 2983 2983 2984 2984 3001 3001 3005 3005 3002 3002 3004 3004 3007 3007 3005 3005 3006 3006 3015 3015 3013 3013 3014 3014 3022 3022 3015 3015 3017 3017 3029 3029 3022 3022 3027 3027 3032 3032 3045 3045 3031 3031 3033 3033 3035 3035 3041 3041 3032 3032 3038 3038 3044 3044 3040 3040 3042 3042 3043 3043 3053 3053 3046 3046 3036 3036 3055 3055 3049 3049 3051 3051 3058 3058 3048 3048 3059 3059 3055 3055 3056 3056 3060 3060 3053 3053 3061 3061 3062 3062 2633 2633 3068 3068 3069 3069 2577 2577 2602 2602 3073 3073 2577 2577 3077 3077 3080 3080 2562 2562 2563 2563 3081 3081 2567 2567 3083 3083 3084 3084 2562 2562 3087 3087 3086 3086 2296 2296 2299 2299 3071 3071 2296 2296 3090 3090 2294 2294 2906 2906 2901 2901 4844 4844 2296 2296 3091 3091 3089 3089 1517 1517 3092 3092 1069 1069 1517 1517 3096 3096 3097 3097 2898 2898 4844 4844 2901 2901 4844 4844 4845 4845 2906 2906 1517 1517 1519 1519 3096 3096 1106 1106 3099 3099 3098 3098 2898 2898 2897 2897 4846 4846 4846 4846 4844 4844 2898 2898 4847 4847 4845 4845 4844 4844 1106 1106 3098 3098 1519 1519 2897 2897 2895 2895 4846 4846 331 331 327 327 329 329 4846 4846 4847 4847 4844 4844 331 331 325 325 327 327 2895 2895 4847 4847 4846 4846 1400 1400 4848 4848 4849 4849 2892 2892 4850 4850 2895 2895 1400 1400 1396 1396 4848 4848 4851 4851 4847 4847 2895 2895 1314 1314 4852 4852 4853 4853 2886 2886 4850 4850 2892 2892 2895 2895 4850 4850 4851 4851 1314 1314 4853 4853 1318 1318 3105 3105 4854 4854 3104 3104 4851 4851 4855 4855 4847 4847 2892 2892 2888 2888 2886 2886 4850 4850 2886 2886 2884 2884 4850 4850 4856 4856 4851 4851 1246 1246 3107 3107 3108 3108 1246 1246 1252 1252 3107 3107 4856 4856 4855 4855 4851 4851 1247 1247 1240 1240 2926 2926 2884 2884 4856 4856 4850 4850 1156 1156 3118 3118 1167 1167 1151 1151 3123 3123 3121 3121 4856 4856 4857 4857 4855 4855 4858 4858 4856 4856 2884 2884 1122 1122 3109 3109 3129 3129 1247 1247 3112 3112 3132 3132 4859 4859 4857 4857 4856 4856 2884 2884 2881 2881 4858 4858 4856 4856 4858 4858 4860 4860 3136 3136 3133 3133 3135 3135 3140 3140 3139 3139 4861 4861 4857 4857 4859 4859 4862 4862 4856 4856 4860 4860 4859 4859 4863 4863 4858 4858 2881 2881 4860 4860 4858 4858 4864 4864 1000 1000 1024 1024 3141 3141 1000 1000 3142 3142 3143 3143 4865 4865 4862 4862 4859 4859 4865 4865 4859 4859 4860 4860 2881 2881 2879 2879 4863 4863 4858 4858 4863 4863 4866 4866 4858 4858 4867 4867 4864 4864 4860 4860 4864 4864 4865 4865 1000 1000 3143 3143 991 991 991 991 3144 3144 3145 3145 4867 4867 4862 4862 4865 4865 2875 2875 4863 4863 2879 2879 4868 4868 4866 4866 4863 4863 4866 4866 4867 4867 4858 4858 4867 4867 4865 4865 4864 4864 2874 2874 4863 4863 2875 2875 4863 4863 2874 2874 4868 4868 4869 4869 4866 4866 4868 4868 4870 4870 4867 4867 4866 4866 991 991 3145 3145 973 973 2871 2871 4868 4868 2874 2874 4866 4866 4869 4869 4870 4870 4868 4868 4836 4836 4869 4869 963 963 973 973 3147 3147 4836 4836 4868 4868 2871 2871 4871 4871 4870 4870 4869 4869 4836 4836 4871 4871 4869 4869 4872 4872 4870 4870 4871 4871 4873 4873 4871 4871 4836 4836 4870 4870 4872 4872 4874 4874 4871 4871 4873 4873 4872 4872 4837 4837 4873 4873 4836 4836 4875 4875 4874 4874 4872 4872 4876 4876 4872 4872 4873 4873 4877 4877 4873 4873 4837 4837 4876 4876 4875 4875 4872 4872 4874 4874 4875 4875 4878 4878 4873 4873 4877 4877 4876 4876 4837 4837 4840 4840 4877 4877 4876 4876 4879 4879 4875 4875 4875 4875 4880 4880 4878 4878 4877 4877 4881 4881 4876 4876 4881 4881 4877 4877 4840 4840 4879 4879 4880 4880 4875 4875 4881 4881 4879 4879 4876 4876 4840 4840 4882 4882 4881 4881 4879 4879 4883 4883 4880 4880 4881 4881 4883 4883 4879 4879 4884 4884 4881 4881 4882 4882 4881 4881 4884 4884 4883 4883 958 958 963 963 3152 3152 949 949 958 958 3154 3154 945 945 3161 3161 3160 3160 930 930 4885 4885 4886 4886 930 930 929 929 4885 4885 744 744 284 284 283 283 702 702 3167 3167 3165 3165 702 702 678 678 3167 3167 662 662 686 686 3172 3172 668 668 3173 3173 678 678 663 663 4887 4887 3178 3178 663 663 653 653 4887 4887 658 658 664 664 3177 3177 658 658 3180 3180 3175 3175 658 658 3175 3175 668 668 645 645 673 673 3179 3179 646 646 3181 3181 3182 3182 646 646 645 645 3181 3181 555 555 290 290 3184 3184 546 546 3187 3187 3190 3190 546 546 548 548 3187 3187 514 514 256 256 258 258 511 511 3195 3195 3193 3193 511 511 514 514 3195 3195 515 515 3208 3208 3203 3203 515 515 509 509 3208 3208 503 503 3204 3204 3205 3205 503 503 511 511 3204 3204 509 509 3206 3206 3207 3207 509 509 503 503 3206 3206 19 19 56 56 20 20 422 422 3209 3209 432 432 406 406 3215 3215 3221 3221 406 406 421 421 3215 3215 416 416 3218 3218 3216 3216 416 416 3216 3216 421 421 420 420 4888 4888 3217 3217 420 420 3217 3217 416 416 546 546 3222 3222 3223 3223 256 256 3224 3224 257 257 292 292 3231 3231 3234 3234 270 270 3237 3237 271 271 270 270 4889 4889 3241 3241 19 19 21 21 4890 4890 35 35 3246 3246 60 60 34 34 3254 3254 35 35 5 5 3261 3261 3259 3259 5 5 3259 3259 6 6 5 5 4891 4891 3262 3262 5 5 2 2 4891 4891 4892 4892 4893 4893 4894 4894 4895 4895 4896 4896 4897 4897 4898 4898 4899 4899 4895 4895 4896 4896 4895 4895 4899 4899 4900 4900 4901 4901 4902 4902 4902 4902 29 29 4900 4900 4900 4900 29 29 26 26 4903 4903 47 47 39 39 47 47 4903 4903 4904 4904 47 47 4904 4904 55 55 4905 4905 4906 4906 4907 4907 3275 3275 4905 4905 4907 4907 4907 4907 78 78 3275 3275 2863 2863 4908 4908 2866 2866 4909 4909 4910 4910 4906 4906 4911 4911 4910 4910 4909 4909 4910 4910 4911 4911 4912 4912 4913 4913 4912 4912 4914 4914 4912 4912 4913 4913 4910 4910 78 78 4907 4907 70 70 4907 4907 4915 4915 70 70 70 70 4915 4915 39 39 4914 4914 4916 4916 4913 4913 2866 2866 4908 4908 2850 2850 4906 4906 4910 4910 4907 4907 4915 4915 4903 4903 39 39 2861 2861 4908 4908 2863 2863 4916 4916 4904 4904 4903 4903 4907 4907 4910 4910 4913 4913 4907 4907 4913 4913 4915 4915 4913 4913 4903 4903 4915 4915 4903 4903 4913 4913 4916 4916 235 235 4917 4917 231 231 4918 4918 4919 4919 4920 4920 4921 4921 4922 4922 4923 4923 4923 4923 4924 4924 4921 4921 4925 4925 4926 4926 4924 4924 4926 4926 4921 4921 4924 4924 4926 4926 4925 4925 4927 4927 4918 4918 4920 4920 242 242 2861 2861 4928 4928 4908 4908 2861 2861 2858 2858 4929 4929 2852 2852 4929 4929 2858 2858 3282 3282 242 242 4920 4920 3282 3282 4920 4920 4927 4927 4921 4921 4920 4920 4922 4922 4927 4927 4921 4921 4926 4926 4920 4920 4921 4921 4927 4927 238 238 3281 3281 4918 4918 238 238 4918 4918 242 242 247 247 4930 4930 250 250 247 247 4931 4931 4930 4930 4917 4917 4931 4931 247 247 231 231 4917 4917 247 247 4932 4932 4933 4933 4934 4934 781 781 740 740 760 760 760 760 732 732 744 744 4935 4935 4928 4928 2861 2861 2861 2861 4929 4929 4935 4935 2852 2852 2849 2849 4929 4929 2845 2845 4936 4936 4937 4937 2845 2845 2850 2850 4936 4936 4938 4938 4939 4939 4940 4940 3284 3284 4941 4941 259 259 4941 4941 262 262 259 259 4942 4942 4943 4943 4944 4944 4945 4945 4944 4944 4943 4943 4945 4945 4943 4943 4942 4942 4258 4258 4266 4266 4946 4946 4946 4946 4266 4266 4947 4947 4258 4258 4946 4946 4948 4948 4946 4946 4938 4938 4949 4949 4949 4949 4950 4950 4946 4946 4928 4928 4935 4935 4951 4951 4935 4935 4929 4929 4952 4952 4929 4929 2849 2849 4953 4953 4946 4946 4950 4950 4948 4948 426 426 4954 4954 4955 4955 2842 2842 4953 4953 2849 2849 4955 4955 4954 4954 4956 4956 4957 4957 4958 4958 4959 4959 4959 4959 4958 4958 4960 4960 4961 4961 4962 4962 4959 4959 4963 4963 4964 4964 4965 4965 4952 4952 4951 4951 4935 4935 4951 4951 4966 4966 4928 4928 4953 4953 4952 4952 4929 4929 4967 4967 4968 4968 4957 4957 4969 4969 4970 4970 4971 4971 4972 4972 4953 4953 2842 2842 2842 2842 2839 2839 4972 4972 4971 4971 4970 4970 4957 4957 4968 4968 4971 4971 4957 4957 282 282 277 277 4973 4973 4952 4952 4974 4974 4951 4951 4966 4966 4951 4951 4975 4975 4952 4952 4953 4953 4976 4976 283 283 790 790 760 760 4953 4953 4972 4972 4977 4977 4978 4978 4972 4972 2839 2839 2834 2834 2837 2837 4979 4979 790 790 283 283 558 558 4974 4974 4975 4975 4951 4951 4980 4980 4974 4974 4952 4952 4976 4976 4980 4980 4952 4952 4977 4977 4976 4976 4953 4953 558 558 283 283 290 290 4972 4972 4981 4981 4977 4977 4978 4978 4981 4981 4972 4972 2834 2834 4979 4979 4982 4982 528 528 547 547 4983 4983 4980 4980 4976 4976 4984 4984 4976 4976 4977 4977 4985 4985 4983 4983 513 513 528 528 513 513 4983 4983 508 508 4981 4981 4985 4985 4977 4977 4979 4979 4986 4986 4982 4982 2834 2834 4982 4982 2832 2832 508 508 4983 4983 529 529 4976 4976 4985 4985 4984 4984 4987 4987 4982 4982 4986 4986 2832 2832 4982 4982 4987 4987 328 328 2832 2832 331 331 529 529 4983 4983 547 547 4986 4986 4988 4988 4987 4987 2832 2832 4987 4987 331 331 4989 4989 4990 4990 4991 4991 4992 4992 4987 4987 4988 4988 331 331 4987 4987 4992 4992 4993 4993 4994 4994 4995 4995 325 325 331 331 4992 4992 4991 4991 4990 4990 4996 4996 325 325 4992 4992 2827 2827 4996 4996 4990 4990 4993 4993 4996 4996 4997 4997 4991 4991 4996 4996 4998 4998 4997 4997 4999 4999 4998 4998 4996 4996 4993 4993 4999 4999 4996 4996 2845 2845 4979 4979 2837 2837 4979 4979 2845 2845 4937 4937 4937 4937 4986 4986 4979 4979 4999 4999 5000 5000 4998 4998 4993 4993 5000 5000 4999 4999 2825 2825 9 9 4155 4155 5001 5001 5000 5000 4993 4993 4993 4993 4995 4995 5001 5001 5002 5002 5003 5003 4995 4995 4155 4155 5004 5004 2825 2825 5005 5005 5002 5002 4995 4995 4994 4994 5005 5005 4995 4995 5006 5006 5005 5005 4994 4994 5007 5007 5004 5004 4155 4155 2825 2825 5004 5004 2824 2824 5006 5006 4994 4994 4993 4993 5008 5008 5006 5006 4993 4993 4989 4989 5008 5008 4990 4990 4990 4990 5008 5008 4993 4993 5004 5004 5009 5009 2824 2824 5010 5010 5011 5011 5012 5012 5013 5013 5011 5011 5014 5014 5011 5011 5013 5013 5012 5012 5015 5015 5016 5016 5017 5017 5009 5009 5018 5018 2824 2824 5016 5016 5012 5012 5017 5017 5012 5012 5013 5013 5017 5017 5013 5013 5019 5019 5017 5017 2824 2824 5020 5020 2822 2822 5014 5014 5021 5021 5022 5022 5014 5014 5022 5022 5019 5019 2824 2824 5018 5018 5020 5020 5018 5018 5009 5009 5023 5023 2819 2819 2822 2822 5024 5024 5013 5013 5014 5014 5019 5019 2822 2822 5020 5020 5025 5025 5026 5026 5027 5027 5028 5028 5026 5026 5028 5028 5029 5029 5029 5029 5028 5028 5030 5030 5018 5018 5031 5031 5020 5020 5031 5031 5018 5018 5023 5023 5024 5024 2822 2822 5025 5025 2818 2818 2819 2819 5024 5024 5032 5032 5033 5033 5034 5034 5033 5033 5035 5035 5034 5034 5020 5020 5036 5036 5025 5025 5037 5037 5035 5035 5033 5033 5037 5037 5038 5038 5035 5035 5039 5039 5038 5038 5037 5037 5040 5040 5039 5039 5041 5041 5020 5020 5031 5031 5036 5036 5023 5023 5042 5042 5031 5031 5043 5043 5024 5024 5025 5025 5024 5024 5043 5043 2818 2818 5041 5041 5039 5039 5037 5037 5041 5041 5037 5037 5033 5033 5025 5025 5036 5036 5044 5044 5033 5033 5045 5045 5041 5041 5031 5031 5042 5042 5036 5036 5023 5023 5046 5046 5042 5042 5025 5025 5044 5044 5043 5043 2818 2818 5043 5043 2814 2814 5047 5047 5048 5048 5049 5049 5050 5050 5049 5049 5048 5048 5051 5051 5044 5044 5036 5036 5050 5050 5048 5048 5052 5052 5042 5042 5053 5053 5036 5036 5053 5053 5042 5042 5046 5046 5043 5043 5044 5044 5051 5051 2811 2811 2814 2814 5043 5043 5050 5050 5052 5052 5045 5045 5048 5048 5054 5054 5052 5052 5045 5045 5054 5054 5041 5041 5045 5045 5052 5052 5054 5054 5036 5036 5053 5053 5051 5051 5055 5055 5049 5049 5056 5056 5046 5046 5057 5057 5053 5053 5043 5043 5051 5051 5058 5058 5059 5059 2811 2811 5043 5043 5002 5002 5060 5060 5061 5061 5005 5005 5060 5060 5002 5002 5062 5062 5050 5050 5045 5045 5056 5056 5050 5050 5062 5062 5063 5063 5051 5051 5053 5053 5057 5057 5064 5064 5053 5053 5065 5065 5058 5058 5051 5051 5043 5043 5058 5058 5059 5059 2811 2811 5059 5059 2808 2808 5049 5049 5050 5050 5056 5056 5066 5066 5030 5030 5028 5028 5066 5066 5028 5028 5067 5067 5028 5028 5027 5027 5067 5067 5027 5027 5047 5047 5067 5067 5063 5063 5053 5053 5068 5068 5069 5069 5051 5051 5063 5063 5068 5068 5053 5053 5064 5064 5058 5058 5065 5065 5059 5059 5051 5051 5069 5069 5065 5065 2806 2806 2808 2808 5059 5059 5067 5067 5047 5047 5049 5049 5066 5066 5067 5067 5055 5055 5055 5055 5067 5067 5049 5049 5070 5070 5071 5071 5072 5072 5073 5073 5070 5070 5072 5072 5073 5073 5074 5074 5070 5070 5063 5063 5068 5068 5075 5075 5076 5076 5069 5069 5063 5063 5077 5077 5068 5068 5064 5064 5065 5065 5078 5078 5059 5059 5065 5065 5069 5069 5078 5078 5073 5073 5079 5079 5074 5074 5059 5059 5080 5080 2806 2806 5081 5081 5074 5074 5079 5079 5082 5082 5081 5081 5079 5079 5083 5083 5081 5081 5082 5082 5082 5082 5084 5084 5083 5083 5085 5085 5086 5086 5087 5087 5068 5068 5077 5077 5075 5075 5063 5063 5075 5075 5076 5076 5088 5088 5069 5069 5076 5076 5089 5089 5077 5077 5064 5064 5059 5059 5078 5078 5080 5080 5088 5088 5078 5078 5069 5069 5084 5084 5082 5082 5086 5086 2806 2806 5080 5080 5090 5090 5083 5083 5084 5084 5091 5091 5085 5085 5092 5092 5091 5091 5085 5085 5091 5091 5086 5086 5091 5091 5084 5084 5086 5086 5093 5093 5094 5094 5095 5095 5077 5077 5089 5089 5075 5075 5076 5076 5075 5075 5096 5096 5097 5097 5088 5088 5076 5076 5078 5078 5088 5088 5080 5080 2806 2806 5090 5090 2802 2802 5098 5098 5090 5090 5080 5080 5093 5093 5099 5099 5094 5094 339 339 352 352 5100 5100 5075 5075 5089 5089 5101 5101 5075 5075 5101 5101 5096 5096 5097 5097 5076 5076 5096 5096 5102 5102 5088 5088 5097 5097 5102 5102 5080 5080 5088 5088 2802 2802 5090 5090 5098 5098 5098 5098 5080 5080 5102 5102 5100 5100 342 342 339 339 336 336 344 344 5093 5093 344 344 5099 5099 5093 5093 5096 5096 5101 5101 5097 5097 5102 5102 5097 5097 5103 5103 2799 2799 2802 2802 5098 5098 5104 5104 5098 5098 5102 5102 5105 5105 342 342 5100 5100 5105 5105 5099 5099 342 342 5097 5097 5101 5101 5106 5106 5107 5107 5103 5103 5097 5097 5108 5108 5102 5102 5103 5103 5098 5098 5104 5104 2799 2799 5108 5108 5104 5104 5102 5102 344 344 342 342 5099 5099 5109 5109 5110 5110 5111 5111 5097 5097 5106 5106 5107 5107 5103 5103 5107 5107 5112 5112 5108 5108 5103 5103 5112 5112 2799 2799 5104 5104 2797 2797 2797 2797 5104 5104 5108 5108 5113 5113 5109 5109 5111 5111 5110 5110 5109 5109 5114 5114 5115 5115 5107 5107 5106 5106 5112 5112 5107 5107 5115 5115 5114 5114 5116 5116 5110 5110 5116 5116 5117 5117 5110 5110 5118 5118 5119 5119 5120 5120 5120 5120 5121 5121 5118 5118 5122 5122 5109 5109 5113 5113 5123 5123 5124 5124 5125 5125 5126 5126 5124 5124 5123 5123 5123 5123 5125 5125 5127 5127 5126 5126 5123 5123 5128 5128 5124 5124 5126 5126 5129 5129 5128 5128 5123 5123 5127 5127 5130 5130 5127 5127 5125 5125 5131 5131 5126 5126 5128 5128 5127 5127 5132 5132 5128 5128 5127 5127 5130 5130 5133 5133 5131 5131 5128 5128 5134 5134 5132 5132 5127 5127 5135 5135 5136 5136 5128 5128 5132 5132 5133 5133 5135 5135 5127 5127 5137 5137 5133 5133 5130 5130 5134 5134 5128 5128 5138 5138 5132 5132 5135 5135 5139 5139 5128 5128 5136 5136 5138 5138 5136 5136 5132 5132 5140 5140 5135 5135 5133 5133 5141 5141 5137 5137 5141 5141 5133 5133 5134 5134 5138 5138 5142 5142 5139 5139 5140 5140 5132 5132 5141 5141 5139 5139 5135 5135 5136 5136 5143 5143 5138 5138 5140 5140 5143 5143 5136 5136 5141 5141 5137 5137 5144 5144 5138 5138 5145 5145 5142 5142 5134 5134 5142 5142 5146 5146 5140 5140 5139 5139 5147 5147 5141 5141 5147 5147 5139 5139 5138 5138 5143 5143 5145 5145 5140 5140 5148 5148 5143 5143 5144 5144 5149 5149 5141 5141 5145 5145 5150 5150 5142 5142 5142 5142 5151 5151 5146 5146 5147 5147 5152 5152 5140 5140 5149 5149 5147 5147 5141 5141 5143 5143 5153 5153 5145 5145 5153 5153 5143 5143 5148 5148 5148 5148 5140 5140 5152 5152 5154 5154 5149 5149 5144 5144 5151 5151 5142 5142 5150 5150 5145 5145 5153 5153 5150 5150 5155 5155 5152 5152 5147 5147 5149 5149 5156 5156 5147 5147 5148 5148 5157 5157 5153 5153 5152 5152 5158 5158 5148 5148 5149 5149 5154 5154 5159 5159 5160 5160 5154 5154 5144 5144 5153 5153 5161 5161 5150 5150 5152 5152 5155 5155 5162 5162 5155 5155 5147 5147 5156 5156 5163 5163 5156 5156 5149 5149 5161 5161 5153 5153 5157 5157 5148 5148 5158 5158 5157 5157 5158 5158 5152 5152 5162 5162 5159 5159 5163 5163 5149 5149 5160 5160 5159 5159 5154 5154 5155 5155 5164 5164 5162 5162 5156 5156 5165 5165 5155 5155 5166 5166 5156 5156 5163 5163 5157 5157 5167 5167 5161 5161 5157 5157 5158 5158 5168 5168 5158 5158 5162 5162 5169 5169 5163 5163 5159 5159 5170 5170 5169 5169 5162 5162 5164 5164 5155 5155 5165 5165 5164 5164 5171 5171 5165 5165 5156 5156 5170 5170 5166 5166 5163 5163 5166 5166 5171 5171 5156 5156 5167 5167 5157 5157 5168 5168 5168 5168 5158 5158 5169 5169 5165 5165 5172 5172 5164 5164 5171 5171 5172 5172 5165 5165 5170 5170 5173 5173 5166 5166 5171 5171 5166 5166 5174 5174 5175 5175 5172 5172 5171 5171 5173 5173 5174 5174 5166 5166 5174 5174 5176 5176 5171 5171 5176 5176 5175 5175 5171 5171 5173 5173 5176 5176 5174 5174 5113 5113 5177 5177 5178 5178 5109 5109 5179 5179 5114 5114 5122 5122 5180 5180 5109 5109 5179 5179 5116 5116 5114 5114 5116 5116 5181 5181 5117 5117 5181 5181 5182 5182 5117 5117 5119 5119 5183 5183 5120 5120 5118 5118 5184 5184 5119 5119 5121 5121 5185 5185 5118 5118 5186 5186 5178 5178 5177 5177 5187 5187 5188 5188 5186 5186 5178 5178 5122 5122 5113 5113 5180 5180 5179 5179 5109 5109 5189 5189 5180 5180 5122 5122 5179 5179 5190 5190 5116 5116 5181 5181 5116 5116 5191 5191 5181 5181 5192 5192 5182 5182 5183 5183 5119 5119 5193 5193 5184 5184 5194 5194 5119 5119 5118 5118 5195 5195 5184 5184 5195 5195 5118 5118 5185 5185 5196 5196 5197 5197 5187 5187 5178 5178 5186 5186 5188 5188 5187 5187 5198 5198 5188 5188 5178 5178 5189 5189 5122 5122 4273 4273 4947 4947 4266 4266 5199 5199 5200 5200 5201 5201 5199 5199 5202 5202 5200 5200 5199 5199 5201 5201 5203 5203 5204 5204 5202 5202 5199 5199 5204 5204 5199 5199 5203 5203 5205 5205 5202 5202 5204 5204 5203 5203 5206 5206 5204 5204 5207 5207 5205 5205 5204 5204 5207 5207 5204 5204 5206 5206 5208 5208 5205 5205 5207 5207 5206 5206 5209 5209 5207 5207 5208 5208 5210 5210 5205 5205 5207 5207 5211 5211 5208 5208 5212 5212 5207 5207 5209 5209 5213 5213 5210 5210 5208 5208 5208 5208 5211 5211 5213 5213 5214 5214 5211 5211 5207 5207 5207 5207 5212 5212 5214 5214 5215 5215 5212 5212 5209 5209 5216 5216 5210 5210 5213 5213 5211 5211 5217 5217 5213 5213 5218 5218 5211 5211 5214 5214 5219 5219 5214 5214 5212 5212 5219 5219 5212 5212 5215 5215 5216 5216 5220 5220 5210 5210 5221 5221 5216 5216 5213 5213 5218 5218 5217 5217 5211 5211 5213 5213 5217 5217 5221 5221 5218 5218 5214 5214 5219 5219 5219 5219 5215 5215 5222 5222 5223 5223 5220 5220 5216 5216 5216 5216 5221 5221 5224 5224 5225 5225 5217 5217 5218 5218 5226 5226 5221 5221 5217 5217 5227 5227 5218 5218 5219 5219 5219 5219 5222 5222 5227 5227 5223 5223 5228 5228 5220 5220 5229 5229 5223 5223 5216 5216 5230 5230 5224 5224 5221 5221 5216 5216 5224 5224 5229 5229 5217 5217 5225 5225 5226 5226 5227 5227 5225 5225 5218 5218 5221 5221 5226 5226 5230 5230 5223 5223 5231 5231 5228 5228 5223 5223 5229 5229 5231 5231 5224 5224 5230 5230 5232 5232 5232 5232 5229 5229 5224 5224 5229 5229 5232 5232 5231 5231 5233 5233 5234 5234 5235 5235 5180 5180 5236 5236 5179 5179 5189 5189 5237 5237 5180 5180 5236 5236 5190 5190 5179 5179 5190 5190 5191 5191 5116 5116 5191 5191 5238 5238 5181 5181 5238 5238 5192 5192 5181 5181 5192 5192 5239 5239 5182 5182 5240 5240 5194 5194 5184 5184 2768 2768 5241 5241 2791 2791 5194 5194 5193 5193 5119 5119 5195 5195 5242 5242 5184 5184 5243 5243 5195 5195 5185 5185 5235 5235 5197 5197 5196 5196 2791 2791 5241 5241 5244 5244 2788 2788 2791 2791 5245 5245 5197 5197 5198 5198 5187 5187 5188 5188 5198 5198 5178 5178 2784 2784 2785 2785 2788 2788 5246 5246 5189 5189 5178 5178 5244 5244 5247 5247 2791 2791 5245 5245 2791 2791 5247 5247 5245 5245 5248 5248 2788 2788 5249 5249 5237 5237 5189 5189 2784 2784 2788 2788 5248 5248 3298 3298 5234 5234 5233 5233 5244 5244 5250 5250 5247 5247 5245 5245 5247 5247 5251 5251 5245 5245 5252 5252 5248 5248 5253 5253 5235 5235 5234 5234 2784 2784 5248 5248 5254 5254 5237 5237 5236 5236 5180 5180 2780 2780 2784 2784 5254 5254 5251 5251 5247 5247 5250 5250 5251 5251 5252 5252 5245 5245 5248 5248 5252 5252 5255 5255 5236 5236 5191 5191 5190 5190 5191 5191 5192 5192 5238 5238 5255 5255 5254 5254 5248 5248 5192 5192 5256 5256 5239 5239 5254 5254 5257 5257 2780 2780 5250 5250 5258 5258 5251 5251 5252 5252 5251 5251 5258 5258 5255 5255 5252 5252 5259 5259 5184 5184 5242 5242 5240 5240 5240 5240 5193 5193 5194 5194 5243 5243 5242 5242 5195 5195 5255 5255 5260 5260 5254 5254 5235 5235 5253 5253 5197 5197 5257 5257 5254 5254 5261 5261 5250 5250 5262 5262 5258 5258 5258 5258 5259 5259 5252 5252 5259 5259 5263 5263 5255 5255 5255 5255 5264 5264 5260 5260 5254 5254 5260 5260 5261 5261 5265 5265 5262 5262 5250 5250 5262 5262 5263 5263 5258 5258 5258 5258 5263 5263 5259 5259 5263 5263 5266 5266 5255 5255 5266 5266 5264 5264 5255 5255 5265 5265 5267 5267 5262 5262 5263 5263 5262 5262 5267 5267 5266 5266 5263 5263 5268 5268 5264 5264 5266 5266 5268 5268 5267 5267 5268 5268 5263 5263 5197 5197 5269 5269 5198 5198 5198 5198 5246 5246 5178 5178 5246 5246 5249 5249 5189 5189 5249 5249 5270 5270 5237 5237 3298 3298 353 353 5234 5234 5234 5234 5271 5271 5253 5253 5237 5237 5270 5270 5236 5236 5191 5191 5236 5236 5272 5272 5192 5192 5191 5191 5273 5273 5273 5273 5256 5256 5192 5192 5242 5242 5274 5274 5240 5240 5240 5240 5275 5275 5193 5193 5193 5193 5275 5275 5276 5276 5277 5277 5242 5242 5243 5243 5253 5253 5269 5269 5197 5197 5246 5246 5198 5198 5269 5269 5246 5246 5278 5278 5249 5249 5278 5278 5270 5270 5249 5249 353 353 5279 5279 5234 5234 5234 5234 5279 5279 5271 5271 5271 5271 5280 5280 5253 5253 5270 5270 5272 5272 5236 5236 5272 5272 5273 5273 5191 5191 5256 5256 5273 5273 5281 5281 5277 5277 5274 5274 5242 5242 5240 5240 5274 5274 5282 5282 5282 5282 5275 5275 5240 5240 5276 5276 5275 5275 5283 5283 5284 5284 5277 5277 5243 5243 5269 5269 5253 5253 5280 5280 5269 5269 5285 5285 5246 5246 5278 5278 5246 5246 5285 5285 5278 5278 5286 5286 5270 5270 5279 5279 353 353 356 356 5279 5279 5280 5280 5271 5271 5286 5286 5287 5287 5270 5270 5270 5270 5287 5287 5272 5272 5273 5273 5272 5272 5281 5281 2778 2778 5288 5288 2765 2765 5281 5281 5289 5289 5256 5256 2772 2772 5290 5290 2778 2778 5291 5291 5274 5274 5277 5277 2763 2763 5292 5292 2769 2769 5274 5274 5293 5293 5282 5282 5275 5275 5282 5282 5283 5283 5284 5284 5256 5256 5289 5289 5284 5284 5294 5294 5277 5277 2772 2772 2769 2769 5292 5292 2778 2778 5290 5290 5288 5288 5288 5288 5241 5241 2765 2765 2765 2765 5241 5241 2768 2768 5295 5295 5290 5290 2772 2772 5292 5292 2763 2763 5296 5296 2762 2762 5296 5296 2763 2763 5285 5285 5269 5269 5280 5280 5285 5285 5286 5286 5278 5278 356 356 360 360 5279 5279 5292 5292 5295 5295 2772 2772 5288 5288 5290 5290 5297 5297 5241 5241 5288 5288 5244 5244 5290 5290 5295 5295 5298 5298 5296 5296 5299 5299 5292 5292 2762 2762 5300 5300 5296 5296 5301 5301 2762 2762 2759 2759 5279 5279 5302 5302 5280 5280 5286 5286 5303 5303 5287 5287 5287 5287 5304 5304 5272 5272 5292 5292 5298 5298 5295 5295 5298 5298 5297 5297 5290 5290 5288 5288 5297 5297 5305 5305 5288 5288 5305 5305 5244 5244 5299 5299 5296 5296 5300 5300 5299 5299 5298 5298 5292 5292 2762 2762 5306 5306 5300 5300 2754 2754 5301 5301 2759 2759 5301 5301 5306 5306 2762 2762 5281 5281 5272 5272 5307 5307 5307 5307 5308 5308 5281 5281 5289 5289 5281 5281 5308 5308 5297 5297 5298 5298 5309 5309 5305 5305 5297 5297 5310 5310 5244 5244 5305 5305 5310 5310 5299 5299 5300 5300 5311 5311 5298 5298 5299 5299 5311 5311 5306 5306 5312 5312 5300 5300 2753 2753 5301 5301 2754 2754 5313 5313 5306 5306 5301 5301 5294 5294 5291 5291 5277 5277 5291 5291 5293 5293 5274 5274 5282 5282 5293 5293 5314 5314 5297 5297 5309 5309 5310 5310 5298 5298 5315 5315 5309 5309 5244 5244 5310 5310 5316 5316 5300 5300 5312 5312 5311 5311 5311 5311 5315 5315 5298 5298 5317 5317 5312 5312 5306 5306 5282 5282 5314 5314 5283 5283 5301 5301 2753 2753 5318 5318 5306 5306 5313 5313 5317 5317 5318 5318 5313 5313 5301 5301 5289 5289 5294 5294 5284 5284 709 709 5319 5319 5320 5320 5280 5280 5302 5302 5285 5285 5309 5309 5321 5321 5310 5310 5309 5309 5315 5315 5321 5321 5310 5310 5322 5322 5316 5316 5316 5316 5250 5250 5244 5244 5312 5312 5323 5323 5311 5311 5315 5315 5311 5311 5324 5324 5312 5312 5317 5317 5325 5325 5285 5285 5326 5326 5286 5286 2750 2750 5318 5318 2753 2753 5327 5327 5317 5317 5313 5313 5313 5313 5318 5318 5327 5327 360 360 5302 5302 5279 5279 364 364 709 709 5328 5328 5320 5320 5328 5328 709 709 5321 5321 5329 5329 5310 5310 5315 5315 5330 5330 5321 5321 5310 5310 5331 5331 5322 5322 5316 5316 5322 5322 5250 5250 5323 5323 5312 5312 5332 5332 5311 5311 5323 5323 5324 5324 5330 5330 5315 5315 5324 5324 5325 5325 5332 5332 5312 5312 5327 5327 5325 5325 5317 5317 5326 5326 5303 5303 5286 5286 5333 5333 5318 5318 2750 2750 5333 5333 5327 5327 5318 5318 5304 5304 5287 5287 5303 5303 5304 5304 5307 5307 5272 5272 5307 5307 5334 5334 5308 5308 5321 5321 5330 5330 5329 5329 5329 5329 5335 5335 5310 5310 5310 5310 5335 5335 5331 5331 5322 5322 5331 5331 5336 5336 5250 5250 5322 5322 5265 5265 5324 5324 5323 5323 5332 5332 5324 5324 5337 5337 5330 5330 5325 5325 5338 5338 5332 5332 5339 5339 5325 5325 5327 5327 5289 5289 5308 5308 5340 5340 709 709 5341 5341 5319 5319 5342 5342 5333 5333 2750 2750 5343 5343 5327 5327 5333 5333 5344 5344 5345 5345 5283 5283 5294 5294 5346 5346 5291 5291 5329 5329 5330 5330 5331 5331 5335 5335 5329 5329 5331 5331 5336 5336 5347 5347 5322 5322 5331 5331 5330 5330 5336 5336 5322 5322 5348 5348 5265 5265 5324 5324 5332 5332 5349 5349 5349 5349 5337 5337 5324 5324 5330 5330 5337 5337 5336 5336 5338 5338 5350 5350 5332 5332 5351 5351 5338 5338 5325 5325 5339 5339 5351 5351 5325 5325 5343 5343 5339 5339 5327 5327 5346 5346 5293 5293 5291 5291 2750 2750 2747 2747 5342 5342 5293 5293 5352 5352 5314 5314 5342 5342 5343 5343 5333 5333 5314 5314 5344 5344 5283 5283 5289 5289 5353 5353 5294 5294 5347 5347 5336 5336 5354 5354 5347 5347 5348 5348 5322 5322 5348 5348 5267 5267 5265 5265 5349 5349 5332 5332 5350 5350 5337 5337 5349 5349 5355 5355 5336 5336 5337 5337 5354 5354 5338 5338 5215 5215 5350 5350 5351 5351 5356 5356 5338 5338 5357 5357 5351 5351 5339 5339 5358 5358 5339 5339 5343 5343 5340 5340 5353 5353 5289 5289 5359 5359 5320 5320 5319 5319 2743 2743 5342 5342 2747 2747 5360 5360 5343 5343 5342 5342 5302 5302 5326 5326 5285 5285 5302 5302 360 360 362 362 5354 5354 5361 5361 5347 5347 5348 5348 5347 5347 5361 5361 5267 5267 5348 5348 5361 5361 5350 5350 5355 5355 5349 5349 5337 5337 5355 5355 5354 5354 5350 5350 5215 5215 5362 5362 5363 5363 5215 5215 5338 5338 5364 5364 5356 5356 5351 5351 5356 5356 5363 5363 5338 5338 5357 5357 5364 5364 5351 5351 5358 5358 5357 5357 5339 5339 5360 5360 5358 5358 5343 5343 364 364 5328 5328 362 362 5328 5328 5320 5320 5365 5365 5366 5366 5342 5342 2743 2743 5366 5366 5360 5360 5342 5342 5303 5303 5326 5326 5367 5367 5303 5303 5368 5368 5304 5304 5354 5354 5369 5369 5361 5361 5267 5267 5361 5361 5268 5268 5362 5362 5355 5355 5350 5350 5355 5355 5369 5369 5354 5354 5215 5215 5209 5209 5362 5362 5215 5215 5363 5363 5370 5370 5356 5356 5364 5364 5371 5371 5371 5371 5363 5363 5356 5356 5364 5364 5357 5357 5372 5372 5373 5373 5357 5357 5358 5358 5374 5374 5358 5358 5360 5360 5304 5304 5334 5334 5307 5307 2743 2743 2740 2740 5366 5366 5375 5375 5360 5360 5366 5366 5334 5334 5340 5340 5308 5308 5341 5341 5376 5376 5319 5319 5369 5369 5377 5377 5361 5361 5268 5268 5361 5361 5377 5377 5362 5362 5369 5369 5355 5355 5362 5362 5209 5209 5369 5369 5370 5370 5222 5222 5215 5215 5378 5378 5370 5370 5363 5363 5364 5364 5372 5372 5371 5371 5363 5363 5371 5371 5378 5378 5379 5379 5372 5372 5357 5357 5373 5373 5379 5379 5357 5357 5374 5374 5373 5373 5358 5358 5360 5360 5375 5375 5374 5374 5345 5345 5344 5344 5380 5380 5294 5294 5381 5381 5346 5346 2740 2740 5375 5375 5366 5366 5346 5346 5382 5382 5293 5293 5293 5293 5382 5382 5352 5352 5352 5352 5383 5383 5314 5314 5369 5369 5206 5206 5377 5377 5377 5377 5384 5384 5268 5268 5209 5209 5206 5206 5369 5369 5372 5372 5385 5385 5371 5371 5385 5385 5378 5378 5371 5371 5386 5386 5379 5379 5373 5373 5386 5386 5373 5373 5374 5374 5387 5387 5374 5374 5375 5375 5383 5383 5344 5344 5314 5314 5294 5294 5353 5353 5381 5381 5388 5388 5375 5375 2740 2740 5340 5340 5389 5389 5353 5353 5319 5319 5390 5390 5359 5359 5206 5206 5203 5203 5377 5377 5384 5384 5377 5377 5203 5203 5391 5391 5386 5386 5374 5374 5374 5374 5387 5387 5391 5391 5375 5375 5388 5388 5387 5387 5365 5365 5320 5320 5359 5359 5326 5326 5302 5302 5392 5392 2736 2736 5388 5388 2740 2740 5392 5392 5302 5302 362 362 5328 5328 5365 5365 362 362 5393 5393 5391 5391 5387 5387 5393 5393 5387 5387 5388 5388 5367 5367 5326 5326 5394 5394 5367 5367 5395 5395 5303 5303 2733 2733 5388 5388 2736 2736 5303 5303 5395 5395 5368 5368 5396 5396 5393 5393 5388 5388 5368 5368 5397 5397 5304 5304 5304 5304 5397 5397 5334 5334 5396 5396 5388 5388 2733 2733 5398 5398 5340 5340 5334 5334 5319 5319 5376 5376 5390 5390 5344 5344 5399 5399 5380 5380 5381 5381 5382 5382 5346 5346 2730 2730 5396 5396 2733 2733 5382 5382 5400 5400 5352 5352 5400 5400 5383 5383 5352 5352 5344 5344 5383 5383 5399 5399 5389 5389 5381 5381 5353 5353 5401 5401 5396 5396 2730 2730 5398 5398 5389 5389 5340 5340 5365 5365 5359 5359 5390 5390 5392 5392 5394 5394 5326 5326 2728 2728 5401 5401 2730 2730 362 362 5365 5365 5392 5392 5395 5395 5367 5367 5394 5394 5402 5402 5401 5401 2728 2728 5395 5395 5397 5397 5368 5368 5397 5397 5398 5398 5334 5334 2723 2723 5402 5402 2728 2728 5390 5390 5376 5376 5403 5403 5404 5404 5376 5376 5405 5405 2722 2722 5402 5402 2723 2723 5406 5406 5380 5380 5399 5399 5381 5381 5407 5407 5382 5382 5382 5382 5407 5407 5400 5400 5408 5408 5383 5383 5400 5400 5399 5399 5383 5383 5408 5408 5389 5389 5409 5409 5381 5381 5389 5389 5398 5398 5410 5410 5410 5410 5411 5411 5389 5389 5412 5412 5365 5365 5390 5390 5390 5390 5413 5413 5412 5412 5394 5394 5392 5392 5365 5365 5394 5394 5414 5414 5395 5395 5397 5397 5395 5395 5414 5414 5398 5398 5397 5397 5415 5415 5390 5390 5403 5403 5413 5413 5376 5376 5404 5404 5403 5403 5405 5405 5416 5416 5404 5404 5380 5380 5406 5406 5417 5417 5418 5418 5406 5406 5399 5399 4919 4919 5419 5419 4920 4920 4919 4919 5420 5420 5419 5419 5421 5421 4920 4920 5419 5419 5420 5420 4919 4919 5422 5422 5423 5423 5419 5419 5420 5420 4922 4922 4920 4920 5421 5421 5424 5424 5421 5421 5419 5419 5423 5423 5420 5420 5422 5422 5425 5425 5422 5422 4919 4919 5419 5419 5423 5423 5424 5424 4923 4923 4922 4922 5421 5421 5421 5421 5424 5424 4923 4923 5422 5422 5426 5426 5423 5423 5425 5425 5427 5427 5422 5422 5428 5428 5424 5424 5423 5423 4923 4923 5424 5424 5429 5429 5426 5426 5422 5422 5427 5427 5423 5423 5426 5426 5430 5430 5424 5424 5428 5428 5431 5431 5423 5423 5430 5430 5428 5428 5431 5431 5429 5429 5424 5424 5432 5432 4923 4923 5429 5429 5427 5427 5433 5433 5426 5426 5426 5426 5434 5434 5430 5430 5431 5431 5428 5428 5435 5435 5430 5430 5436 5436 5428 5428 5429 5429 5431 5431 5437 5437 5437 5437 5432 5432 5429 5429 5438 5438 5426 5426 5433 5433 5430 5430 5434 5434 5436 5436 5426 5426 5439 5439 5434 5434 5431 5431 5435 5435 5440 5440 5428 5428 5441 5441 5435 5435 5428 5428 5436 5436 5441 5441 5437 5437 5431 5431 5442 5442 5433 5433 5443 5443 5438 5438 5438 5438 5439 5439 5426 5426 5434 5434 5444 5444 5436 5436 5439 5439 5445 5445 5434 5434 5446 5446 5440 5440 5435 5435 5442 5442 5431 5431 5440 5440 5435 5435 5441 5441 5446 5446 5441 5441 5436 5436 5447 5447 5443 5443 5439 5439 5438 5438 5448 5448 5436 5436 5444 5444 5444 5444 5434 5434 5445 5445 5439 5439 5449 5449 5445 5445 5440 5440 5446 5446 5450 5450 5447 5447 5446 5446 5441 5441 5451 5451 5447 5447 5436 5436 5443 5443 5452 5452 5439 5439 5444 5444 5453 5453 5448 5448 5436 5436 5448 5448 5451 5451 5454 5454 5444 5444 5445 5445 5449 5449 5439 5439 5452 5452 5449 5449 5455 5455 5445 5445 5456 5456 5450 5450 5446 5446 5446 5446 5447 5447 5456 5456 5447 5447 5451 5451 5457 5457 5452 5452 5443 5443 5458 5458 5444 5444 5454 5454 5453 5453 5459 5459 5448 5448 5453 5453 5448 5448 5459 5459 5451 5451 5445 5445 5460 5460 5454 5454 5452 5452 5461 5461 5449 5449 5449 5449 5461 5461 5455 5455 5445 5445 5455 5455 5462 5462 5456 5456 5447 5447 5463 5463 5451 5451 5464 5464 5457 5457 5463 5463 5447 5447 5457 5457 5452 5452 5458 5458 5465 5465 5443 5443 5466 5466 5458 5458 5467 5467 5453 5453 5454 5454 5453 5453 5467 5467 5459 5459 5451 5451 5459 5459 5464 5464 5454 5454 5460 5460 5468 5468 5460 5460 5445 5445 5462 5462 5461 5461 5452 5452 5465 5465 5461 5461 5469 5469 5455 5455 5455 5455 5470 5470 5462 5462 5457 5457 5464 5464 5471 5471 5457 5457 5471 5471 5463 5463 5458 5458 5472 5472 5465 5465 5458 5458 5466 5466 5473 5473 5454 5454 5468 5468 5467 5467 5459 5459 5467 5467 5474 5474 5459 5459 5474 5474 5464 5464 5468 5468 5460 5460 5475 5475 5460 5460 5462 5462 5476 5476 5465 5465 5477 5477 5461 5461 5469 5469 5461 5461 5477 5477 5470 5470 5455 5455 5469 5469 5462 5462 5470 5470 5478 5478 5479 5479 5471 5471 5464 5464 5472 5472 5458 5458 5473 5473 5465 5465 5472 5472 5477 5477 5475 5475 5467 5467 5468 5468 5467 5467 5475 5475 5474 5474 5464 5464 5474 5474 5480 5480 5475 5475 5460 5460 5481 5481 5462 5462 5478 5478 5476 5476 5481 5481 5460 5460 5476 5476 5477 5477 5482 5482 5469 5469 5469 5469 5483 5483 5470 5470 5470 5470 5483 5483 5478 5478 5479 5479 5464 5464 5480 5480 5473 5473 5484 5484 5472 5472 5472 5472 5485 5485 5477 5477 5475 5475 5486 5486 5474 5474 5474 5474 5486 5486 5480 5480 5486 5486 5475 5475 5481 5481 5478 5478 5487 5487 5476 5476 5476 5476 5488 5488 5481 5481 5469 5469 5482 5482 5483 5483 5477 5477 5485 5485 5482 5482 5478 5478 5483 5483 5489 5489 5490 5490 5479 5479 5480 5480 5484 5484 5491 5491 5472 5472 5485 5485 5472 5472 5491 5491 5480 5480 5486 5486 5490 5490 5486 5486 5481 5481 5492 5492 5478 5478 5493 5493 5487 5487 5488 5488 5476 5476 5487 5487 5481 5481 5488 5488 5494 5494 5482 5482 5495 5495 5483 5483 5496 5496 5482 5482 5485 5485 5489 5489 5483 5483 5495 5495 5478 5478 5489 5489 5497 5497 5484 5484 5496 5496 5491 5491 5491 5491 5496 5496 5485 5485 5498 5498 5490 5490 5486 5486 5481 5481 5499 5499 5492 5492 5486 5486 5492 5492 5498 5498 5487 5487 5493 5493 5500 5500 5478 5478 5497 5497 5493 5493 5488 5488 5487 5487 5500 5500 5481 5481 5494 5494 5499 5499 5494 5494 5488 5488 5501 5501 5482 5482 5502 5502 5495 5495 5496 5496 5503 5503 5482 5482 5495 5495 5504 5504 5489 5489 5489 5489 5505 5505 5497 5497 5484 5484 5506 5506 5496 5496 5507 5507 5492 5492 5499 5499 5498 5498 5492 5492 5507 5507 5500 5500 5493 5493 5508 5508 5493 5493 5497 5497 5508 5508 5501 5501 5488 5488 5500 5500 5499 5499 5494 5494 5509 5509 5494 5494 5501 5501 5509 5509 5482 5482 5510 5510 5502 5502 5504 5504 5495 5495 5502 5502 5510 5510 5482 5482 5503 5503 5506 5506 5503 5503 5496 5496 5504 5504 5505 5505 5489 5489 5497 5497 5505 5505 5511 5511 5499 5499 5512 5512 5507 5507 5513 5513 5500 5500 5508 5508 5508 5508 5497 5497 5514 5514 5500 5500 5513 5513 5501 5501 5515 5515 5499 5499 5509 5509 5509 5509 5501 5501 5516 5516 5517 5517 5502 5502 5510 5510 5502 5502 5517 5517 5504 5504 5518 5518 5510 5510 5503 5503 5505 5505 5504 5504 5517 5517 5505 5505 5519 5519 5511 5511 5497 5497 5511 5511 5514 5514 5499 5499 5515 5515 5512 5512 5508 5508 5520 5520 5513 5513 5514 5514 5521 5521 5508 5508 5501 5501 5513 5513 5516 5516 5522 5522 5515 5515 5509 5509 5523 5523 5509 5509 5516 5516 5524 5524 5517 5517 5510 5510 5525 5525 5510 5510 5518 5518 5517 5517 5524 5524 5505 5505 5511 5511 5519 5519 5526 5526 5524 5524 5519 5519 5505 5505 5514 5514 5511 5511 5526 5526 5527 5527 5512 5512 5515 5515 5508 5508 5521 5521 5520 5520 5513 5513 5520 5520 5528 5528 5521 5521 5514 5514 5526 5526 5516 5516 5513 5513 5529 5529 5515 5515 5522 5522 5527 5527 5509 5509 5523 5523 5522 5522 5523 5523 5516 5516 5529 5529 5510 5510 5525 5525 5524 5524 5530 5530 5525 5525 5518 5518 5519 5519 5524 5524 5525 5525 5521 5521 5531 5531 5520 5520 5520 5520 5532 5532 5528 5528 5513 5513 5528 5528 5529 5529 5533 5533 5521 5521 5526 5526 5527 5527 5522 5522 5534 5534 5534 5534 5522 5522 5523 5523 5523 5523 5529 5529 5535 5535 5525 5525 5530 5530 5519 5519 5521 5521 5533 5533 5531 5531 5532 5532 5520 5520 5531 5531 5529 5529 5528 5528 5535 5535 5523 5523 5536 5536 5534 5534 5536 5536 5523 5523 5535 5535 5537 5537 5535 5535 5528 5528 5538 5538 5534 5534 5536 5536 5539 5539 5536 5536 5535 5535 5535 5535 5537 5537 5539 5539 5536 5536 5539 5539 5538 5538 5540 5540 5541 5541 5542 5542 5540 5540 5543 5543 5541 5541 5541 5541 5544 5544 5542 5542 5542 5542 5545 5545 5540 5540 5544 5544 5541 5541 5543 5543 5546 5546 5543 5543 5540 5540 5545 5545 5547 5547 5540 5540 5543 5543 5548 5548 5544 5544 5546 5546 5549 5549 5543 5543 5547 5547 5546 5546 5540 5540 5549 5549 5548 5548 5543 5543 5550 5550 5549 5549 5546 5546 5551 5551 5546 5546 5547 5547 5551 5551 5550 5550 5546 5546 5552 5552 5553 5553 5554 5554 5553 5553 5552 5552 5555 5555 5556 5556 5554 5554 5553 5553 5554 5554 5557 5557 5552 5552 5555 5555 5552 5552 5558 5558 5553 5553 5555 5555 5559 5559 5560 5560 5554 5554 5556 5556 5556 5556 5553 5553 5561 5561 5562 5562 5557 5557 5554 5554 5557 5557 5563 5563 5552 5552 5558 5558 5552 5552 5549 5549 5559 5559 5555 5555 5558 5558 5561 5561 5553 5553 5559 5559 5554 5554 5560 5560 5562 5562 2713 2713 5560 5560 5556 5556 5557 5557 5562 5562 5564 5564 5563 5563 5557 5557 5565 5565 5566 5566 5552 5552 5563 5563 5549 5549 5550 5550 5558 5558 5552 5552 5566 5566 5549 5549 5558 5558 5567 5567 5559 5559 5561 5561 5559 5559 5568 5568 5562 5562 5560 5560 2698 2698 2716 2716 5560 5560 2713 2713 5556 5556 2712 2712 2713 2713 5564 5564 5565 5565 5557 5557 5562 5562 5569 5569 5564 5564 5565 5565 5570 5570 5563 5563 5571 5571 5566 5566 5563 5563 5567 5567 5558 5558 5550 5550 5549 5549 5566 5566 5548 5548 5568 5568 5559 5559 5567 5567 2716 2716 2698 2698 5560 5560 2698 2698 5569 5569 5562 5562 2706 2706 2716 2716 2713 2713 5405 5405 5572 5572 5416 5416 5564 5564 5573 5573 5565 5565 5569 5569 5574 5574 5564 5564 5570 5570 5565 5565 5575 5575 5570 5570 5576 5576 5563 5563 5563 5563 5577 5577 5571 5571 5566 5566 5571 5571 5548 5548 5568 5568 5567 5567 5550 5550 5409 5409 5407 5407 5381 5381 2698 2698 2697 2697 5569 5569 5400 5400 5407 5407 5578 5578 5578 5578 5408 5408 5400 5400 5399 5399 5408 5408 5418 5418 5411 5411 5409 5409 5389 5389 5564 5564 5574 5574 5573 5573 5573 5573 5575 5575 5565 5565 5569 5569 5579 5579 5574 5574 5575 5575 5580 5580 5570 5570 5580 5580 5576 5576 5570 5570 5576 5576 5581 5581 5563 5563 5577 5577 5582 5582 5571 5571 5563 5563 5581 5581 5577 5577 5415 5415 5410 5410 5398 5398 2697 2697 5579 5579 5569 5569 5583 5583 5411 5411 5410 5410 5365 5365 5412 5412 5584 5584 5412 5412 5413 5413 5585 5585 5365 5365 5584 5584 5394 5394 5394 5394 5586 5586 5414 5414 5574 5574 5580 5580 5573 5573 5573 5573 5580 5580 5575 5575 5579 5579 5587 5587 5574 5574 5580 5580 5587 5587 5576 5576 5581 5581 5576 5576 5588 5588 5577 5577 5589 5589 5582 5582 5581 5581 5589 5589 5577 5577 5414 5414 5590 5590 5397 5397 5590 5590 5415 5415 5397 5397 2695 2695 5579 5579 2697 2697 5403 5403 5585 5585 5413 5413 5591 5591 5403 5403 5404 5404 5592 5592 5404 5404 5416 5416 5418 5418 5417 5417 5406 5406 5417 5417 5593 5593 5594 5594 5416 5416 5572 5572 5595 5595 5574 5574 5587 5587 5580 5580 5587 5587 5579 5579 5596 5596 5587 5587 5588 5588 5576 5576 5588 5588 5597 5597 5581 5581 5581 5581 5598 5598 5589 5589 5416 5416 5595 5595 5592 5592 5572 5572 5599 5599 5600 5600 2695 2695 2692 2692 5579 5579 5601 5601 5599 5599 5602 5602 5407 5407 5409 5409 5578 5578 5578 5578 5418 5418 5408 5408 5411 5411 5583 5583 5409 5409 5415 5415 5603 5603 5410 5410 5603 5603 5583 5583 5410 5410 5587 5587 5596 5596 5604 5604 2692 2692 5596 5596 5579 5579 5588 5588 5587 5587 5604 5604 5597 5597 5588 5588 5605 5605 5597 5597 5598 5598 5581 5581 5598 5598 5606 5606 5589 5589 5412 5412 5607 5607 5584 5584 5585 5585 5607 5607 5412 5412 5584 5584 5586 5586 5394 5394 5586 5586 5590 5590 5414 5414 5415 5415 5590 5590 5608 5608 5403 5403 5591 5591 5585 5585 5404 5404 5592 5592 5591 5591 5609 5609 5417 5417 5418 5418 5417 5417 5609 5609 5593 5593 5604 5604 5596 5596 5610 5610 5596 5596 2692 2692 5611 5611 5588 5588 5604 5604 5612 5612 5588 5588 5612 5612 5605 5605 5605 5605 5613 5613 5597 5597 5597 5597 5613 5613 5598 5598 5606 5606 5598 5598 5614 5614 5593 5593 5615 5615 5594 5594 5595 5595 5572 5572 5600 5600 5592 5592 5595 5595 5616 5616 5599 5599 5601 5601 5600 5600 5578 5578 5409 5409 5617 5617 5418 5418 5578 5578 5618 5618 5583 5583 5617 5617 5409 5409 5603 5603 5415 5415 5608 5608 5603 5603 5619 5619 5583 5583 5620 5620 5584 5584 5607 5607 5585 5585 5621 5621 5607 5607 5610 5610 5596 5596 5611 5611 5612 5612 5604 5604 5610 5610 2687 2687 5611 5611 2692 2692 5605 5605 5612 5612 5622 5622 5613 5613 5605 5605 5622 5622 5613 5613 5623 5623 5598 5598 5623 5623 5614 5614 5598 5598 5586 5586 5584 5584 5620 5620 5590 5590 5586 5586 5608 5608 5585 5585 5591 5591 5621 5621 5591 5591 5592 5592 5616 5616 5618 5618 5609 5609 5418 5418 5624 5624 5593 5593 5609 5609 5615 5615 5625 5625 5594 5594 5615 5615 5593 5593 5626 5626 5595 5595 5600 5600 5616 5616 5627 5627 5600 5600 5601 5601 5617 5617 5618 5618 5578 5578 5619 5619 5617 5617 5583 5583 5610 5610 5611 5611 5628 5628 5610 5610 5629 5629 5612 5612 2687 2687 2686 2686 5611 5611 5612 5612 5630 5630 5622 5622 5623 5623 5613 5613 5622 5622 5622 5622 5614 5614 5623 5623 5608 5608 5619 5619 5603 5603 5607 5607 5621 5621 5620 5620 5586 5586 5620 5620 5608 5608 5591 5591 5616 5616 5621 5621 5626 5626 5593 5593 5624 5624 5624 5624 5609 5609 5618 5618 5615 5615 5631 5631 5625 5625 5626 5626 5632 5632 5615 5615 5601 5601 5633 5633 5627 5627 5600 5600 5627 5627 5616 5616 5634 5634 5625 5625 5631 5631 5635 5635 5618 5618 5617 5617 5617 5617 5619 5619 5636 5636 5619 5619 5608 5608 5637 5637 5610 5610 5628 5628 5638 5638 5639 5639 5628 5628 5611 5611 5638 5638 5629 5629 5610 5610 5629 5629 5630 5630 5612 5612 5621 5621 5640 5640 5620 5620 5611 5611 2686 2686 5639 5639 5630 5630 5641 5641 5622 5622 5622 5622 5641 5641 5614 5614 5620 5620 5637 5637 5608 5608 5640 5640 5621 5621 5616 5616 5642 5642 5626 5626 5624 5624 5635 5635 5624 5624 5618 5618 5626 5626 5642 5642 5632 5632 5632 5632 5631 5631 5615 5615 5643 5643 5627 5627 5633 5633 5627 5627 5644 5644 5616 5616 5645 5645 5634 5634 5631 5631 5636 5636 5635 5635 5617 5617 5637 5637 5636 5636 5619 5619 5640 5640 5637 5637 5620 5620 5616 5616 5644 5644 5640 5640 5624 5624 5646 5646 5642 5642 5646 5646 5624 5624 5635 5635 5628 5628 5647 5647 5638 5638 5628 5628 5639 5639 5648 5648 5638 5638 5649 5649 5629 5629 5629 5629 5650 5650 5630 5630 5651 5651 5632 5632 5642 5642 5639 5639 2686 2686 5652 5652 5641 5641 5630 5630 5653 5653 5645 5645 5631 5631 5632 5632 5627 5627 5643 5643 5644 5644 5654 5654 5634 5634 5645 5645 5635 5635 5636 5636 5655 5655 5636 5636 5637 5637 5656 5656 5640 5640 5644 5644 5637 5637 5651 5651 5642 5642 5646 5646 5655 5655 5646 5646 5635 5635 5645 5645 5632 5632 5651 5651 5643 5643 5657 5657 5644 5644 5643 5643 5658 5658 5657 5657 5659 5659 5654 5654 5645 5645 5656 5656 5655 5655 5636 5636 5656 5656 5637 5637 5660 5660 5644 5644 5660 5660 5637 5637 5646 5646 5655 5655 5651 5651 5648 5648 5647 5647 5628 5628 5647 5647 5661 5661 5638 5638 5639 5639 5652 5652 5648 5648 5661 5661 5649 5649 5638 5638 5649 5649 5650 5650 5629 5629 5650 5650 5653 5653 5630 5630 5645 5645 5662 5662 5659 5659 2686 2686 2682 2682 5652 5652 5662 5662 5645 5645 5651 5651 5644 5644 5657 5657 5663 5663 5664 5664 5657 5657 5658 5658 5658 5658 5665 5665 5664 5664 5665 5665 5654 5654 5659 5659 5655 5655 5656 5656 5666 5666 5660 5660 5667 5667 5656 5656 5660 5660 5644 5644 5663 5663 5655 5655 5666 5666 5651 5651 5659 5659 5662 5662 5651 5651 5663 5663 5657 5657 5664 5664 5664 5664 5665 5665 5659 5659 5667 5667 5666 5666 5656 5656 5667 5667 5660 5660 5663 5663 5651 5651 5666 5666 5659 5659 5647 5647 5648 5648 5668 5668 5647 5647 5669 5669 5661 5661 5652 5652 5670 5670 5648 5648 5661 5661 5669 5669 5649 5649 5663 5663 5664 5664 5659 5659 2682 2682 5670 5670 5652 5652 5667 5667 5663 5663 5666 5666 5666 5666 5663 5663 5659 5659 5671 5671 5672 5672 5673 5673 5671 5671 5674 5674 5675 5675 5676 5676 5673 5673 5672 5672 5673 5673 5677 5677 5671 5671 5677 5677 5674 5674 5671 5671 5674 5674 5678 5678 5675 5675 5679 5679 5675 5675 5678 5678 5680 5680 5676 5676 5672 5672 5673 5673 5676 5676 5681 5681 5681 5681 5677 5677 5673 5673 5677 5677 5682 5682 5674 5674 5678 5678 5674 5674 5683 5683 5679 5679 5678 5678 5684 5684 5685 5685 5679 5679 5684 5684 5686 5686 5685 5685 5687 5687 5676 5676 5680 5680 5688 5688 5689 5689 5690 5690 5680 5680 5676 5676 5688 5688 5681 5681 5670 5670 5668 5668 5648 5648 5668 5668 5691 5691 5647 5647 5691 5691 5669 5669 5647 5647 5670 5670 2682 2682 2680 2680 5681 5681 5692 5692 5677 5677 5692 5692 5682 5682 5677 5677 5682 5682 5683 5683 5674 5674 5678 5678 5683 5683 5684 5684 5684 5684 5687 5687 5685 5685 5686 5686 5687 5687 5693 5693 5694 5694 5686 5686 5693 5693 5680 5680 5690 5690 5688 5688 5688 5688 5692 5692 5681 5681 5692 5692 5695 5695 5682 5682 5682 5682 5696 5696 5683 5683 5683 5683 5697 5697 5684 5684 5684 5684 5693 5693 5687 5687 5693 5693 5698 5698 5694 5694 5699 5699 5690 5690 5700 5700 5688 5688 5690 5690 5699 5699 5688 5688 5701 5701 5692 5692 5696 5696 5697 5697 5683 5683 5701 5701 5695 5695 5692 5692 5682 5682 5695 5695 5696 5696 5684 5684 5697 5697 5693 5693 5698 5698 5702 5702 5694 5694 2680 2680 5668 5668 5670 5670 5703 5703 5691 5691 5668 5668 5669 5669 5691 5691 5704 5704 2680 2680 2675 2675 2674 2674 5698 5698 5693 5693 5705 5705 5700 5700 5706 5706 5699 5699 5699 5699 5707 5707 5688 5688 5707 5707 5701 5701 5688 5688 5696 5696 5708 5708 5697 5697 5695 5695 5701 5701 5709 5709 5695 5695 5710 5710 5696 5696 5693 5693 5697 5697 5711 5711 5708 5708 5712 5712 5697 5697 5693 5693 5711 5711 5705 5705 5698 5698 5713 5713 5702 5702 5705 5705 5713 5713 5698 5698 5707 5707 5699 5699 5706 5706 5707 5707 5709 5709 5701 5701 5710 5710 5708 5708 5696 5696 5710 5710 5695 5695 5709 5709 5712 5712 5708 5708 5714 5714 5697 5697 5712 5712 5711 5711 5711 5711 5715 5715 5705 5705 5713 5713 5716 5716 5702 5702 5705 5705 5715 5715 5713 5713 2680 2680 2674 2674 5668 5668 5703 5703 5704 5704 5691 5691 2674 2674 5703 5703 5668 5668 5717 5717 5718 5718 5719 5719 5720 5720 2671 2671 2668 2668 5719 5719 5718 5718 5706 5706 5706 5706 5721 5721 5707 5707 5707 5707 5721 5721 5709 5709 5710 5710 5722 5722 5708 5708 5709 5709 5723 5723 5710 5710 5722 5722 5714 5714 5708 5708 5711 5711 5712 5712 5714 5714 5724 5724 5715 5715 5711 5711 5716 5716 5713 5713 5715 5715 5711 5711 5725 5725 5724 5724 5726 5726 5717 5717 5727 5727 5717 5717 5726 5726 5718 5718 5721 5721 5706 5706 5718 5718 5721 5721 5723 5723 5709 5709 5723 5723 5722 5722 5710 5710 5722 5722 5728 5728 5714 5714 5714 5714 5725 5725 5711 5711 5724 5724 5729 5729 5715 5715 5716 5716 5715 5715 5730 5730 5725 5725 5729 5729 5724 5724 5731 5731 5732 5732 5733 5733 5731 5731 5734 5734 5732 5732 5727 5727 5735 5735 5726 5726 5726 5726 5736 5736 5718 5718 5720 5720 5704 5704 5703 5703 5703 5703 2674 2674 2671 2671 5703 5703 2671 2671 5720 5720 5718 5718 5737 5737 5721 5721 5737 5737 5723 5723 5721 5721 5722 5722 5723 5723 5738 5738 5738 5738 5728 5728 5722 5722 5714 5714 5728 5728 5739 5739 5725 5725 5714 5714 5739 5739 5730 5730 5715 5715 5729 5729 5725 5725 5740 5740 5729 5729 5741 5741 5731 5731 5733 5733 5742 5742 5734 5734 5731 5731 5743 5743 5744 5744 5745 5745 5735 5735 5727 5727 5746 5746 5736 5736 5747 5747 5718 5718 5726 5726 5735 5735 5736 5736 5718 5718 5747 5747 5737 5737 5737 5737 5738 5738 5723 5723 5738 5738 5748 5748 5728 5728 5728 5728 5749 5749 5739 5739 5725 5725 5739 5739 5740 5740 5729 5729 5750 5750 5730 5730 5729 5729 5740 5740 5751 5751 5752 5752 5741 5741 5733 5733 5741 5741 5742 5742 5731 5731 5742 5742 5753 5753 5734 5734 5754 5754 5743 5743 5745 5745 5744 5744 5743 5743 5755 5755 5745 5745 5750 5750 5754 5754 5746 5746 5756 5756 5735 5735 5736 5736 5757 5757 5747 5747 5735 5735 5756 5756 5736 5736 5747 5747 5757 5757 5737 5737 5737 5737 5758 5758 5738 5738 5748 5748 5738 5738 5759 5759 5758 5758 5759 5759 5738 5738 5748 5748 5749 5749 5728 5728 5749 5749 5740 5740 5739 5739 5740 5740 5760 5760 5751 5751 5750 5750 5729 5729 5761 5761 5762 5762 5763 5763 5750 5750 5751 5751 5761 5761 5729 5729 5752 5752 5764 5764 5741 5741 5765 5765 5766 5766 5753 5753 5764 5764 5742 5742 5741 5741 5765 5765 5753 5753 5742 5742 5767 5767 5744 5744 5768 5768 5755 5755 5768 5768 5744 5744 5743 5743 5754 5754 5755 5755 5763 5763 5754 5754 5750 5750 5746 5746 5769 5769 5756 5756 5756 5756 5757 5757 5736 5736 5757 5757 5758 5758 5737 5737 5759 5759 5770 5770 5748 5748 5758 5758 5771 5771 5759 5759 5770 5770 5749 5749 5748 5748 5749 5749 5760 5760 5740 5740 5760 5760 5772 5772 5751 5751 5761 5761 5762 5762 5750 5750 5763 5763 5762 5762 5773 5773 5761 5761 5751 5751 5772 5772 5764 5764 5752 5752 5774 5774 5775 5775 5766 5766 5765 5765 5764 5764 5765 5765 5742 5742 5774 5774 5776 5776 5777 5777 5778 5778 5776 5776 5767 5767 5768 5768 5778 5778 5767 5767 5768 5768 5755 5755 5779 5779 5755 5755 5754 5754 5780 5780 5781 5781 5754 5754 5763 5763 5782 5782 5783 5783 5746 5746 5784 5784 5782 5782 5785 5785 5746 5746 5783 5783 5769 5769 5769 5769 5786 5786 5756 5756 5757 5757 5756 5756 5786 5786 5758 5758 5757 5757 5787 5787 5759 5759 5788 5788 5770 5770 5771 5771 5758 5758 5787 5787 5771 5771 5788 5788 5759 5759 5770 5770 5789 5789 5749 5749 5749 5749 5790 5790 5760 5760 5772 5772 5760 5760 5790 5790 5761 5761 5773 5773 5762 5762 5773 5773 5781 5781 5763 5763 5772 5772 5791 5791 5761 5761 5774 5774 5777 5777 5764 5764 5792 5792 5775 5775 5765 5765 5792 5792 5765 5765 5764 5764 5778 5778 5777 5777 5776 5776 5793 5793 5778 5778 5768 5768 5779 5779 5793 5793 5768 5768 5780 5780 5779 5779 5755 5755 5781 5781 5780 5780 5754 5754 5785 5785 5177 5177 5784 5784 5782 5782 5784 5784 5783 5783 5769 5769 5783 5783 5794 5794 5769 5769 5795 5795 5786 5786 5786 5786 5795 5795 5757 5757 5757 5757 5796 5796 5787 5787 5788 5788 5789 5789 5770 5770 5787 5787 5797 5797 5771 5771 5788 5788 5771 5771 5798 5798 5789 5789 5790 5790 5749 5749 5790 5790 5799 5799 5772 5772 5761 5761 5791 5791 5773 5773 5800 5800 5781 5781 5773 5773 5799 5799 5791 5791 5772 5772 5801 5801 5764 5764 5777 5777 5775 5775 5792 5792 5802 5802 5803 5803 5792 5792 5764 5764 5802 5802 5804 5804 5775 5775 5805 5805 5777 5777 5778 5778 5778 5778 5793 5793 5806 5806 5779 5779 5806 5806 5793 5793 5779 5779 5780 5780 5807 5807 5780 5780 5781 5781 5800 5800 5177 5177 5113 5113 5784 5784 5784 5784 5808 5808 5783 5783 5794 5794 5783 5783 5808 5808 5769 5769 5794 5794 5795 5795 5796 5796 5757 5757 5795 5795 5796 5796 5797 5797 5787 5787 5789 5789 5788 5788 5798 5798 5797 5797 5798 5798 5771 5771 5789 5789 5809 5809 5790 5790 5790 5790 5810 5810 5799 5799 5791 5791 5800 5800 5773 5773 5799 5799 5811 5811 5791 5791 5805 5805 5801 5801 5777 5777 5801 5801 5803 5803 5764 5764 5792 5792 5803 5803 5802 5802 5804 5804 5802 5802 5812 5812 5813 5813 5814 5814 5815 5815 5816 5816 5805 5805 5778 5778 5807 5807 5817 5817 5779 5779 5806 5806 5816 5816 5778 5778 5817 5817 5806 5806 5779 5779 5800 5800 5807 5807 5780 5780 5794 5794 5818 5818 5819 5819 5784 5784 5113 5113 5808 5808 5808 5808 5818 5818 5794 5794 5794 5794 5819 5819 5795 5795 5795 5795 5820 5820 5796 5796 5797 5797 5796 5796 5820 5820 5798 5798 5809 5809 5789 5789 5797 5797 5821 5821 5798 5798 5809 5809 5810 5810 5790 5790 5810 5810 5811 5811 5799 5799 5791 5791 5811 5811 5800 5800 5822 5822 5801 5801 5805 5805 5801 5801 5823 5823 5803 5803 5813 5813 5815 5815 5812 5812 5803 5803 5823 5823 5802 5802 5824 5824 5812 5812 5802 5802 5825 5825 5814 5814 5813 5813 5814 5814 5825 5825 5826 5826 5805 5805 5816 5816 5827 5827 5827 5827 5822 5822 5805 5805 5807 5807 5828 5828 5817 5817 5816 5816 5806 5806 5829 5829 5828 5828 5806 5806 5817 5817 5830 5830 5807 5807 5800 5800 5818 5818 5831 5831 5819 5819 5808 5808 5113 5113 5818 5818 5795 5795 5819 5819 5820 5820 5820 5820 5821 5821 5797 5797 5798 5798 5832 5832 5809 5809 5832 5832 5798 5798 5821 5821 5819 5819 5831 5831 5833 5833 5809 5809 5834 5834 5810 5810 5810 5810 5835 5835 5811 5811 5800 5800 5811 5811 5830 5830 5822 5822 5823 5823 5801 5801 5812 5812 5824 5824 5813 5813 5802 5802 5823 5823 5824 5824 5836 5836 5825 5825 5813 5813 5826 5826 5825 5825 5837 5837 5829 5829 5827 5827 5816 5816 5822 5822 5827 5827 5838 5838 5807 5807 5839 5839 5828 5828 5828 5828 5829 5829 5806 5806 5807 5807 5830 5830 5839 5839 5831 5831 5818 5818 5840 5840 5113 5113 5111 5111 5818 5818 5819 5819 5833 5833 5820 5820 5820 5820 5841 5841 5821 5821 5832 5832 5834 5834 5809 5809 5832 5832 5821 5821 5841 5841 5831 5831 5840 5840 5833 5833 5834 5834 5835 5835 5810 5810 5835 5835 5842 5842 5811 5811 5811 5811 5843 5843 5830 5830 5822 5822 5838 5838 5844 5844 5844 5844 5823 5823 5822 5822 5824 5824 5836 5836 5813 5813 5845 5845 5824 5824 5823 5823 5836 5836 5837 5837 5825 5825 5829 5829 5838 5838 5827 5827 5839 5839 5829 5829 5828 5828 5839 5839 5830 5830 5843 5843 5840 5840 5818 5818 5111 5111 5841 5841 5820 5820 5833 5833 5834 5834 5832 5832 5841 5841 5840 5840 5846 5846 5833 5833 5834 5834 5842 5842 5835 5835 5842 5842 5843 5843 5811 5811 5847 5847 5848 5848 5849 5849 5848 5848 5847 5847 5850 5850 5838 5838 5851 5851 5844 5844 5823 5823 5844 5844 5852 5852 5852 5852 5845 5845 5823 5823 5845 5845 5836 5836 5824 5824 5853 5853 5837 5837 5836 5836 5838 5838 5829 5829 5854 5854 5839 5839 5854 5854 5829 5829 5839 5839 5843 5843 5855 5855 5111 5111 5856 5856 5840 5840 5840 5840 5856 5856 5846 5846 5833 5833 5857 5857 5841 5841 5841 5841 5858 5858 5834 5834 5833 5833 5846 5846 5857 5857 5858 5858 5842 5842 5834 5834 5842 5842 5859 5859 5843 5843 5860 5860 5847 5847 5849 5849 5847 5847 5860 5860 5850 5850 5837 5837 5853 5853 5849 5849 5861 5861 5851 5851 5838 5838 5844 5844 5851 5851 5852 5852 5862 5862 5845 5845 5852 5852 5836 5836 5845 5845 5853 5853 5854 5854 5861 5861 5838 5838 5843 5843 5863 5863 5855 5855 5855 5855 5854 5854 5839 5839 5111 5111 5110 5110 5856 5856 5856 5856 5864 5864 5846 5846 5858 5858 5841 5841 5857 5857 5846 5846 5865 5865 5857 5857 5842 5842 5858 5858 5866 5866 5866 5866 5859 5859 5842 5842 5859 5859 5863 5863 5843 5843 5867 5867 5860 5860 5849 5849 5868 5868 5850 5850 5860 5860 5867 5867 5849 5849 5853 5853 5851 5851 5861 5861 5869 5869 5852 5852 5851 5851 5870 5870 5870 5870 5862 5862 5852 5852 5862 5862 5853 5853 5845 5845 5854 5854 5869 5869 5861 5861 5863 5863 5871 5871 5855 5855 5854 5854 5855 5855 5872 5872 5110 5110 5117 5117 5856 5856 5856 5856 5873 5873 5864 5864 5864 5864 5865 5865 5846 5846 5874 5874 5875 5875 4973 4973 5876 5876 5875 5875 5874 5874 4963 4963 5874 5874 4973 4973 5874 5874 4965 4965 5876 5876 5874 5874 4963 4963 4965 4965 4963 4963 4973 4973 4964 4964 4973 4973 277 277 4964 4964 5857 5857 5865 5865 5858 5858 5858 5858 5877 5877 5866 5866 5866 5866 5878 5878 5859 5859 5878 5878 5863 5863 5859 5859 5860 5860 5867 5867 5868 5868 5850 5850 5868 5868 5183 5183 5879 5879 5867 5867 5853 5853 5869 5869 5870 5870 5851 5851 5862 5862 5870 5870 5880 5880 5853 5853 5862 5862 5879 5879 5872 5872 5869 5869 5854 5854 5881 5881 5871 5871 5863 5863 5871 5871 5872 5872 5855 5855 5873 5873 5856 5856 5117 5117 5865 5865 5864 5864 5873 5873 5865 5865 5877 5877 5858 5858 5877 5877 5878 5878 5866 5866 5863 5863 5878 5878 5881 5881 5882 5882 5868 5868 5867 5867 5868 5868 5120 5120 5183 5183 5867 5867 5879 5879 5882 5882 5869 5869 5880 5880 5870 5870 5880 5880 5879 5879 5862 5862 5872 5872 5883 5883 5869 5869 5884 5884 5871 5871 5881 5881 5872 5872 5871 5871 5885 5885 5885 5885 5883 5883 5872 5872 5117 5117 5182 5182 5873 5873 5873 5873 5886 5886 5865 5865 5865 5865 5886 5886 5877 5877 5877 5877 5887 5887 5878 5878 5878 5878 5884 5884 5881 5881 5868 5868 5882 5882 5120 5120 5888 5888 5882 5882 5879 5879 5889 5889 5880 5880 5869 5869 5879 5879 5880 5880 5888 5888 5883 5883 5889 5889 5869 5869 5884 5884 5890 5890 5871 5871 5885 5885 5871 5871 5890 5890 5883 5883 5885 5885 5891 5891 5886 5886 5873 5873 5182 5182 5886 5886 5887 5887 5877 5877 5887 5887 5884 5884 5878 5878 5888 5888 5120 5120 5882 5882 5889 5889 5888 5888 5880 5880 5889 5889 5883 5883 5891 5891 5884 5884 5892 5892 5890 5890 5890 5890 5892 5892 5885 5885 5893 5893 5891 5891 5885 5885 5182 5182 5239 5239 5886 5886 5886 5886 5894 5894 5887 5887 5887 5887 5895 5895 5884 5884 5121 5121 5120 5120 5888 5888 5896 5896 5888 5888 5889 5889 5889 5889 5891 5891 5896 5896 5895 5895 5892 5892 5884 5884 5892 5892 5893 5893 5885 5885 5893 5893 5897 5897 5891 5891 5239 5239 5894 5894 5886 5886 5894 5894 5895 5895 5887 5887 5888 5888 5896 5896 5121 5121 5897 5897 5896 5896 5891 5891 5898 5898 5892 5892 5895 5895 5892 5892 5897 5897 5893 5893 5239 5239 5899 5899 5894 5894 5894 5894 5898 5898 5895 5895 5256 5256 5899 5899 5239 5239 5897 5897 5121 5121 5896 5896 5898 5898 5897 5897 5892 5892 5899 5899 5898 5898 5894 5894 5899 5899 5256 5256 5284 5284 5185 5185 5121 5121 5897 5897 5898 5898 5900 5900 5897 5897 5899 5899 5901 5901 5898 5898 5902 5902 5899 5899 5284 5284 2662 2662 2665 2665 5903 5903 5901 5901 5900 5900 5898 5898 5900 5900 5185 5185 5897 5897 5899 5899 5902 5902 5901 5901 5284 5284 5243 5243 5902 5902 5901 5901 5185 5185 5900 5900 5902 5902 5243 5243 5901 5901 5901 5901 5243 5243 5185 5185 4370 4370 4367 4367 5904 5904 5905 5905 5906 5906 5907 5907 5904 5904 5906 5906 4370 4370 5905 5905 4370 4370 5906 5906 5908 5908 4370 4370 5905 5905 2662 2662 2623 2623 2661 2661 5909 5909 369 369 272 272 5903 5903 2665 2665 5910 5910 2662 2662 5903 5903 5911 5911 272 272 372 372 5909 5909 372 372 5912 5912 5909 5909 426 426 5912 5912 372 372 3308 3308 4954 4954 426 426 3308 3308 5913 5913 4954 4954 4954 4954 5913 5913 4956 4956 5913 5913 5914 5914 4956 4956 4956 4956 5914 5914 5915 5915 4956 4956 5915 5915 5916 5916 5914 5914 5917 5917 5915 5915 5918 5918 5916 5916 5915 5915 5918 5918 5915 5915 5917 5917 5919 5919 5920 5920 5921 5921 5919 5919 5922 5922 5920 5920 2623 2623 2662 2662 5923 5923 5922 5922 5689 5689 5920 5920 2665 2665 4941 4941 5910 5910 5910 5910 5924 5924 5903 5903 5925 5925 5911 5911 5903 5903 5923 5923 2662 2662 5911 5911 5926 5926 5927 5927 5928 5928 5929 5929 5926 5926 5930 5930 5931 5931 5928 5928 5927 5927 5931 5931 5932 5932 5919 5919 5922 5922 5919 5919 5932 5932 5922 5922 5690 5690 5689 5689 5930 5930 5933 5933 5929 5929 5926 5926 5929 5929 5927 5927 5927 5927 5934 5934 5931 5931 5931 5931 5934 5934 5932 5932 5922 5922 5932 5932 5935 5935 5923 5923 2620 2620 2623 2623 5935 5935 5690 5690 5922 5922 4941 4941 3284 3284 5910 5910 262 262 4941 4941 2665 2665 5924 5924 5910 5910 3284 3284 5903 5903 5924 5924 5936 5936 5903 5903 5936 5936 5925 5925 5911 5911 5925 5925 5937 5937 5923 5923 5911 5911 5937 5937 5930 5930 5938 5938 5933 5933 5933 5933 5939 5939 5929 5929 5934 5934 5927 5927 5929 5929 5935 5935 5932 5932 5934 5934 5690 5690 5935 5935 5940 5940 5938 5938 5941 5941 5933 5933 5933 5933 5941 5941 5939 5939 2620 2620 5923 5923 5942 5942 5943 5943 5929 5929 5939 5939 5924 5924 5944 5944 5936 5936 5925 5925 5936 5936 5945 5945 5945 5945 5937 5937 5925 5925 5923 5923 5937 5937 5946 5946 5929 5929 5943 5943 5934 5934 5934 5934 5940 5940 5935 5935 5940 5940 5700 5700 5690 5690 5719 5719 5706 5706 5700 5700 5938 5938 5947 5947 5941 5941 5943 5943 5939 5939 5941 5941 5943 5943 5940 5940 5934 5934 5940 5940 5719 5719 5700 5700 5942 5942 5923 5923 5948 5948 2608 2608 2620 2620 5942 5942 5949 5949 5938 5938 5950 5950 5936 5936 5944 5944 5951 5951 5936 5936 5951 5951 5945 5945 5937 5937 5945 5945 5952 5952 5952 5952 5946 5946 5937 5937 5946 5946 5948 5948 5923 5923 5938 5938 5949 5949 5947 5947 5953 5953 5941 5941 5947 5947 5941 5941 5953 5953 5943 5943 5943 5943 5719 5719 5940 5940 5950 5950 5954 5954 5949 5949 5950 5950 5955 5955 5954 5954 5949 5949 5956 5956 5947 5947 5957 5957 5953 5953 5947 5947 5942 5942 5948 5948 5958 5958 2608 2608 5942 5942 2599 2599 5953 5953 5957 5957 5943 5943 5959 5959 5951 5951 5944 5944 5945 5945 5951 5951 5960 5960 5960 5960 5952 5952 5945 5945 5952 5952 5948 5948 5946 5946 5943 5943 5717 5717 5719 5719 5954 5954 5956 5956 5949 5949 5955 5955 5961 5961 5954 5954 5947 5947 5956 5956 5962 5962 5947 5947 5962 5962 5957 5957 5957 5957 5717 5717 5943 5943 5954 5954 5963 5963 5956 5956 5961 5961 5963 5963 5954 5954 5961 5961 5955 5955 5964 5964 5958 5958 5948 5948 5965 5965 2598 2598 5942 5942 5958 5958 2599 2599 5942 5942 2598 2598 5956 5956 5966 5966 5962 5962 5717 5717 5957 5957 5962 5962 5966 5966 5956 5956 5963 5963 5951 5951 5959 5959 5967 5967 5951 5951 5967 5967 5960 5960 5952 5952 5960 5960 5968 5968 5948 5948 5952 5952 5968 5968 5961 5961 5969 5969 5963 5963 5964 5964 5969 5969 5961 5961 5966 5966 5970 5970 5962 5962 5962 5962 5970 5970 5717 5717 5963 5963 5971 5971 5966 5966 5969 5969 5972 5972 5963 5963 5964 5964 5973 5973 5969 5969 5966 5966 5971 5971 5970 5970 5970 5970 5727 5727 5717 5717 5971 5971 5963 5963 5972 5972 5972 5972 5969 5969 5974 5974 5973 5973 5974 5974 5969 5969 5965 5965 5948 5948 5975 5975 5958 5958 5965 5965 5976 5976 2598 2598 5958 5958 5977 5977 5727 5727 5970 5970 5971 5971 5972 5972 5978 5978 5971 5971 5974 5974 5979 5979 5972 5972 5973 5973 5980 5980 5974 5974 5960 5960 5967 5967 5981 5981 5981 5981 5968 5968 5960 5960 5968 5968 5975 5975 5948 5948 5978 5978 5972 5972 5979 5979 5971 5971 5978 5978 5727 5727 5980 5980 5979 5979 5974 5974 5973 5973 5982 5982 5980 5980 5979 5979 5983 5983 5978 5978 5978 5978 5746 5746 5727 5727 5979 5979 5980 5980 5982 5982 5979 5979 5984 5984 5983 5983 5983 5983 5746 5746 5978 5978 5984 5984 5979 5979 5985 5985 5979 5979 5982 5982 5986 5986 5983 5983 5984 5984 5985 5985 5983 5983 5987 5987 5746 5746 5965 5965 5975 5975 5988 5988 5976 5976 5965 5965 5989 5989 5977 5977 5958 5958 5976 5976 5977 5977 5990 5990 2598 2598 5982 5982 427 427 430 430 5991 5991 5986 5986 5982 5982 5979 5979 5986 5986 5985 5985 5987 5987 5983 5983 5985 5985 5987 5987 5782 5782 5746 5746 430 430 5991 5991 5982 5982 5968 5968 5981 5981 5992 5992 5992 5992 5975 5975 5968 5968 5985 5985 5986 5986 5993 5993 5985 5985 5782 5782 5987 5987 430 430 3310 3310 5994 5994 5991 5991 430 430 5994 5994 5993 5993 5782 5782 5985 5985 3310 3310 436 436 5994 5994 5994 5994 5995 5995 5991 5991 5995 5995 5782 5782 5993 5993 436 436 5996 5996 5994 5994 5994 5994 5996 5996 5995 5995 5782 5782 5995 5995 5785 5785 5996 5996 436 436 439 439 5997 5997 445 445 442 442 445 445 5997 5997 439 439 5998 5998 442 442 3312 3312 5975 5975 5992 5992 5988 5988 5989 5989 5965 5965 5988 5988 5976 5976 5989 5989 5999 5999 5976 5976 6000 6000 5977 5977 5977 5977 6001 6001 5990 5990 5990 5990 2591 2591 2598 2598 5996 5996 5785 5785 5995 5995 5996 5996 439 439 6002 6002 442 442 5998 5998 5997 5997 439 439 5997 5997 6002 6002 3312 3312 450 450 5998 5998 5996 5996 6002 6002 5785 5785 6002 6002 5997 5997 5998 5998 6003 6003 5998 5998 450 450 450 450 3313 3313 6004 6004 6002 6002 6005 6005 5785 5785 5998 5998 6003 6003 6002 6002 450 450 6004 6004 6003 6003 6004 6004 3313 3313 5196 5196 6005 6005 5177 5177 5785 5785 6005 6005 6002 6002 6003 6003 6004 6004 6006 6006 6003 6003 5988 5988 5992 5992 6007 6007 5989 5989 5988 5988 6007 6007 5999 5999 6000 6000 5976 5976 5989 5989 6007 6007 5999 5999 6000 6000 6001 6001 5977 5977 6001 6001 2588 2588 5990 5990 2588 2588 2591 2591 5990 5990 5187 5187 6004 6004 5196 5196 5177 5177 6005 6005 5186 5186 6003 6003 6006 6006 6005 6005 6004 6004 5187 5187 6006 6006 6006 6006 5186 5186 6005 6005 5186 5186 6006 6006 5187 5187 483 483 487 487 480 480 487 487 6008 6008 480 480 487 487 6009 6009 6008 6008 492 492 497 497 489 489 489 489 6009 6009 487 487 497 497 6010 6010 489 489 489 489 6010 6010 6009 6009 6010 6010 497 497 516 516 6009 6009 6010 6010 6011 6011 6010 6010 516 516 522 522 6010 6010 6012 6012 6011 6011 522 522 6013 6013 6010 6010 6000 6000 5999 5999 6014 6014 5999 5999 6007 6007 6015 6015 6001 6001 6000 6000 6016 6016 6001 6001 2585 2585 2588 2588 6012 6012 6010 6010 6013 6013 524 524 6013 6013 522 522 6013 6013 6017 6017 6012 6012 6013 6013 531 531 6018 6018 6013 6013 524 524 531 531 6013 6013 6018 6018 6017 6017 531 531 534 534 6018 6018 6017 6017 6018 6018 534 534 6017 6017 6019 6019 6020 6020 6017 6017 534 534 6019 6019 6019 6019 6021 6021 6020 6020 535 535 6019 6019 534 534 6022 6022 6023 6023 6020 6020 6021 6021 6022 6022 6020 6020 6019 6019 539 539 6021 6021 6019 6019 535 535 539 539 6024 6024 6023 6023 6022 6022 5999 5999 6015 6015 6014 6014 6014 6014 6025 6025 6000 6000 6007 6007 6026 6026 6015 6015 2585 2585 6001 6001 6016 6016 6016 6016 6000 6000 6025 6025 542 542 6022 6022 6021 6021 6021 6021 539 539 542 542 6024 6024 6027 6027 6023 6023 6023 6023 6027 6027 6028 6028 551 551 6024 6024 6022 6022 542 542 551 551 6022 6022 559 559 6027 6027 6024 6024 6029 6029 6030 6030 6027 6027 6027 6027 6030 6030 6028 6028 6024 6024 551 551 559 559 559 559 6029 6029 6027 6027 6030 6030 6029 6029 562 562 6030 6030 6031 6031 6028 6028 559 559 562 562 6029 6029 562 562 564 564 6030 6030 564 564 6031 6031 6030 6030 564 564 6032 6032 6031 6031 6032 6032 6033 6033 6031 6031 6034 6034 6014 6014 6015 6015 6025 6025 6014 6014 6035 6035 6015 6015 6026 6026 6034 6034 2585 2585 6016 6016 6036 6036 6025 6025 6037 6037 6016 6016 6032 6032 564 564 567 567 6032 6032 573 573 6033 6033 6038 6038 6039 6039 6033 6033 567 567 573 573 6032 6032 6033 6033 573 573 6038 6038 6038 6038 576 576 6039 6039 571 571 573 573 567 567 576 576 6038 6038 573 573 6040 6040 3322 3322 591 591 6040 6040 591 591 588 588 588 588 6041 6041 6040 6040 592 592 591 591 3322 3322 588 588 675 675 681 681 681 681 6041 6041 588 588 6041 6041 681 681 691 691 709 709 714 714 5341 5341 714 714 717 717 5341 5341 717 717 5376 5376 5341 5341 5376 5376 717 717 6042 6042 717 717 724 724 6042 6042 5376 5376 6042 6042 5405 5405 6034 6034 6043 6043 6014 6014 6035 6035 6014 6014 6044 6044 6045 6045 6025 6025 6035 6035 6034 6034 6026 6026 6046 6046 6036 6036 6016 6016 6037 6037 2579 2579 2585 2585 6036 6036 6045 6045 6037 6037 6025 6025 724 724 6047 6047 6042 6042 5405 5405 6042 6042 6047 6047 6047 6047 724 724 6048 6048 724 724 728 728 6048 6048 5572 5572 5405 5405 6049 6049 5405 5405 6047 6047 6049 6049 6047 6047 6048 6048 6050 6050 6048 6048 728 728 733 733 6050 6050 6048 6048 738 738 6049 6049 6051 6051 5572 5572 6047 6047 6050 6050 6049 6049 5572 5572 6051 6051 5599 5599 6048 6048 733 733 738 738 6050 6050 738 738 6052 6052 6051 6051 6049 6049 6050 6050 6051 6051 5602 5602 5599 5599 738 738 6053 6053 6052 6052 6052 6052 6054 6054 6050 6050 6050 6050 6055 6055 6051 6051 6055 6055 5602 5602 6051 6051 738 738 742 742 6053 6053 6053 6053 6054 6054 6052 6052 6050 6050 6054 6054 6055 6055 6043 6043 6034 6034 6056 6056 6043 6043 6044 6044 6014 6014 6044 6044 6057 6057 6035 6035 6035 6035 6057 6057 6045 6045 6046 6046 6056 6056 6034 6034 6058 6058 6036 6036 6037 6037 6036 6036 2575 2575 2579 2579 6058 6058 6037 6037 6045 6045 6055 6055 6059 6059 5602 5602 6053 6053 742 742 6060 6060 6053 6053 6060 6060 6054 6054 6054 6054 6059 6059 6055 6055 742 742 756 756 6060 6060 6060 6060 6061 6061 6054 6054 6054 6054 6062 6062 6059 6059 756 756 6061 6061 6060 6060 6062 6062 6054 6054 6061 6061 6062 6062 6063 6063 6059 6059 756 756 6064 6064 6061 6061 6061 6061 6063 6063 6062 6062 752 752 6064 6064 756 756 6064 6064 6063 6063 6061 6061 6064 6064 752 752 764 764 764 764 767 767 6065 6065 6064 6064 6066 6066 6063 6063 6066 6066 6065 6065 767 767 764 764 6065 6065 6064 6064 6064 6064 6065 6065 6066 6066 6067 6067 6068 6068 6069 6069 6043 6043 6056 6056 6070 6070 6043 6043 6071 6071 6044 6044 6057 6057 6044 6044 6072 6072 6057 6057 6073 6073 6045 6045 6056 6056 6046 6046 6074 6074 6075 6075 6036 6036 6058 6058 2575 2575 6036 6036 6075 6075 6058 6058 6045 6045 6073 6073 6067 6067 6076 6076 6068 6068 6069 6069 6068 6068 6077 6077 6078 6078 6076 6076 6067 6067 6068 6068 6076 6076 6079 6079 6068 6068 6080 6080 6077 6077 6078 6078 6079 6079 6076 6076 6079 6079 6080 6080 6068 6068 6080 6080 6081 6081 6077 6077 6079 6079 6078 6078 6082 6082 6083 6083 6084 6084 6082 6082 6081 6081 6080 6080 6079 6079 6085 6085 6083 6083 6082 6082 6077 6077 6081 6081 6086 6086 6082 6082 6084 6084 6079 6079 6084 6084 6083 6083 6087 6087 6079 6079 6088 6088 6081 6081 6089 6089 6090 6090 6085 6085 6083 6083 6085 6085 6091 6091 6081 6081 6092 6092 6086 6086 6070 6070 6056 6056 6074 6074 6071 6071 6043 6043 6070 6070 6071 6071 6072 6072 6044 6044 6072 6072 6093 6093 6057 6057 6093 6093 6073 6073 6057 6057 6075 6075 6058 6058 6094 6094 2575 2575 6075 6075 6095 6095 6073 6073 6094 6094 6058 6058 6087 6087 6083 6083 6096 6096 6084 6084 6097 6097 6079 6079 6087 6087 6098 6098 6084 6084 6088 6088 6079 6079 6097 6097 2571 2571 2575 2575 6095 6095 6088 6088 6092 6092 6081 6081 6089 6089 6099 6099 6090 6090 6091 6091 6096 6096 6083 6083 6090 6090 6091 6091 6085 6085 6100 6100 6086 6086 6092 6092 6098 6098 6087 6087 6096 6096 6084 6084 6098 6098 6097 6097 6097 6097 6092 6092 6088 6088 6101 6101 6099 6099 6089 6089 6099 6099 6102 6102 6090 6090 6096 6096 6091 6091 6090 6090 6092 6092 6103 6103 6100 6100 6096 6096 6104 6104 6098 6098 6070 6070 6074 6074 6105 6105 6106 6106 6071 6071 6070 6070 6071 6071 6106 6106 6072 6072 6106 6106 6093 6093 6072 6072 6093 6093 6094 6094 6073 6073 6094 6094 6107 6107 6075 6075 6095 6095 6075 6075 6108 6108 6092 6092 6097 6097 6098 6098 6101 6101 6102 6102 6099 6099 6096 6096 6090 6090 6102 6102 6095 6095 3490 3490 2571 2571 6104 6104 6096 6096 6109 6109 6092 6092 6110 6110 6103 6103 6104 6104 6111 6111 6098 6098 6092 6092 6098 6098 6112 6112 6101 6101 6113 6113 6102 6102 6102 6102 6114 6114 6096 6096 6115 6115 6111 6111 6104 6104 6096 6096 6114 6114 6109 6109 6109 6109 6115 6115 6104 6104 6116 6116 6117 6117 6118 6118 6119 6119 6120 6120 6118 6118 6110 6110 6092 6092 6112 6112 6110 6110 6119 6119 6103 6103 6093 6093 6107 6107 6094 6094 6108 6108 6075 6075 6107 6107 3490 3490 6095 6095 6108 6108 6111 6111 6112 6112 6098 6098 6114 6114 6102 6102 6113 6113 6111 6111 6115 6115 6121 6121 6114 6114 6122 6122 6109 6109 6109 6109 6121 6121 6115 6115 6123 6123 6124 6124 6125 6125 6123 6123 6126 6126 6124 6124 6116 6116 6127 6127 6117 6117 6127 6127 6125 6125 6117 6117 6120 6120 6116 6116 6118 6118 6119 6119 6128 6128 6120 6120 6110 6110 6112 6112 6129 6129 6119 6119 6110 6110 6128 6128 6111 6111 6129 6129 6112 6112 6130 6130 6131 6131 6126 6126 6132 6132 6133 6133 6111 6111 6113 6113 6122 6122 6114 6114 6111 6111 6121 6121 6132 6132 6122 6122 6121 6121 6109 6109 6125 6125 6134 6134 6123 6123 6126 6126 6123 6123 6130 6130 6116 6116 6135 6135 6127 6127 6125 6125 6127 6127 6134 6134 6116 6116 6120 6120 6136 6136 6137 6137 6120 6120 6128 6128 6129 6129 6128 6128 6110 6110 6111 6111 6133 6133 6129 6129 6130 6130 6138 6138 6131 6131 6132 6132 6139 6139 6133 6133 6140 6140 6141 6141 6142 6142 6113 6113 6143 6143 6122 6122 6132 6132 6121 6121 6144 6144 6121 6121 6122 6122 6145 6145 6134 6134 6130 6130 6123 6123 6136 6136 6135 6135 6116 6116 6127 6127 6135 6135 6134 6134 6120 6120 6137 6137 6136 6136 6129 6129 6137 6137 6128 6128 6133 6133 6146 6146 6129 6129 6138 6138 6130 6130 6147 6147 6139 6139 6132 6132 6144 6144 6139 6139 6146 6146 6133 6133 6142 6142 6148 6148 6149 6149 6140 6140 6142 6142 6150 6150 6151 6151 6143 6143 6113 6113 6143 6143 6145 6145 6122 6122 6145 6145 6144 6144 6121 6121 6152 6152 6130 6130 6134 6134 6135 6135 6136 6136 6153 6153 6135 6135 6152 6152 6134 6134 6137 6137 6153 6153 6136 6136 6146 6146 6137 6137 6129 6129 6154 6154 6147 6147 6130 6130 6144 6144 6155 6155 6139 6139 6139 6139 6155 6155 6146 6146 6150 6150 6142 6142 6149 6149 6150 6150 6156 6156 6140 6140 6151 6151 6157 6157 6143 6143 6143 6143 6158 6158 6145 6145 6145 6145 6158 6158 6144 6144 6130 6130 6152 6152 6154 6154 6135 6135 6153 6153 6152 6152 6159 6159 6153 6153 6137 6137 6137 6137 6146 6146 6160 6160 6147 6147 6154 6154 6161 6161 6144 6144 6162 6162 6155 6155 6155 6155 6160 6160 6146 6146 6140 6140 6156 6156 6163 6163 6156 6156 6150 6150 6149 6149 6164 6164 6157 6157 6151 6151 6157 6157 6158 6158 6143 6143 6158 6158 6162 6162 6144 6144 6165 6165 6154 6154 6152 6152 6152 6152 6153 6153 6159 6159 6137 6137 6160 6160 6159 6159 4957 4957 4959 4959 4962 4962 6166 6166 6167 6167 6168 6168 6167 6167 6166 6166 6169 6169 6169 6169 6166 6166 6170 6170 4462 4462 6167 6167 6169 6169 6171 6171 6170 6170 6166 6166 6170 6170 6172 6172 6169 6169 6172 6172 4462 4462 6169 6169 6170 6170 6171 6171 6173 6173 6172 6172 6170 6170 6173 6173 6172 6172 4460 4460 4462 4462 6173 6173 6171 6171 6174 6174 6173 6173 6175 6175 6172 6172 4460 4460 6172 6172 6175 6175 6174 6174 6176 6176 6173 6173 6171 6171 6177 6177 6174 6174 6175 6175 6173 6173 6178 6178 6175 6175 6179 6179 4460 4460 6176 6176 6174 6174 6180 6180 6178 6178 6173 6173 6176 6176 6171 6171 6181 6181 6177 6177 6174 6174 6177 6177 6182 6182 6183 6183 6175 6175 6178 6178 6179 6179 6175 6175 6184 6184 6179 6179 4469 4469 4460 4460 6174 6174 6182 6182 6180 6180 6180 6180 6185 6185 6176 6176 6178 6178 6176 6176 6185 6185 6177 6177 6181 6181 6186 6186 6177 6177 6186 6186 6182 6182 6183 6183 6184 6184 6175 6175 6185 6185 6183 6183 6178 6178 6179 6179 6184 6184 6187 6187 4476 4476 4469 4469 6179 6179 6180 6180 6182 6182 6188 6188 6180 6180 6189 6189 6185 6185 6181 6181 6190 6190 6186 6186 6182 6182 6186 6186 6191 6191 6184 6184 6183 6183 6192 6192 6185 6185 6193 6193 6183 6183 6187 6187 6184 6184 6194 6194 6195 6195 6179 6179 6187 6187 4476 4476 6179 6179 6195 6195 6182 6182 6191 6191 6188 6188 6180 6180 6188 6188 6196 6196 6189 6189 6180 6180 6197 6197 6193 6193 6185 6185 6189 6189 6186 6186 6190 6190 6198 6198 6186 6186 6198 6198 6191 6191 6192 6192 6183 6183 6193 6193 6194 6194 6184 6184 6192 6192 6187 6187 6194 6194 6199 6199 6195 6195 6187 6187 6200 6200 4483 4483 4476 4476 6195 6195 6188 6188 6191 6191 6201 6201 6180 6180 6196 6196 6197 6197 6196 6196 6188 6188 6202 6202 6203 6203 6189 6189 6197 6197 6189 6189 6204 6204 6193 6193 6190 6190 6205 6205 6198 6198 6191 6191 6198 6198 6206 6206 6192 6192 6193 6193 6204 6204 6194 6194 6192 6192 6199 6199 6207 6207 6187 6187 6199 6199 6200 6200 6187 6187 6207 6207 6208 6208 6195 6195 6200 6200 6195 6195 6208 6208 4483 4483 6191 6191 6206 6206 6201 6201 6188 6188 6201 6201 6202 6202 6197 6197 6196 6196 6209 6209 6196 6196 6202 6202 6209 6209 6203 6203 6197 6197 6209 6209 6210 6210 6189 6189 6203 6203 6204 6204 6189 6189 6211 6211 6198 6198 6205 6205 6206 6206 6192 6192 6204 6204 6212 6212 6199 6199 6192 6192 6213 6213 6207 6207 6199 6199 6213 6213 6207 6207 6214 6214 6200 6200 6208 6208 6200 6200 6214 6214 6215 6215 4483 4483 6208 6208 6216 6216 6201 6201 6206 6206 6202 6202 6201 6201 6217 6217 6209 6209 6202 6202 6218 6218 6203 6203 6209 6209 6219 6219 6210 6210 6203 6203 6219 6219 6220 6220 6189 6189 6210 6210 6220 6220 6211 6211 6189 6189 6212 6212 6204 6204 6211 6211 6213 6213 6192 6192 6212 6212 6214 6214 6207 6207 6213 6213 6215 6215 6208 6208 6214 6214 6201 6201 6216 6216 6217 6217 6202 6202 6217 6217 6218 6218 6221 6221 6209 6209 6218 6218 6209 6209 6221 6221 6219 6219 6210 6210 6219 6219 6222 6222 6210 6210 6223 6223 6220 6220 6220 6220 6212 6212 6211 6211 6212 6212 6224 6224 6213 6213 6214 6214 6213 6213 6224 6224 6225 6225 6215 6215 6214 6214 6221 6221 6218 6218 6226 6226 6219 6219 6221 6221 6227 6227 6222 6222 6228 6228 6210 6210 6219 6219 6227 6227 6222 6222 6223 6223 6210 6210 6228 6228 6223 6223 6229 6229 6220 6220 6229 6229 6212 6212 6220 6220 6224 6224 6212 6212 6230 6230 6224 6224 6231 6231 6214 6214 6232 6232 6225 6225 6214 6214 6227 6227 6221 6221 6226 6226 6228 6228 6233 6233 6223 6223 6229 6229 6223 6223 6233 6233 6230 6230 6212 6212 6229 6229 6234 6234 6224 6224 6230 6230 6232 6232 6214 6214 6231 6231 6224 6224 6235 6235 6231 6231 6233 6233 6236 6236 6229 6229 6236 6236 6230 6230 6229 6229 6235 6235 6224 6224 6234 6234 6234 6234 6230 6230 6237 6237 6232 6232 6231 6231 6238 6238 6235 6235 6239 6239 6231 6231 6236 6236 6233 6233 6240 6240 6230 6230 6236 6236 6237 6237 6234 6234 6239 6239 6235 6235 6237 6237 6241 6241 6234 6234 6242 6242 6232 6232 6238 6238 6238 6238 6231 6231 6239 6239 6240 6240 6243 6243 6236 6236 6236 6236 6243 6243 6237 6237 6239 6239 6234 6234 6244 6244 6237 6237 6245 6245 6241 6241 6244 6244 6234 6234 6241 6241 6242 6242 6238 6238 6246 6246 6239 6239 6247 6247 6238 6238 6240 6240 6248 6248 6243 6243 6243 6243 6249 6249 6237 6237 6244 6244 6247 6247 6239 6239 6250 6250 6241 6241 6245 6245 6245 6245 6237 6237 6249 6249 6244 6244 6241 6241 6250 6250 6246 6246 6238 6238 6247 6247 6242 6242 6246 6246 6251 6251 6249 6249 6243 6243 6248 6248 6244 6244 6252 6252 6247 6247 6250 6250 6245 6245 6253 6253 6254 6254 6245 6245 6249 6249 6244 6244 6250 6250 6255 6255 6246 6246 6247 6247 6256 6256 6256 6256 6251 6251 6246 6246 6248 6248 6254 6254 6249 6249 6252 6252 6244 6244 6257 6257 6256 6256 6247 6247 6252 6252 6253 6253 6245 6245 6254 6254 6255 6255 6250 6250 6253 6253 6257 6257 6244 6244 6255 6255 6251 6251 6256 6256 6257 6257 6254 6254 6248 6248 6258 6258 6259 6259 6252 6252 6257 6257 6256 6256 6252 6252 6259 6259 6253 6253 6254 6254 6258 6258 6255 6255 6253 6253 6260 6260 6257 6257 6255 6255 6261 6261 6259 6259 6257 6257 6256 6256 6257 6257 6262 6262 6251 6251 6258 6258 6263 6263 6253 6253 6260 6260 6253 6253 6263 6263 6261 6261 6255 6255 6260 6260 6262 6262 6257 6257 6261 6261 6258 6258 6264 6264 6263 6263 6260 6260 6263 6263 6264 6264 6261 6261 6265 6265 6262 6262 6165 6165 6161 6161 6154 6154 6162 6162 6266 6266 6155 6155 6155 6155 6267 6267 6160 6160 6156 6156 6268 6268 6163 6163 6156 6156 6149 6149 6269 6269 6270 6270 6163 6163 6271 6271 6164 6164 6272 6272 6157 6157 6157 6157 6273 6273 6158 6158 6158 6158 6274 6274 6162 6162 6152 6152 6159 6159 6165 6165 6267 6267 6159 6159 6160 6160 6165 6165 6275 6275 6161 6161 6274 6274 6266 6266 6162 6162 6266 6266 6267 6267 6155 6155 6276 6276 6277 6277 6275 6275 6163 6163 6268 6268 6271 6271 6278 6278 2555 2555 2564 2564 6156 6156 6269 6269 6268 6268 2557 2557 282 282 6279 6279 2564 2564 2557 2557 6280 6280 6278 6278 2564 2564 6280 6280 6278 6278 2548 2548 2555 2555 6270 6270 6271 6271 6281 6281 6279 6279 282 282 4973 4973 6279 6279 6282 6282 2557 2557 6283 6283 6280 6280 2557 2557 6278 6278 6280 6280 2547 2547 2548 2548 6278 6278 2547 2547 2555 2555 2548 2548 2552 2552 6284 6284 6270 6270 6281 6281 4973 4973 5875 5875 6279 6279 6279 6279 5875 5875 6282 6282 6280 6280 6283 6283 6285 6285 6280 6280 6285 6285 2547 2547 2548 2548 2547 2547 3478 3478 6284 6284 6286 6286 6287 6287 6283 6283 2544 2544 6285 6285 6285 6285 2544 2544 2547 2547 6287 6287 6288 6288 6164 6164 6288 6288 6272 6272 6164 6164 6272 6272 6273 6273 6157 6157 6274 6274 6158 6158 6273 6273 4961 4961 4959 4959 4960 4960 5518 5518 6289 6289 5530 5530 5518 5518 6290 6290 6289 6289 6289 6289 6291 6291 5530 5530 6292 6292 6289 6289 6290 6290 5503 5503 6290 6290 5518 5518 6289 6289 6292 6292 6291 6291 5530 5530 6291 6291 5519 5519 6290 6290 6293 6293 6292 6292 6290 6290 5503 5503 6294 6294 6292 6292 6295 6295 6291 6291 5519 5519 6291 6291 6296 6296 6293 6293 6290 6290 6297 6297 6293 6293 6295 6295 6292 6292 6294 6294 6298 6298 6290 6290 6291 6291 6295 6295 6299 6299 6291 6291 6299 6299 6296 6296 5526 5526 5519 5519 6296 6296 6297 6297 6300 6300 6293 6293 6298 6298 6297 6297 6290 6290 6295 6295 6293 6293 6300 6300 6301 6301 6298 6298 6294 6294 6299 6299 6295 6295 6302 6302 6299 6299 6302 6302 6296 6296 5533 5533 5526 5526 6296 6296 6303 6303 6300 6300 6297 6297 6304 6304 6297 6297 6298 6298 6300 6300 6303 6303 6295 6295 6301 6301 6304 6304 6298 6298 6305 6305 6301 6301 6294 6294 6295 6295 6306 6306 6302 6302 6302 6302 6307 6307 6296 6296 6296 6296 6308 6308 5533 5533 6297 6297 6309 6309 6303 6303 6304 6304 6310 6310 6297 6297 6303 6303 6306 6306 6295 6295 6305 6305 6304 6304 6301 6301 6306 6306 6311 6311 6302 6302 6302 6302 6312 6312 6307 6307 6296 6296 6307 6307 6308 6308 5531 5531 5533 5533 6308 6308 6309 6309 6297 6297 6310 6310 6313 6313 6303 6303 6309 6309 6304 6304 6314 6314 6310 6310 6303 6303 6313 6313 6306 6306 6313 6313 6311 6311 6306 6306 6311 6311 6315 6315 6302 6302 6312 6312 6302 6302 6315 6315 6307 6307 6312 6312 6316 6316 6308 6308 6307 6307 6317 6317 5531 5531 6308 6308 6318 6318 6310 6310 6319 6319 6309 6309 6309 6309 6320 6320 6313 6313 6314 6314 6321 6321 6310 6310 6313 6313 6322 6322 6311 6311 6315 6315 6311 6311 6323 6323 6312 6312 6315 6315 6324 6324 6312 6312 6324 6324 6316 6316 6317 6317 6307 6307 6316 6316 6308 6308 6317 6317 6318 6318 5531 5531 6318 6318 5532 5532 6319 6319 6310 6310 6321 6321 6320 6320 6309 6309 6319 6319 6320 6320 6322 6322 6313 6313 6321 6321 6314 6314 6325 6325 6322 6322 6326 6326 6311 6311 6324 6324 6315 6315 6323 6323 6323 6323 6311 6311 6326 6326 6324 6324 6327 6327 6316 6316 6317 6317 6316 6316 6328 6328 6318 6318 6317 6317 6329 6329 6321 6321 6330 6330 6319 6319 6319 6319 6331 6331 6320 6320 6320 6320 6332 6332 6322 6322 6325 6325 6330 6330 6321 6321 6322 6322 6333 6333 6326 6326 6323 6323 6334 6334 6324 6324 6326 6326 6335 6335 6323 6323 6324 6324 6334 6334 6327 6327 6329 6329 6317 6317 6328 6328 6330 6330 6331 6331 6319 6319 6331 6331 6336 6336 6320 6320 6332 6332 6333 6333 6322 6322 6320 6320 6336 6336 6332 6332 6325 6325 6337 6337 6330 6330 6335 6335 6326 6326 6333 6333 6334 6334 6323 6323 6338 6338 6323 6323 6335 6335 6338 6338 6339 6339 6327 6327 6334 6334 6330 6330 6340 6340 6331 6331 6336 6336 6331 6331 6340 6340 6332 6332 6341 6341 6333 6333 6336 6336 6341 6341 6332 6332 6337 6337 6340 6340 6330 6330 6333 6333 6342 6342 6335 6335 6338 6338 6343 6343 6334 6334 6335 6335 6342 6342 6338 6338 6334 6334 6344 6344 6339 6339 6340 6340 6341 6341 6336 6336 6341 6341 6345 6345 6333 6333 6337 6337 6346 6346 6340 6340 6333 6333 6345 6345 6342 6342 6343 6343 6338 6338 6347 6347 6344 6344 6334 6334 6343 6343 6342 6342 6348 6348 6338 6338 6340 6340 6349 6349 6341 6341 6341 6341 6349 6349 6345 6345 6346 6346 6350 6350 6340 6340 6345 6345 6351 6351 6342 6342 6338 6338 6348 6348 6347 6347 6342 6342 6351 6351 6348 6348 6340 6340 6350 6350 6349 6349 6345 6345 6349 6349 6352 6352 6351 6351 6345 6345 6352 6352 6348 6348 6353 6353 6347 6347 6351 6351 6354 6354 6348 6348 6352 6352 6349 6349 6350 6350 6352 6352 6354 6354 6351 6351 6354 6354 6353 6353 6348 6348 5228 5228 6355 6355 5220 5220 6355 6355 5228 5228 6356 6356 6355 6355 6357 6357 5220 5220 6356 6356 6358 6358 6355 6355 6355 6355 6359 6359 6357 6357 6360 6360 5220 5220 6357 6357 6359 6359 6355 6355 6358 6358 6361 6361 6357 6357 6359 6359 5220 5220 6360 6360 5210 5210 6362 6362 6360 6360 6357 6357 6358 6358 6363 6363 6359 6359 6357 6357 6361 6361 6364 6364 6361 6361 6359 6359 6365 6365 6366 6366 5210 5210 6360 6360 6357 6357 6364 6364 6362 6362 6360 6360 6362 6362 6366 6366 6365 6365 6359 6359 6363 6363 6361 6361 6367 6367 6364 6364 6361 6361 6365 6365 6368 6368 5210 5210 6366 6366 5205 5205 6364 6364 6369 6369 6362 6362 6362 6362 6370 6370 6366 6366 6363 6363 6371 6371 6365 6365 6367 6367 6361 6361 6368 6368 6364 6364 6367 6367 6369 6369 6365 6365 6371 6371 6368 6368 6366 6366 6372 6372 5205 5205 6362 6362 6369 6369 6370 6370 6366 6366 6370 6370 6373 6373 6371 6371 6363 6363 6374 6374 6368 6368 6375 6375 6367 6367 6376 6376 6369 6369 6367 6367 6368 6368 6371 6371 6374 6374 6373 6373 6372 6372 6366 6366 5205 5205 6372 6372 5202 5202 6369 6369 6377 6377 6370 6370 6373 6373 6370 6370 6378 6378 6375 6375 6379 6379 6367 6367 6368 6368 6380 6380 6375 6375 6369 6369 6376 6376 6377 6377 6367 6367 6381 6381 6376 6376 6374 6374 6380 6380 6368 6368 6372 6372 6373 6373 5202 5202 6377 6377 6382 6382 6370 6370 6370 6370 6383 6383 6378 6378 6378 6378 5200 5200 6373 6373 6381 6381 6367 6367 6379 6379 6375 6375 6384 6384 6379 6379 6380 6380 6385 6385 6375 6375 6377 6377 6376 6376 6382 6382 6381 6381 6386 6386 6376 6376 5202 5202 6373 6373 5200 5200 6370 6370 6382 6382 6383 6383 6379 6379 6387 6387 6381 6381 6387 6387 6379 6379 6384 6384 6384 6384 6375 6375 6385 6385 6382 6382 6376 6376 6388 6388 6381 6381 6389 6389 6386 6386 6388 6388 6376 6376 6386 6386 6382 6382 6390 6390 6383 6383 6381 6381 6387 6387 6389 6389 6384 6384 6391 6391 6387 6387 6385 6385 6392 6392 6384 6384 6382 6382 6388 6388 6390 6390 6389 6389 6393 6393 6386 6386 6386 6386 6394 6394 6388 6388 6383 6383 6390 6390 6395 6395 6387 6387 6396 6396 6389 6389 6384 6384 6397 6397 6391 6391 6387 6387 6391 6391 6398 6398 6385 6385 6399 6399 6392 6392 6392 6392 6397 6397 6384 6384 6388 6388 6394 6394 6390 6390 6389 6389 6396 6396 6393 6393 6386 6386 6393 6393 6394 6394 6387 6387 6400 6400 6396 6396 6391 6391 6397 6397 6401 6401 6398 6398 6391 6391 6402 6402 6400 6400 6387 6387 6398 6398 6399 6399 6403 6403 6392 6392 6392 6392 6403 6403 6397 6397 6396 6396 6404 6404 6393 6393 6393 6393 6405 6405 6394 6394 6404 6404 6396 6396 6400 6400 6397 6397 6406 6406 6401 6401 6391 6391 6401 6401 6402 6402 6402 6402 6407 6407 6398 6398 6408 6408 6400 6400 6398 6398 6403 6403 6399 6399 6409 6409 6403 6403 6406 6406 6397 6397 6393 6393 6404 6404 6405 6405 6410 6410 6394 6394 6405 6405 6400 6400 6408 6408 6404 6404 6401 6401 6406 6406 6411 6411 6402 6402 6401 6401 6407 6407 6408 6408 6398 6398 6407 6407 6406 6406 6403 6403 6409 6409 6404 6404 6412 6412 6405 6405 6405 6405 6413 6413 6410 6410 6412 6412 6404 6404 6408 6408 6406 6406 6414 6414 6411 6411 6407 6407 6401 6401 6411 6411 6415 6415 6408 6408 6407 6407 6409 6409 6416 6416 6406 6406 6413 6413 6405 6405 6412 6412 6413 6413 6417 6417 6410 6410 6408 6408 6415 6415 6412 6412 6416 6416 6414 6414 6406 6406 6411 6411 6414 6414 6418 6418 6411 6411 6418 6418 6407 6407 6407 6407 6418 6418 6415 6415 6412 6412 6419 6419 6413 6413 6417 6417 6413 6413 6419 6419 6419 6419 6412 6412 6415 6415 6416 6416 6420 6420 6414 6414 6418 6418 6414 6414 6421 6421 6418 6418 6421 6421 6415 6415 6419 6419 6422 6422 6417 6417 6415 6415 6421 6421 6419 6419 6414 6414 6420 6420 6423 6423 6414 6414 6423 6423 6421 6421 6422 6422 6419 6419 6423 6423 6421 6421 6423 6423 6419 6419 6424 6424 6425 6425 6426 6426 6425 6425 6424 6424 6427 6427 6426 6426 6428 6428 6424 6424 6424 6424 6429 6429 6427 6427 6428 6428 6426 6426 6430 6430 6431 6431 6424 6424 6428 6428 6431 6431 6429 6429 6424 6424 6430 6430 6432 6432 6428 6428 6433 6433 6431 6431 6428 6428 6431 6431 6434 6434 6429 6429 6432 6432 6430 6430 6435 6435 6432 6432 6433 6433 6428 6428 6434 6434 6431 6431 6433 6433 6435 6435 6436 6436 6432 6432 6432 6432 6436 6436 6433 6433 6437 6437 6434 6434 6433 6433 6436 6436 6435 6435 6438 6438 6437 6437 6433 6433 6436 6436 6436 6436 6438 6438 6439 6439 6436 6436 6440 6440 6437 6437 6441 6441 6436 6436 6439 6439 6436 6436 6442 6442 6440 6440 6442 6442 6436 6436 6441 6441 6441 6441 6439 6439 6443 6443 6442 6442 6444 6444 6440 6440 6445 6445 6442 6442 6441 6441 6446 6446 6441 6441 6443 6443 6444 6444 6442 6442 6445 6445 6445 6445 6441 6441 6446 6446 6446 6446 6443 6443 6447 6447 6448 6448 6444 6444 6445 6445 6446 6446 6449 6449 6445 6445 6449 6449 6446 6446 6447 6447 6447 6447 6443 6443 6450 6450 6445 6445 6451 6451 6448 6448 6452 6452 6445 6445 6449 6449 6447 6447 6453 6453 6449 6449 6450 6450 6454 6454 6447 6447 6455 6455 6448 6448 6451 6451 6445 6445 6452 6452 6451 6451 6456 6456 6452 6452 6449 6449 6453 6453 6447 6447 6454 6454 6453 6453 6456 6456 6449 6449 6455 6455 6451 6451 6457 6457 6457 6457 6451 6451 6452 6452 6458 6458 6452 6452 6456 6456 6459 6459 6456 6456 6453 6453 6457 6457 6460 6460 6455 6455 6452 6452 6458 6458 6457 6457 6456 6456 6461 6461 6458 6458 6461 6461 6456 6456 6459 6459 6460 6460 6457 6457 6462 6462 6463 6463 6457 6457 6458 6458 6464 6464 6458 6458 6461 6461 6462 6462 6457 6457 6463 6463 6353 6353 6460 6460 6462 6462 6458 6458 6464 6464 6463 6463 6461 6461 6344 6344 6464 6464 6465 6465 6462 6462 6463 6463 6462 6462 6347 6347 6353 6353 6465 6465 6463 6463 6464 6464 6465 6465 6464 6464 6344 6344 6347 6347 6462 6462 6465 6465 6343 6343 6465 6465 6344 6344 6343 6343 6347 6347 6465 6465 6466 6466 6467 6467 6468 6468 6467 6467 6466 6466 6469 6469 6468 6468 6467 6467 6470 6470 6471 6471 6466 6466 6468 6468 6472 6472 6469 6469 6466 6466 6467 6467 6469 6469 6473 6473 6474 6474 6470 6470 6467 6467 6468 6468 6470 6470 6475 6475 6466 6466 6471 6471 6472 6472 6468 6468 6476 6476 6471 6471 6469 6469 6472 6472 6477 6477 6478 6478 6467 6467 6473 6473 6473 6473 6469 6469 6479 6479 6467 6467 6478 6478 6474 6474 6474 6474 6480 6480 6470 6470 6481 6481 6475 6475 6470 6470 6475 6475 6482 6482 6468 6468 6471 6471 6483 6483 6472 6472 6476 6476 6468 6468 6482 6482 6484 6484 6471 6471 6476 6476 6485 6485 6477 6477 6472 6472 6469 6469 6477 6477 6434 6434 6478 6478 6473 6473 6479 6479 6479 6479 6469 6469 6434 6434 6474 6474 6478 6478 6444 6444 6474 6474 6486 6486 6480 6480 6480 6480 6487 6487 6470 6470 6481 6481 6488 6488 6475 6475 6487 6487 6481 6481 6470 6470 6482 6482 6475 6475 6489 6489 6471 6471 6484 6484 6483 6483 6472 6472 6483 6483 6490 6490 6482 6482 6491 6491 6476 6476 6484 6484 6476 6476 6491 6491 6477 6477 6485 6485 6427 6427 6472 6472 6490 6490 6485 6485 6434 6434 6477 6477 6429 6429 6478 6478 6479 6479 6440 6440 6479 6479 6434 6434 6437 6437 6440 6440 6444 6444 6478 6478 6444 6444 6448 6448 6474 6474 6486 6486 6474 6474 6492 6492 6493 6493 6480 6480 6486 6486 6494 6494 6487 6487 6480 6480 6481 6481 6494 6494 6488 6488 6488 6488 6495 6495 6475 6475 6494 6494 6481 6481 6487 6487 6475 6475 6495 6495 6489 6489 6489 6489 6491 6491 6482 6482 6484 6484 6496 6496 6483 6483 6483 6483 6497 6497 6490 6490 6491 6491 6498 6498 6484 6484 6429 6429 6477 6477 6427 6427 6485 6485 6490 6490 6499 6499 6440 6440 6479 6479 6437 6437 6492 6492 6474 6474 6448 6448 6486 6486 6492 6492 6500 6500 6501 6501 6480 6480 6493 6493 6493 6493 6486 6486 6500 6500 6494 6494 6502 6502 6488 6488 6495 6495 6488 6488 6502 6502 6495 6495 6503 6503 6489 6489 6489 6489 6504 6504 6491 6491 6484 6484 6505 6505 6496 6496 6497 6497 6483 6483 6496 6496 6506 6506 6490 6490 6497 6497 6505 6505 6484 6484 6498 6498 6498 6498 6491 6491 6504 6504 6490 6490 6506 6506 6499 6499 6492 6492 6448 6448 6455 6455 6500 6500 6492 6492 6455 6455 6493 6493 6507 6507 6501 6501 6507 6507 6493 6493 6500 6500 6495 6495 6502 6502 6508 6508 6503 6503 6509 6509 6489 6489 6495 6495 6508 6508 6503 6503 6509 6509 6504 6504 6489 6489 6505 6505 6510 6510 6496 6496 6511 6511 6497 6497 6496 6496 6497 6497 6511 6511 6506 6506 6498 6498 6512 6512 6505 6505 6455 6455 6513 6513 6500 6500 6514 6514 6501 6501 6507 6507 6515 6515 6507 6507 6500 6500 6509 6509 6503 6503 6516 6516 6508 6508 6516 6516 6503 6503 6510 6510 6505 6505 6512 6512 6517 6517 6496 6496 6510 6510 6496 6496 6517 6517 6511 6511 6511 6511 6518 6518 6506 6506 6460 6460 6513 6513 6455 6455 6515 6515 6500 6500 6513 6513 6514 6514 6507 6507 6519 6519 6519 6519 6507 6507 6515 6515 6512 6512 6520 6520 6510 6510 6510 6510 6521 6521 6517 6517 6517 6517 6522 6522 6511 6511 6518 6518 6511 6511 6522 6522 6460 6460 6353 6353 6513 6513 6515 6515 6513 6513 6354 6354 6523 6523 6514 6514 6519 6519 6524 6524 6519 6519 6515 6515 6510 6510 6520 6520 6525 6525 6510 6510 6525 6525 6521 6521 6522 6522 6517 6517 6521 6521 6522 6522 6526 6526 6518 6518 6354 6354 6513 6513 6353 6353 6527 6527 6515 6515 6354 6354 6523 6523 6519 6519 6524 6524 6515 6515 6527 6527 6524 6524 6528 6528 6525 6525 6520 6520 6522 6522 6521 6521 6525 6525 6522 6522 6528 6528 6526 6526 6527 6527 6354 6354 6352 6352 6529 6529 6523 6523 6524 6524 6529 6529 6524 6524 6527 6527 6525 6525 6528 6528 6522 6522 6350 6350 6527 6527 6352 6352 6527 6527 6350 6350 6529 6529 6159 6159 6267 6267 6165 6165 6276 6276 6275 6275 6165 6165 6274 6274 6530 6530 6266 6266 6266 6266 6530 6530 6267 6267 3470 3470 6531 6531 6532 6532 6532 6532 6531 6531 6533 6533 2542 2542 3470 3470 6532 6532 6533 6533 6531 6531 6534 6534 6533 6533 6535 6535 6532 6532 6536 6536 6277 6277 6276 6276 6532 6532 6535 6535 2542 2542 6537 6537 6534 6534 6531 6531 6533 6533 6534 6534 6538 6538 6535 6535 6533 6533 6539 6539 6268 6268 6540 6540 6271 6271 2542 2542 6535 6535 6541 6541 6537 6537 6531 6531 6542 6542 6534 6534 6537 6537 6543 6543 6533 6533 6538 6538 6539 6539 6534 6534 6544 6544 6538 6538 6539 6539 6545 6545 6535 6535 2542 2542 6546 6546 2539 2539 6547 6547 6268 6268 6269 6269 6541 6541 6535 6535 6545 6545 6548 6548 2542 2542 6541 6541 6542 6542 6549 6549 6537 6537 6549 6549 6543 6543 6537 6537 6534 6534 6543 6543 6544 6544 6539 6539 6538 6538 6550 6550 6544 6544 6551 6551 6538 6538 6545 6545 6539 6539 6552 6552 6546 6546 2542 2542 6548 6548 6546 6546 2531 2531 2539 2539 6271 6271 6540 6540 6281 6281 6545 6545 6553 6553 6541 6541 6548 6548 6541 6541 6554 6554 6543 6543 6551 6551 6544 6544 6539 6539 6550 6550 6555 6555 6538 6538 6556 6556 6550 6550 6538 6538 6551 6551 6556 6556 6545 6545 6552 6552 6557 6557 6555 6555 6552 6552 6539 6539 2535 2535 6546 6546 6548 6548 2531 2531 6546 6546 2535 2535 6281 6281 6286 6286 6284 6284 6288 6288 6287 6287 6286 6286 6545 6545 6558 6558 6553 6553 6554 6554 6541 6541 6553 6553 2524 2524 6548 6548 6554 6554 6555 6555 6550 6550 6559 6559 6550 6550 6556 6556 6560 6560 6557 6557 6552 6552 6561 6561 6558 6558 6545 6545 6557 6557 6552 6552 6555 6555 6562 6562 6548 6548 2527 2527 2535 2535 6288 6288 6563 6563 6272 6272 6272 6272 6563 6563 6273 6273 6564 6564 6553 6553 6558 6558 6554 6554 6553 6553 6564 6564 6548 6548 2524 2524 2527 2527 6559 6559 6565 6565 6555 6555 6550 6550 6560 6560 6559 6559 6557 6557 6561 6561 6566 6566 6552 6552 6562 6562 6561 6561 6558 6558 6557 6557 6567 6567 6562 6562 6555 6555 6565 6565 6274 6274 6273 6273 6568 6568 6267 6267 6569 6569 6165 6165 6570 6570 6276 6276 6165 6165 6564 6564 6558 6558 6567 6567 6530 6530 6274 6274 6571 6571 6559 6559 6572 6572 6565 6565 6559 6559 6560 6560 6572 6572 6557 6557 6566 6566 6567 6567 6566 6566 6561 6561 6573 6573 6574 6574 6561 6561 6562 6562 6562 6562 6565 6565 6574 6574 6530 6530 6569 6569 6267 6267 6570 6570 6536 6536 6276 6276 6575 6575 6277 6277 6536 6536 6575 6575 6576 6576 6277 6277 6268 6268 6547 6547 6540 6540 6577 6577 6565 6565 6572 6572 6572 6572 6560 6560 6578 6578 6573 6573 6561 6561 6579 6579 6561 6561 6574 6574 6579 6579 6574 6574 6565 6565 6580 6580 6281 6281 6540 6540 6286 6286 6581 6581 6288 6288 6286 6286 6563 6563 6288 6288 6581 6581 6563 6563 6568 6568 6273 6273 6565 6565 6577 6577 6580 6580 6582 6582 6577 6577 6572 6572 6572 6572 6578 6578 6582 6582 6573 6573 6579 6579 6583 6583 6579 6579 6574 6574 6584 6584 6574 6574 6580 6580 6584 6584 6568 6568 6571 6571 6274 6274 6165 6165 6569 6569 6570 6570 6571 6571 6569 6569 6530 6530 6580 6580 6577 6577 6585 6585 6577 6577 6582 6582 6586 6586 6587 6587 6582 6582 6578 6578 6583 6583 6579 6579 6588 6588 6579 6579 6584 6584 6589 6589 6580 6580 6585 6585 6584 6584 6590 6590 6536 6536 6570 6570 6591 6591 6575 6575 6536 6536 6592 6592 6585 6585 6577 6577 6582 6582 6587 6587 6586 6586 6577 6577 6586 6586 6592 6592 6579 6579 6589 6589 6588 6588 6583 6583 6588 6588 6593 6593 6576 6576 6575 6575 6594 6594 6547 6547 6595 6595 6540 6540 6586 6586 6587 6587 6592 6592 6596 6596 6588 6588 6589 6589 6593 6593 6588 6588 6596 6596 6540 6540 6597 6597 6286 6286 6286 6286 6597 6597 6581 6581 6581 6581 6568 6568 6563 6563 6598 6598 6571 6571 6568 6568 6570 6570 6569 6569 6590 6590 6569 6569 6571 6571 6599 6599 6536 6536 6590 6590 6591 6591 6594 6594 6575 6575 6591 6591 6594 6594 6600 6600 6601 6601 6597 6597 6540 6540 6595 6595 6597 6597 6602 6602 6581 6581 6581 6581 6603 6603 6568 6568 6598 6598 6568 6568 6603 6603 6598 6598 6599 6599 6571 6571 6599 6599 6590 6590 6569 6569 6604 6604 6591 6591 6590 6590 6600 6600 6594 6594 6591 6591 6605 6605 2516 2516 2520 2520 2516 2516 6605 6605 6606 6606 6595 6595 6602 6602 6597 6597 6605 6605 2520 2520 6607 6607 6606 6606 6605 6605 6608 6608 6606 6606 2513 2513 2516 2516 6581 6581 6602 6602 6603 6603 6598 6598 6603 6603 6609 6609 2510 2510 6607 6607 2520 2520 6608 6608 6610 6610 6606 6606 2513 2513 6606 6606 6611 6611 6609 6609 6599 6599 6598 6598 6599 6599 6604 6604 6590 6590 6591 6591 6604 6604 6600 6600 6612 6612 6610 6610 6608 6608 6611 6611 6606 6606 6610 6610 2513 2513 6611 6611 2503 2503 6595 6595 6613 6613 6602 6602 6602 6602 6614 6614 6603 6603 6614 6614 6609 6609 6603 6603 6609 6609 6615 6615 6599 6599 6615 6615 6604 6604 6599 6599 6608 6608 6616 6616 6612 6612 6612 6612 6617 6617 6610 6610 6617 6617 6611 6611 6610 6610 2503 2503 6611 6611 6617 6617 2503 2503 2507 2507 2513 2513 6618 6618 6600 6600 6604 6604 6614 6614 6602 6602 6613 6613 6609 6609 6614 6614 6619 6619 6609 6609 6620 6620 6615 6615 6615 6615 6618 6618 6604 6604 6621 6621 6616 6616 6608 6608 6612 6612 6616 6616 6622 6622 6612 6612 6623 6623 6617 6617 6617 6617 2501 2501 2503 2503 6613 6613 6619 6619 6614 6614 6619 6619 6624 6624 6609 6609 6624 6624 6620 6620 6609 6609 6618 6618 6615 6615 6620 6620 6619 6619 6613 6613 6625 6625 6626 6626 6616 6616 6621 6621 6622 6622 6616 6616 6627 6627 6623 6623 6612 6612 6622 6622 2501 2501 6617 6617 6623 6623 6624 6624 6619 6619 6628 6628 6624 6624 6629 6629 6620 6620 6618 6618 6620 6620 6630 6630 6625 6625 6628 6628 6619 6619 6628 6628 6629 6629 6624 6624 6629 6629 6630 6630 6620 6620 6625 6625 6631 6631 6628 6628 6628 6628 6632 6632 6629 6629 6616 6616 6626 6626 6633 6633 6627 6627 6634 6634 6622 6622 6633 6633 6627 6627 6616 6616 6622 6622 6635 6635 6623 6623 2501 2501 6623 6623 6635 6635 6630 6630 6629 6629 6636 6636 6631 6631 6637 6637 6628 6628 6628 6628 6637 6637 6632 6632 6632 6632 6636 6636 6629 6629 6631 6631 6638 6638 6637 6637 6637 6637 6639 6639 6632 6632 6626 6626 6640 6640 6633 6633 6622 6622 6634 6634 6635 6635 6627 6627 6641 6641 6634 6634 6642 6642 6627 6627 6633 6633 6635 6635 6643 6643 2501 2501 2499 2499 2501 2501 2495 2495 6636 6636 6632 6632 6639 6639 6639 6639 6637 6637 6638 6638 6636 6636 6639 6639 6644 6644 6638 6638 6644 6644 6639 6639 6645 6645 6117 6117 6125 6125 6645 6645 6646 6646 6647 6647 6647 6647 6646 6646 6648 6648 6633 6633 6640 6640 6649 6649 6650 6650 6635 6635 6634 6634 6641 6641 6627 6627 6651 6651 6641 6641 6652 6652 6634 6634 6651 6651 6627 6627 6642 6642 6642 6642 6633 6633 6653 6653 6643 6643 6635 6635 6650 6650 2495 2495 2501 2501 6643 6643 6654 6654 6647 6647 6648 6648 6125 6125 6655 6655 6645 6645 6645 6645 6655 6655 6646 6646 6656 6656 6657 6657 6658 6658 6646 6646 6659 6659 6648 6648 6648 6648 6660 6660 6654 6654 6649 6649 6640 6640 6661 6661 6633 6633 6649 6649 6662 6662 6650 6650 6634 6634 6652 6652 6663 6663 6641 6641 6651 6651 6664 6664 6652 6652 6641 6641 6651 6651 6642 6642 6665 6665 6662 6662 6653 6653 6633 6633 6653 6653 6666 6666 6642 6642 2490 2490 6643 6643 6650 6650 2495 2495 6643 6643 2492 2492 6125 6125 6124 6124 6655 6655 6655 6655 6659 6659 6646 6646 6667 6667 6658 6658 6657 6657 6658 6658 6668 6668 6656 6656 6654 6654 6660 6660 6669 6669 6649 6649 6661 6661 6662 6662 6650 6650 6652 6652 6664 6664 6670 6670 6641 6641 6663 6663 6663 6663 6651 6651 6665 6665 6664 6664 6641 6641 6670 6670 6665 6665 6642 6642 6666 6666 6653 6653 6662 6662 6671 6671 6666 6666 6653 6653 6672 6672 2492 2492 6643 6643 2490 2490 6650 6650 6673 6673 2490 2490 6669 6669 6667 6667 6657 6657 6659 6659 6674 6674 6648 6648 6648 6648 6674 6674 6660 6660 6124 6124 6675 6675 6655 6655 6655 6655 6675 6675 6659 6659 6662 6662 6661 6661 6676 6676 6673 6673 6650 6650 6664 6664 6670 6670 6663 6663 6677 6677 6665 6665 6677 6677 6663 6663 6672 6672 6665 6665 6666 6666 6676 6676 6671 6671 6662 6662 6671 6671 6678 6678 6653 6653 6672 6672 6653 6653 6678 6678 6667 6667 6679 6679 6658 6658 266 266 2490 2490 6673 6673 6668 6668 6658 6658 6679 6679 6660 6660 6680 6680 6669 6669 6669 6669 6680 6680 6667 6667 6676 6676 6681 6681 6671 6671 6678 6678 6671 6671 6681 6681 6672 6672 6678 6678 6682 6682 6659 6659 6683 6683 6674 6674 6674 6674 6684 6684 6660 6660 6681 6681 6676 6676 6685 6685 6678 6678 6681 6681 6682 6682 6675 6675 6124 6124 6126 6126 6686 6686 6687 6687 6688 6688 6687 6687 6686 6686 6689 6689 6687 6687 6690 6690 6688 6688 6686 6686 6688 6688 6691 6691 6689 6689 6686 6686 6691 6691 6692 6692 6687 6687 6689 6689 6693 6693 6690 6690 6687 6687 6691 6691 6688 6688 6694 6694 6695 6695 6689 6689 6691 6691 6692 6692 6689 6689 6696 6696 6693 6693 6687 6687 6692 6692 6691 6691 6694 6694 6697 6697 6698 6698 6689 6689 6695 6695 6691 6691 6699 6699 6695 6695 6692 6692 6696 6696 6700 6700 6696 6696 6689 6689 6701 6701 6692 6692 6700 6700 6693 6693 6694 6694 6702 6702 6697 6697 6691 6691 6697 6697 6699 6699 6698 6698 6695 6695 6703 6703 6698 6698 6701 6701 6689 6689 6695 6695 6699 6699 6703 6703 6700 6700 6696 6696 6701 6701 6704 6704 6697 6697 6702 6702 6697 6697 6705 6705 6699 6699 6706 6706 6698 6698 6703 6703 6701 6701 6698 6698 6707 6707 6699 6699 6705 6705 6703 6703 6700 6700 6701 6701 6708 6708 6697 6697 6704 6704 6705 6705 6706 6706 6703 6703 6709 6709 6698 6698 6706 6706 6710 6710 6708 6708 6701 6701 6707 6707 6710 6710 6707 6707 6698 6698 6711 6711 6703 6703 6705 6705 6708 6708 6712 6712 6700 6700 6713 6713 6705 6705 6704 6704 6703 6703 6711 6711 6709 6709 6706 6706 6709 6709 6714 6714 6710 6710 6706 6706 6714 6714 6708 6708 6707 6707 6715 6715 6707 6707 6710 6710 6716 6716 6711 6711 6705 6705 6717 6717 6712 6712 6708 6708 6715 6715 6705 6705 6713 6713 6717 6717 6711 6711 6718 6718 6709 6709 6714 6714 6709 6709 6718 6718 6719 6719 6710 6710 6714 6714 6707 6707 6716 6716 6715 6715 6720 6720 6716 6716 6710 6710 6711 6711 6717 6717 6721 6721 6712 6712 6715 6715 6722 6722 6723 6723 6717 6717 6713 6713 6718 6718 6711 6711 6721 6721 6714 6714 6718 6718 6724 6724 6719 6719 6720 6720 6710 6710 6719 6719 6714 6714 6724 6724 6725 6725 6715 6715 6716 6716 6716 6716 6720 6720 6725 6725 6726 6726 6721 6721 6717 6717 6727 6727 6722 6722 6715 6715 6726 6726 6717 6717 6723 6723 6718 6718 6721 6721 6726 6726 6724 6724 6718 6718 6726 6726 6715 6715 6725 6725 6727 6727 6723 6723 6728 6728 6726 6726 6724 6724 6726 6726 6729 6729 6723 6723 6730 6730 6728 6728 6726 6726 6728 6728 6731 6731 6729 6729 6726 6726 6732 6732 6728 6728 6730 6730 6731 6731 6731 6731 6732 6732 6726 6726 6731 6731 6730 6730 6732 6732 4949 4949 4940 4940 4950 4950 4949 4949 4938 4938 4940 4940 6733 6733 6734 6734 6735 6735 6733 6733 6736 6736 6734 6734 6737 6737 6733 6733 6735 6735 6738 6738 6736 6736 6733 6733 6736 6736 6739 6739 6734 6734 6733 6733 6737 6737 6738 6738 6735 6735 6740 6740 6737 6737 6741 6741 6738 6738 6737 6737 6740 6740 6735 6735 6742 6742 6743 6743 6737 6737 6740 6740 6737 6737 6743 6743 6741 6741 6735 6735 6744 6744 6742 6742 6742 6742 6745 6745 6740 6740 6740 6740 6746 6746 6743 6743 6743 6743 6747 6747 6741 6741 6748 6748 6742 6742 6744 6744 6745 6745 6742 6742 6749 6749 6750 6750 6740 6740 6745 6745 6740 6740 6750 6750 6746 6746 6746 6746 6751 6751 6743 6743 6747 6747 6743 6743 6751 6751 6744 6744 6752 6752 6748 6748 6742 6742 6748 6748 6753 6753 6742 6742 6753 6753 6749 6749 6754 6754 6745 6745 6749 6749 6755 6755 6750 6750 6745 6745 6751 6751 6746 6746 6750 6750 6751 6751 6756 6756 6747 6747 6748 6748 6752 6752 6757 6757 6744 6744 6758 6758 6752 6752 6753 6753 6748 6748 6759 6759 6753 6753 6759 6759 6749 6749 6760 6760 6745 6745 6754 6754 6754 6754 6749 6749 6761 6761 6750 6750 6755 6755 6751 6751 6745 6745 6760 6760 6755 6755 6755 6755 6756 6756 6751 6751 6757 6757 6752 6752 6762 6762 6763 6763 6748 6748 6757 6757 6762 6762 6752 6752 6758 6758 6763 6763 6759 6759 6748 6748 6749 6749 6759 6759 6764 6764 6754 6754 6765 6765 6760 6760 6766 6766 6754 6754 6761 6761 6749 6749 6767 6767 6761 6761 6756 6756 6755 6755 6760 6760 6757 6757 6762 6762 6768 6768 6769 6769 6763 6763 6757 6757 6759 6759 6763 6763 6764 6764 6749 6749 6764 6764 6767 6767 6765 6765 6754 6754 6766 6766 6770 6770 6760 6760 6765 6765 6766 6766 6761 6761 6771 6771 6772 6772 6761 6761 6767 6767 6760 6760 6770 6770 6756 6756 6773 6773 6757 6757 6768 6768 6768 6768 6762 6762 6774 6774 6757 6757 6773 6773 6769 6769 6763 6763 6769 6769 6775 6775 6764 6764 6763 6763 6775 6775 6767 6767 6764 6764 6772 6772 6776 6776 6765 6765 6766 6766 6765 6765 6776 6776 6770 6770 6761 6761 6777 6777 6771 6771 6761 6761 6772 6772 6777 6777 6768 6768 6778 6778 6773 6773 6774 6774 6778 6778 6768 6768 6774 6774 6762 6762 6779 6779 6764 6764 6775 6775 6772 6772 6766 6766 6780 6780 6776 6776 6772 6772 6775 6775 6777 6777 6774 6774 6781 6781 6778 6778 6774 6774 6779 6779 6782 6782 6782 6782 6781 6781 6774 6774 6783 6783 6784 6784 6785 6785 6786 6786 6784 6784 6783 6783 6784 6784 6787 6787 6785 6785 6787 6787 6784 6784 6786 6786 6675 6675 6683 6683 6659 6659 6788 6788 6679 6679 6667 6667 6668 6668 6679 6679 6789 6789 6680 6680 6660 6660 6684 6684 6680 6680 6788 6788 6667 6667 6684 6684 6674 6674 6683 6683 6683 6683 6675 6675 6126 6126 6679 6679 6788 6788 6789 6789 6684 6684 6790 6790 6680 6680 6680 6680 6790 6790 6788 6788 6683 6683 6791 6791 6684 6684 6126 6126 6131 6131 6683 6683 6788 6788 6792 6792 6789 6789 6790 6790 6684 6684 6791 6791 6790 6790 6792 6792 6788 6788 6683 6683 6793 6793 6791 6791 6131 6131 6793 6793 6683 6683 6792 6792 6794 6794 6789 6789 6790 6790 6791 6791 6792 6792 6793 6793 6795 6795 6791 6791 6131 6131 6796 6796 6793 6793 2483 2483 6797 6797 2478 2478 6798 6798 6794 6794 6792 6792 6792 6792 6791 6791 6795 6795 6793 6793 6796 6796 6795 6795 6795 6795 6798 6798 6792 6792 2476 2476 2478 2478 6797 6797 6796 6796 6798 6798 6795 6795 782 782 770 770 6799 6799 6799 6799 770 770 6800 6800 6801 6801 2476 2476 6797 6797 773 773 782 782 6799 6799 6799 6799 6800 6800 6802 6802 2382 2382 2476 2476 6801 6801 6803 6803 6804 6804 6805 6805 6804 6804 6803 6803 6806 6806 6804 6804 6807 6807 6805 6805 6803 6803 6805 6805 6808 6808 6806 6806 6807 6807 6804 6804 6809 6809 6806 6806 6803 6803 6810 6810 6805 6805 6807 6807 6808 6808 6811 6811 6803 6803 6808 6808 6805 6805 6810 6810 6807 6807 6806 6806 6812 6812 6809 6809 6803 6803 6811 6811 6813 6813 6806 6806 6809 6809 6807 6807 6814 6814 6810 6810 6808 6808 6810 6810 6815 6815 6813 6813 6812 6812 6806 6806 6812 6812 6816 6816 6807 6807 6811 6811 6817 6817 6809 6809 6818 6818 6813 6813 6809 6809 6814 6814 6807 6807 6816 6816 6819 6819 6810 6810 6814 6814 6810 6810 6819 6819 6815 6815 6812 6812 6813 6813 6820 6820 6816 6816 6812 6812 6821 6821 6822 6822 6809 6809 6817 6817 6813 6813 6818 6818 6823 6823 6809 6809 6822 6822 6818 6818 6816 6816 6824 6824 6814 6814 6814 6814 6825 6825 6819 6819 6815 6815 6819 6819 6826 6826 6820 6820 6827 6827 6812 6812 6823 6823 6820 6820 6813 6813 6812 6812 6827 6827 6821 6821 6816 6816 6821 6821 6828 6828 6816 6816 6829 6829 6824 6824 6814 6814 6824 6824 6830 6830 6814 6814 6830 6830 6825 6825 6831 6831 6819 6819 6825 6825 6819 6819 6831 6831 6826 6826 6815 6815 6826 6826 6832 6832 6827 6827 6820 6820 6833 6833 6820 6820 6823 6823 6833 6833 6827 6827 6834 6834 6821 6821 6821 6821 6834 6834 6828 6828 6828 6828 6835 6835 6816 6816 6829 6829 6836 6836 6824 6824 6835 6835 6829 6829 6816 6816 6830 6830 6824 6824 6837 6837 6830 6830 6838 6838 6825 6825 6825 6825 6839 6839 6831 6831 6831 6831 6840 6840 6826 6826 6832 6832 6826 6826 6841 6841 6833 6833 6834 6834 6827 6827 6823 6823 6842 6842 6833 6833 6834 6834 6843 6843 6828 6828 6835 6835 6828 6828 6843 6843 6836 6836 6829 6829 6844 6844 6824 6824 6836 6836 6837 6837 6835 6835 6844 6844 6829 6829 6837 6837 6845 6845 6830 6830 6838 6838 6830 6830 6845 6845 6839 6839 6825 6825 6838 6838 6839 6839 6846 6846 6831 6831 6847 6847 6840 6840 6831 6831 6826 6826 6840 6840 6848 6848 6832 6832 6841 6841 6849 6849 6848 6848 6841 6841 6826 6826 6834 6834 6833 6833 6842 6842 6843 6843 6834 6834 6850 6850 6843 6843 6851 6851 6835 6835 6836 6836 6844 6844 6852 6852 6845 6845 6837 6837 6836 6836 6844 6844 6835 6835 6853 6853 6845 6845 6854 6854 6838 6838 6838 6838 6855 6855 6839 6839 6831 6831 6846 6846 6847 6847 6846 6846 6839 6839 6855 6855 6840 6840 6847 6847 6856 6856 6848 6848 6840 6840 6856 6856 6857 6857 6849 6849 6841 6841 6849 6849 6858 6858 6832 6832 6841 6841 6848 6848 6859 6859 6842 6842 6860 6860 6834 6834 6843 6843 6850 6850 6861 6861 6834 6834 6860 6860 6850 6850 6835 6835 6851 6851 6853 6853 6843 6843 6861 6861 6851 6851 6854 6854 6836 6836 6852 6852 6852 6852 6844 6844 6853 6853 6836 6836 6854 6854 6845 6845 6855 6855 6838 6838 6854 6854 6846 6846 6862 6862 6847 6847 6846 6846 6855 6855 6863 6863 6856 6856 6847 6847 6864 6864 6848 6848 6856 6856 6865 6865 6857 6857 6866 6866 6849 6849 6841 6841 6859 6859 6857 6857 6867 6867 6858 6858 6849 6849 6848 6848 6865 6865 6859 6859 6850 6850 6860 6860 6861 6861 6851 6851 6868 6868 6853 6853 6851 6851 6861 6861 6869 6869 6854 6854 6852 6852 6870 6870 6853 6853 6871 6871 6852 6852 6854 6854 6872 6872 6855 6855 6846 6846 6873 6873 6862 6862 6847 6847 6862 6862 6874 6874 6863 6863 6855 6855 6872 6872 6863 6863 6875 6875 6846 6846 6856 6856 6864 6864 6876 6876 6847 6847 6874 6874 6864 6864 6865 6865 6856 6856 6877 6877 6866 6866 6857 6857 6878 6878 6866 6866 6867 6867 6849 6849 6857 6857 6859 6859 6879 6879 6867 6867 6880 6880 6858 6858 6860 6860 6881 6881 6861 6861 6869 6869 6868 6868 6851 6851 6871 6871 6853 6853 6868 6868 6869 6869 6861 6861 6881 6881 6870 6870 6872 6872 6854 6854 6870 6870 6852 6852 6871 6871 6846 6846 6875 6875 6873 6873 6882 6882 6862 6862 6873 6873 6883 6883 6874 6874 6862 6862 6872 6872 6884 6884 6863 6863 6863 6863 6884 6884 6875 6875 6885 6885 6876 6876 6864 6864 6876 6876 6877 6877 6856 6856 6864 6864 6874 6874 6883 6883 6865 6865 6877 6877 6886 6886 6878 6878 6857 6857 6879 6879 6887 6887 6866 6866 6878 6878 6887 6887 6867 6867 6866 6866 6880 6880 6867 6867 6887 6887 6880 6880 6888 6888 6858 6858 6868 6868 6869 6869 6889 6889 6868 6868 6890 6890 6871 6871 6869 6869 6881 6881 6889 6889 6870 6870 6884 6884 6872 6872 6871 6871 6891 6891 6870 6870 6892 6892 6873 6873 6875 6875 6862 6862 6882 6882 6883 6883 6873 6873 6893 6893 6882 6882 6894 6894 6875 6875 6884 6884 6864 6864 6895 6895 6885 6885 6876 6876 6885 6885 6896 6896 6877 6877 6876 6876 6896 6896 6895 6895 6864 6864 6883 6883 6896 6896 6886 6886 6877 6877 6865 6865 6886 6886 6897 6897 6879 6879 6898 6898 6878 6878 6878 6878 6898 6898 6887 6887 6880 6880 6899 6899 6888 6888 6889 6889 6890 6890 6868 6868 6890 6890 6891 6891 6871 6871 6881 6881 6900 6900 6889 6889 6870 6870 6891 6891 6884 6884 6875 6875 6901 6901 6892 6892 6873 6873 6892 6892 6893 6893 6902 6902 6883 6883 6882 6882 6902 6902 6882 6882 6893 6893 6903 6903 6894 6894 6884 6884 6901 6901 6875 6875 6894 6894 6896 6896 6885 6885 6904 6904 6883 6883 6902 6902 6895 6895 6886 6886 6896 6896 6905 6905 6886 6886 6905 6905 6897 6897 6889 6889 6906 6906 6890 6890 6890 6890 6906 6906 6891 6891 6900 6900 6906 6906 6889 6889 6881 6881 6907 6907 6900 6900 6891 6891 6908 6908 6884 6884 6909 6909 6894 6894 6903 6903 6884 6884 6908 6908 6903 6903 6894 6894 6910 6910 6901 6901 6896 6896 6904 6904 6905 6905 6911 6911 6897 6897 6905 6905 6906 6906 6908 6908 6891 6891 6900 6900 6912 6912 6906 6906 6907 6907 6912 6912 6900 6900 6894 6894 6909 6909 6913 6913 6908 6908 6909 6909 6903 6903 6910 6910 6894 6894 6914 6914 6910 6910 6915 6915 6901 6901 6905 6905 6904 6904 6911 6911 6906 6906 6909 6909 6908 6908 6912 6912 6916 6916 6906 6906 6907 6907 6917 6917 6912 6912 6913 6913 6914 6914 6894 6894 6918 6918 6913 6913 6909 6909 6910 6910 6914 6914 6919 6919 6915 6915 6910 6910 6919 6919 6909 6909 6906 6906 6916 6916 6916 6916 6912 6912 6917 6917 6907 6907 6920 6920 6917 6917 6914 6914 6913 6913 6921 6921 6918 6918 6921 6921 6913 6913 6916 6916 6918 6918 6909 6909 6914 6914 6922 6922 6919 6919 6915 6915 6919 6919 6923 6923 6916 6916 6917 6917 6924 6924 6924 6924 6917 6917 6920 6920 6921 6921 6922 6922 6914 6914 6921 6921 6918 6918 6925 6925 6916 6916 6925 6925 6918 6918 6922 6922 6926 6926 6919 6919 6926 6926 6923 6923 6919 6919 6924 6924 6925 6925 6916 6916 6922 6922 6921 6921 6925 6925 6922 6922 6927 6927 6926 6926 6923 6923 6926 6926 6927 6927 6925 6925 6927 6927 6922 6922 6928 6928 6929 6929 6930 6930 6929 6929 6928 6928 6931 6931 6932 6932 6930 6930 6929 6929 6930 6930 6933 6933 6928 6928 6931 6931 6928 6928 6934 6934 6935 6935 6929 6929 6931 6931 6936 6936 6930 6930 6932 6932 6935 6935 6932 6932 6929 6929 6933 6933 6930 6930 6937 6937 6938 6938 6934 6934 6928 6928 6931 6931 6934 6934 6939 6939 6940 6940 6935 6935 6931 6931 6936 6936 6941 6941 6930 6930 6942 6942 6936 6936 6932 6932 6943 6943 6932 6932 6935 6935 6930 6930 6941 6941 6937 6937 6933 6933 6937 6937 6944 6944 6928 6928 6945 6945 6938 6938 6934 6934 6938 6938 6946 6946 6939 6939 6934 6934 6946 6946 6940 6940 6931 6931 6939 6939 6947 6947 6935 6935 6940 6940 6942 6942 6941 6941 6936 6936 6932 6932 6943 6943 6942 6942 6948 6948 6943 6943 6935 6935 6937 6937 6941 6941 6949 6949 6944 6944 6937 6937 6950 6950 6938 6938 6945 6945 6951 6951 6938 6938 6952 6952 6946 6946 6939 6939 6946 6946 6953 6953 6954 6954 6940 6940 6939 6939 6935 6935 6947 6947 6948 6948 6955 6955 6947 6947 6940 6940 6942 6942 6949 6949 6941 6941 6956 6956 6942 6942 6943 6943 6943 6943 6948 6948 6956 6956 6937 6937 6949 6949 6950 6950 6938 6938 6951 6951 6952 6952 6951 6951 6945 6945 6957 6957 6946 6946 6952 6952 6958 6958 6953 6953 6959 6959 6939 6939 6953 6953 6946 6946 6960 6960 6954 6954 6939 6939 6961 6961 6962 6962 6940 6940 6954 6954 6955 6955 6948 6948 6947 6947 6940 6940 6962 6962 6955 6955 6963 6963 6949 6949 6942 6942 6964 6964 6942 6942 6956 6956 6965 6965 6956 6956 6948 6948 6966 6966 6950 6950 6949 6949 6967 6967 6952 6952 6951 6951 6951 6951 6957 6957 6967 6967 6957 6957 6945 6945 6968 6968 6946 6946 6958 6958 6960 6960 6952 6952 6967 6967 6958 6958 6959 6959 6953 6953 6969 6969 6959 6959 6961 6961 6939 6939 6953 6953 6960 6960 6970 6970 6961 6961 6971 6971 6954 6954 6972 6972 6962 6962 6954 6954 6948 6948 6955 6955 6965 6965 6973 6973 6955 6955 6962 6962 6949 6949 6963 6963 6974 6974 6964 6964 6963 6963 6942 6942 6975 6975 6964 6964 6956 6956 6975 6975 6956 6956 6965 6965 6974 6974 6966 6966 6949 6949 6967 6967 6957 6957 6976 6976 6945 6945 6977 6977 6968 6968 6957 6957 6968 6968 6978 6978 6979 6979 6960 6960 6958 6958 6958 6958 6967 6967 6976 6976 6959 6959 6969 6969 6980 6980 6970 6970 6969 6969 6953 6953 6961 6961 6959 6959 6981 6981 6960 6960 6979 6979 6970 6970 6981 6981 6971 6971 6961 6961 6982 6982 6954 6954 6971 6971 6962 6962 6972 6972 6973 6973 6954 6954 6983 6983 6972 6972 6984 6984 6965 6965 6955 6955 6955 6955 6973 6973 6984 6984 6963 6963 6964 6964 6974 6974 6964 6964 6975 6975 6985 6985 6986 6986 6975 6975 6965 6965 6966 6966 6974 6974 6987 6987 6976 6976 6957 6957 6978 6978 6968 6968 6977 6977 6988 6988 6978 6978 6968 6968 6989 6989 6990 6990 6979 6979 6958 6958 6958 6958 6976 6976 6990 6990 6991 6991 6959 6959 6980 6980 6980 6980 6969 6969 6970 6970 6981 6981 6959 6959 6991 6991 6992 6992 6970 6970 6979 6979 6981 6981 6993 6993 6971 6971 6954 6954 6982 6982 6983 6983 6971 6971 6993 6993 6982 6982 6994 6994 6973 6973 6972 6972 6995 6995 6972 6972 6983 6983 6965 6965 6984 6984 6986 6986 6996 6996 6984 6984 6973 6973 6964 6964 6997 6997 6974 6974 6975 6975 6998 6998 6985 6985 6964 6964 6985 6985 6997 6997 6975 6975 6986 6986 6998 6998 6997 6997 6987 6987 6974 6974 6976 6976 6978 6978 6999 6999 6977 6977 7000 7000 6988 6988 6968 6968 6988 6988 6989 6989 6978 6978 6989 6989 6999 6999 6979 6979 6990 6990 6992 6992 7001 7001 6990 6990 6976 6976 6991 6991 6980 6980 7002 7002 6980 6980 6970 6970 6992 6992 6981 6981 6991 6991 7003 7003 6981 6981 7004 7004 6993 6993 6982 6982 7005 7005 6983 6983 6982 6982 6993 6993 7006 7006 6996 6996 6973 6973 6994 6994 6994 6994 6972 6972 6995 6995 7007 7007 6995 6995 6983 6983 6984 6984 7008 7008 6986 6986 6996 6996 7008 7008 6984 6984 6998 6998 7009 7009 6985 6985 7010 7010 6997 6997 6985 6985 7011 7011 6998 6998 6986 6986 6997 6997 7010 7010 6987 6987 6976 6976 6999 6999 7001 7001 7012 7012 6988 6988 7000 7000 7012 7012 6989 6989 6988 6988 6989 6989 7013 7013 6999 6999 6990 6990 7001 7001 6992 6992 7002 7002 7003 7003 6991 6991 6980 6980 7014 7014 7002 7002 7014 7014 6980 6980 6992 6992 7015 7015 6981 6981 7003 7003 7004 7004 6981 6981 7015 7015 7006 7006 6993 6993 7004 7004 7005 7005 6982 6982 7006 7006 7005 7005 7016 7016 6983 6983 7017 7017 6996 6996 6994 6994 7018 7018 6994 6994 6995 6995 6995 6995 7007 7007 7019 7019 6983 6983 7016 7016 7007 7007 7011 7011 6986 6986 7008 7008 7017 7017 7008 7008 6996 6996 6998 6998 7011 7011 7009 7009 7009 7009 7010 7010 6985 6985 7001 7001 6999 6999 7013 7013 7020 7020 7012 7012 7000 7000 7012 7012 7021 7021 6989 6989 7013 7013 6989 6989 7021 7021 6992 6992 7001 7001 7022 7022 7003 7003 7002 7002 7023 7023 7024 7024 7002 7002 7014 7014 7014 7014 6992 6992 7024 7024 7015 7015 7003 7003 7025 7025 7004 7004 7015 7015 7026 7026 7006 7006 7004 7004 7027 7027 7028 7028 7005 7005 7006 7006 7029 7029 7016 7016 7005 7005 6994 6994 7018 7018 7017 7017 6995 6995 7019 7019 7018 7018 7030 7030 7019 7019 7007 7007 7029 7029 7007 7007 7016 7016 7031 7031 7011 7011 7008 7008 7032 7032 7008 7008 7017 7017 7011 7011 7033 7033 7009 7009 7034 7034 7010 7010 7009 7009 7001 7001 7013 7013 7021 7021 7012 7012 7020 7020 7035 7035 7021 7021 7012 7012 7036 7036 7022 7022 7021 7021 6992 6992 7021 7021 7022 7022 7001 7001 7037 7037 7023 7023 7002 7002 7025 7025 7003 7003 7023 7023 7024 7024 7037 7037 7002 7002 7038 7038 7024 7024 6992 6992 7015 7015 7025 7025 7039 7039 7026 7026 7015 7015 7040 7040 7027 7027 7004 7004 7026 7026 7041 7041 7006 7006 7027 7027 7006 7006 7042 7042 7028 7028 7005 7005 7028 7028 7043 7043 7005 7005 7043 7043 7029 7029 7044 7044 7017 7017 7018 7018 7044 7044 7018 7018 7019 7019 7030 7030 7044 7044 7019 7019 7045 7045 7030 7030 7007 7007 7029 7029 7045 7045 7007 7007 7046 7046 7011 7011 7031 7031 7032 7032 7031 7031 7008 7008 7017 7017 7044 7044 7032 7032 7033 7033 7034 7034 7009 7009 7047 7047 7033 7033 7011 7011 7035 7035 7036 7036 7012 7012 7048 7048 7035 7035 7020 7020 7021 7021 7036 7036 7038 7038 6992 6992 7021 7021 7038 7038 7023 7023 7037 7037 7049 7049 7025 7025 7023 7023 7049 7049 7024 7024 7038 7038 7037 7037 7049 7049 7039 7039 7025 7025 7039 7039 7040 7040 7015 7015 7040 7040 7050 7050 7026 7026 7026 7026 7051 7051 7027 7027 7006 7006 7041 7041 7042 7042 7027 7027 7052 7052 7041 7041 7042 7042 7053 7053 7028 7028 7054 7054 7043 7043 7028 7028 7055 7055 7029 7029 7043 7043 7056 7056 7044 7044 7030 7030 7045 7045 7057 7057 7030 7030 7055 7055 7045 7045 7029 7029 7046 7046 7047 7047 7011 7011 7058 7058 7046 7046 7031 7031 7032 7032 7058 7058 7031 7031 7059 7059 7032 7032 7044 7044 7047 7047 7034 7034 7033 7033 7036 7036 7035 7035 7038 7038 7035 7035 7048 7048 7060 7060 7049 7049 7037 7037 7061 7061 7037 7037 7038 7038 7062 7062 7039 7039 7049 7049 7063 7063 7040 7040 7039 7039 7064 7064 7040 7040 7065 7065 7050 7050 7066 7066 7026 7026 7050 7050 7051 7051 7026 7026 7066 7066 7052 7052 7027 7027 7051 7051 7067 7067 7042 7042 7041 7041 7052 7052 7068 7068 7041 7041 7042 7042 7067 7067 7053 7053 7054 7054 7028 7028 7053 7053 7043 7043 7054 7054 7055 7055 7069 7069 7044 7044 7056 7056 7056 7056 7030 7030 7057 7057 7045 7045 7070 7070 7057 7057 7045 7045 7055 7055 7054 7054 7046 7046 7071 7071 7047 7047 7071 7071 7046 7046 7058 7058 7032 7032 7059 7059 7058 7058 7044 7044 7069 7069 7059 7059 7034 7034 7047 7047 7072 7072 7038 7038 7035 7035 7073 7073 7074 7074 7060 7060 7048 7048 7060 7060 7073 7073 7035 7035 7061 7061 7037 7037 7075 7075 7049 7049 7061 7061 7076 7076 7038 7038 7073 7073 7062 7062 7037 7037 7062 7062 7077 7077 7064 7064 7039 7039 7063 7063 7063 7063 7049 7049 7076 7076 7064 7064 7078 7078 7040 7040 7065 7065 7040 7040 7078 7078 7079 7079 7050 7050 7065 7065 7066 7066 7050 7050 7079 7079 7080 7080 7051 7051 7066 7066 7052 7052 7051 7051 7080 7080 7041 7041 7081 7081 7067 7067 7068 7068 7052 7052 7080 7080 7068 7068 7081 7081 7041 7041 7067 7067 7082 7082 7053 7053 7053 7053 7083 7083 7054 7054 7084 7084 7069 7069 7056 7056 7057 7057 7085 7085 7056 7056 7070 7070 7045 7045 7054 7054 7085 7085 7057 7057 7070 7070 7086 7086 7047 7047 7071 7071 7086 7086 7071 7071 7058 7058 7059 7059 7087 7087 7058 7058 7087 7087 7059 7059 7069 7069 7088 7088 7072 7072 7047 7047 7060 7060 7074 7074 7089 7089 7073 7073 7060 7060 7090 7090 7076 7076 7061 7061 7075 7075 7037 7037 7077 7077 7075 7075 7062 7062 7073 7073 7091 7091 7091 7091 7077 7077 7062 7062 7064 7064 7063 7063 7092 7092 7076 7076 7092 7092 7063 7063 7078 7078 7064 7064 7093 7093 7094 7094 7065 7065 7078 7078 7065 7065 7094 7094 7079 7079 7080 7080 7066 7066 7079 7079 7081 7081 7095 7095 7067 7067 7080 7080 7096 7096 7068 7068 7097 7097 7081 7081 7068 7068 7067 7067 7098 7098 7082 7082 7082 7082 7083 7083 7053 7053 7099 7099 7054 7054 7083 7083 7084 7084 7100 7100 7069 7069 7084 7084 7056 7056 7101 7101 7101 7101 7056 7056 7085 7085 7102 7102 7070 7070 7054 7054 7085 7085 7070 7070 7102 7102 7086 7086 7088 7088 7047 7047 7058 7058 7087 7087 7086 7086 7100 7100 7087 7087 7069 7069 7089 7089 7074 7074 7103 7103 7060 7060 7089 7089 7104 7104 7073 7073 7090 7090 7091 7091 7090 7090 7060 7060 7104 7104 7076 7076 7075 7075 7105 7105 7106 7106 7075 7075 7077 7077 7077 7077 7091 7091 7106 7106 7092 7092 7093 7093 7064 7064 7092 7092 7076 7076 7107 7107 7078 7078 7093 7093 7108 7108 7078 7078 7109 7109 7094 7094 7079 7079 7094 7094 7110 7110 7110 7110 7080 7080 7079 7079 7095 7095 7081 7081 7097 7097 7095 7095 7098 7098 7067 7067 7096 7096 7080 7080 7110 7110 7111 7111 7068 7068 7096 7096 7097 7097 7068 7068 7111 7111 7098 7098 7083 7083 7082 7082 7099 7099 7102 7102 7054 7054 7099 7099 7083 7083 7098 7098 7112 7112 7100 7100 7084 7084 7113 7113 7084 7084 7101 7101 7085 7085 7114 7114 7101 7101 7114 7114 7085 7085 7102 7102 7115 7115 7088 7088 7086 7086 7116 7116 7086 7086 7087 7087 7100 7100 7117 7117 7087 7087 7103 7103 7104 7104 7089 7089 7090 7090 7104 7104 7091 7091 7075 7075 7106 7106 7105 7105 7076 7076 7105 7105 7118 7118 7119 7119 7106 7106 7091 7091 7093 7093 7092 7092 7108 7108 7107 7107 7076 7076 7120 7120 7092 7092 7107 7107 7121 7121 7122 7122 7078 7078 7108 7108 7109 7109 7078 7078 7122 7122 7110 7110 7094 7094 7109 7109 7097 7097 7123 7123 7095 7095 7124 7124 7098 7098 7095 7095 7110 7110 7125 7125 7096 7096 7096 7096 7126 7126 7111 7111 7127 7127 7097 7097 7111 7111 7128 7128 7102 7102 7099 7099 7129 7129 7099 7099 7098 7098 7112 7112 7084 7084 7113 7113 7112 7112 7116 7116 7100 7100 7128 7128 7114 7114 7102 7102 7115 7115 7086 7086 7116 7116 7116 7116 7087 7087 7117 7117 7116 7116 7117 7117 7100 7100 7104 7104 7103 7103 7130 7130 7104 7104 7119 7119 7091 7091 7105 7105 7106 7106 7131 7131 7076 7076 7118 7118 7120 7120 7132 7132 7118 7118 7105 7105 7106 7106 7119 7119 7131 7131 7108 7108 7092 7092 7121 7121 7120 7120 7133 7133 7107 7107 7121 7121 7107 7107 7133 7133 7108 7108 7134 7134 7122 7122 7109 7109 7122 7122 7135 7135 7136 7136 7110 7110 7109 7109 7127 7127 7123 7123 7097 7097 7123 7123 7124 7124 7095 7095 7137 7137 7098 7098 7124 7124 7110 7110 7138 7138 7125 7125 7126 7126 7096 7096 7125 7125 7139 7139 7111 7111 7126 7126 7140 7140 7127 7127 7111 7111 7099 7099 7129 7129 7128 7128 7137 7137 7129 7129 7098 7098 7141 7141 7112 7112 7113 7113 7142 7142 7116 7116 7112 7112 7143 7143 7114 7114 7128 7128 7116 7116 7144 7144 7115 7115 7130 7130 7103 7103 7145 7145 7104 7104 7130 7130 7146 7146 7119 7119 7104 7104 7146 7146 7105 7105 7131 7131 7132 7132 7120 7120 7118 7118 7147 7147 7118 7118 7132 7132 7148 7148 7149 7149 7131 7131 7119 7119 7108 7108 7121 7121 7133 7133 7133 7133 7120 7120 7150 7150 7134 7134 7108 7108 7151 7151 7135 7135 7122 7122 7134 7134 7152 7152 7109 7109 7135 7135 7110 7110 7136 7136 7138 7138 7136 7136 7109 7109 7152 7152 7153 7153 7123 7123 7127 7127 7123 7123 7153 7153 7124 7124 7153 7153 7137 7137 7124 7124 7154 7154 7125 7125 7138 7138 7125 7125 7154 7154 7126 7126 7139 7139 7126 7126 7154 7154 7139 7139 7140 7140 7111 7111 7153 7153 7127 7127 7140 7140 7143 7143 7128 7128 7129 7129 7155 7155 7129 7129 7137 7137 7141 7141 7142 7142 7112 7112 7156 7156 7141 7141 7113 7113 7116 7116 7142 7142 7144 7144 6775 6775 7115 7115 7144 7144 7130 7130 7145 7145 7157 7157 7146 7146 7130 7130 7157 7157 7119 7119 7146 7146 7158 7158 7131 7131 7149 7149 7132 7132 7147 7147 7118 7118 7159 7159 7120 7120 7147 7147 7150 7150 7132 7132 7160 7160 7148 7148 7118 7118 7148 7148 7159 7159 7119 7119 7158 7158 7149 7149 7133 7133 7161 7161 7108 7108 7150 7150 7162 7162 7133 7133 7134 7134 7151 7151 7163 7163 7161 7161 7151 7151 7108 7108 7135 7135 7134 7134 7164 7164 7152 7152 7135 7135 7165 7165 7154 7154 7138 7138 7136 7136 7152 7152 7166 7166 7136 7136 7155 7155 7137 7137 7153 7153 7143 7143 7129 7129 7155 7155 7167 7167 7142 7142 7141 7141 7168 7168 7141 7141 7156 7156 7142 7142 6777 6777 7144 7144 7144 7144 6777 6777 6775 6775 7157 7157 7145 7145 7169 7169 7146 7146 7157 7157 7170 7170 7158 7158 7146 7146 7171 7171 7132 7132 7149 7149 7160 7160 7147 7147 7159 7159 7172 7172 7150 7150 7147 7147 7172 7172 7173 7173 7148 7148 7160 7160 7159 7159 7148 7148 7174 7174 7149 7149 7158 7158 7175 7175 7161 7161 7133 7133 7162 7162 7162 7162 7150 7150 7176 7176 7163 7163 7164 7164 7134 7134 7163 7163 7151 7151 7177 7177 7161 7161 7177 7177 7151 7151 7165 7165 7135 7135 7164 7164 7152 7152 7165 7165 7166 7166 7136 7136 7178 7178 7154 7154 7178 7178 7136 7136 7166 7166 7168 7168 7167 7167 7141 7141 7142 7142 7167 7167 6777 6777 7156 7156 7179 7179 7168 7168 7170 7170 7157 7157 7169 7169 7180 7180 7169 7169 7145 7145 7146 7146 7170 7170 7171 7171 7158 7158 7171 7171 7175 7175 7160 7160 7149 7149 7181 7181 7172 7172 7159 7159 7174 7174 7150 7150 7172 7172 7176 7176 7148 7148 7173 7173 7182 7182 7160 7160 7181 7181 7173 7173 7174 7174 7148 7148 7182 7182 7149 7149 7175 7175 7181 7181 7177 7177 7161 7161 7162 7162 7176 7176 7183 7183 7162 7162 7164 7164 7163 7163 7184 7184 7163 7163 7177 7177 7185 7185 7165 7165 7164 7164 7184 7184 7186 7186 7167 7167 7168 7168 7186 7186 6777 6777 7167 7167 7187 7187 7168 7168 7179 7179 7170 7170 7169 7169 7188 7188 7169 7169 7180 7180 7189 7189 7171 7171 7170 7170 7188 7188 7175 7175 7171 7171 7190 7190 7172 7172 7174 7174 7191 7191 7176 7176 7172 7172 7191 7191 7173 7173 7192 7192 7182 7182 7173 7173 7181 7181 7192 7192 7174 7174 7182 7182 7193 7193 7175 7175 7190 7190 7181 7181 7177 7177 7162 7162 7194 7194 7176 7176 7195 7195 7183 7183 7194 7194 7162 7162 7183 7183 7184 7184 7163 7163 7185 7185 7185 7185 7177 7177 7194 7194 7187 7187 7186 7186 7168 7168 6771 6771 6777 6777 7186 7186 7196 7196 7187 7187 7179 7179 7189 7189 7188 7188 7169 7169 7197 7197 7189 7189 7180 7180 7171 7171 7188 7188 7198 7198 7171 7171 7198 7198 7190 7190 7176 7176 7191 7191 7199 7199 7193 7193 7182 7182 7192 7192 7181 7181 7200 7200 7192 7192 7190 7190 7201 7201 7181 7181 7199 7199 7195 7195 7176 7176 7183 7183 7195 7195 7194 7194 7184 7184 7185 7185 7202 7202 7185 7185 7194 7194 7203 7203 7187 7187 6771 6771 7186 7186 7204 7204 7187 7187 7196 7196 7205 7205 7188 7188 7189 7189 7205 7205 7189 7189 7197 7197 7198 7198 7188 7188 7205 7205 7205 7205 7190 7190 7198 7198 7192 7192 7200 7200 7193 7193 7206 7206 7200 7200 7181 7181 7207 7207 7181 7181 7201 7201 7190 7190 7208 7208 7201 7201 7209 7209 7195 7195 7199 7199 7194 7194 7195 7195 7210 7210 7202 7202 7185 7185 7203 7203 7211 7211 7184 7184 7202 7202 7203 7203 7194 7194 7212 7212 7187 7187 6766 6766 6771 6771 6766 6766 7187 7187 7204 7204 6780 6780 7204 7204 7196 7196 7205 7205 7197 7197 7208 7208 7190 7190 7205 7205 7208 7208 7213 7213 7193 7193 7200 7200 7200 7200 7206 7206 7214 7214 7181 7181 7207 7207 7206 7206 7201 7201 7208 7208 7207 7207 7210 7210 7195 7195 7209 7209 7212 7212 7194 7194 7210 7210 7203 7203 7215 7215 7202 7202 7211 7211 7202 7202 7216 7216 7212 7212 7215 7215 7203 7203 6780 6780 6766 6766 7204 7204 7217 7217 7208 7208 7197 7197 7214 7214 7213 7213 7200 7200 7218 7218 7214 7214 7206 7206 7219 7219 7206 7206 7207 7207 7220 7220 7207 7207 7208 7208 7221 7221 7210 7210 7209 7209 7212 7212 7210 7210 7221 7221 7216 7216 7202 7202 7215 7215 7222 7222 7211 7211 7216 7216 7215 7215 7212 7212 7223 7223 7208 7208 7217 7217 7220 7220 7218 7218 7213 7213 7214 7214 7219 7219 7218 7218 7206 7206 7224 7224 7219 7219 7207 7207 7207 7207 7220 7220 7224 7224 7221 7221 7209 7209 7225 7225 7212 7212 7221 7221 7226 7226 7216 7216 7215 7215 7223 7223 7222 7222 7216 7216 7227 7227 7223 7223 7212 7212 7226 7226 7220 7220 7217 7217 7228 7228 7218 7218 7219 7219 7229 7229 7219 7219 7224 7224 7229 7229 7230 7230 7224 7224 7220 7220 7225 7225 7231 7231 7221 7221 7231 7231 7226 7226 7221 7221 7216 7216 7223 7223 7232 7232 7216 7216 7233 7233 7227 7227 7233 7233 7222 7222 7227 7227 7223 7223 7226 7226 7234 7234 7217 7217 7235 7235 7228 7228 7220 7220 7228 7228 7230 7230 7218 7218 7229 7229 7236 7236 7224 7224 7230 7230 7229 7229 7231 7231 7225 7225 7237 7237 7231 7231 7234 7234 7226 7226 7232 7232 7223 7223 7238 7238 7233 7233 7216 7216 7232 7232 7234 7234 7238 7238 7223 7223 7228 7228 7235 7235 7230 7230 7229 7229 7239 7239 7236 7236 7229 7229 7230 7230 7240 7240 7231 7231 7237 7237 7241 7241 7238 7238 7234 7234 7231 7231 7238 7238 7242 7242 7232 7232 7233 7233 7232 7232 7243 7243 7230 7230 7235 7235 7244 7244 7229 7229 7240 7240 7239 7239 7236 7236 7239 7239 7245 7245 7246 7246 7240 7240 7230 7230 7241 7241 7247 7247 7231 7231 7241 7241 7237 7237 7248 7248 7238 7238 7231 7231 7249 7249 7242 7242 7238 7238 7249 7249 7243 7243 7232 7232 7242 7242 7250 7250 7233 7233 7243 7243 7230 7230 7244 7244 7246 7246 7235 7235 7251 7251 7244 7244 7239 7239 7240 7240 7252 7252 7245 7245 7239 7239 7252 7252 7236 7236 7245 7245 7253 7253 7240 7240 7246 7246 7252 7252 7254 7254 7247 7247 7241 7241 7249 7249 7231 7231 7247 7247 7241 7241 7248 7248 7255 7255 7249 7249 7256 7256 7242 7242 7243 7243 7242 7242 7257 7257 7243 7243 7258 7258 7250 7250 7244 7244 7259 7259 7246 7246 7259 7259 7244 7244 7251 7251 7260 7260 7245 7245 7252 7252 7261 7261 7236 7236 7253 7253 7262 7262 7253 7253 7245 7245 7252 7252 7246 7246 7263 7263 7256 7256 7247 7247 7254 7254 7254 7254 7241 7241 7264 7264 7247 7247 7256 7256 7249 7249 7255 7255 7248 7248 7265 7265 7241 7241 7255 7255 7264 7264 7242 7242 7256 7256 7266 7266 7257 7257 7242 7242 7267 7267 7258 7258 7243 7243 7257 7257 7268 7268 7250 7250 7258 7258 7246 7246 7259 7259 7263 7263 7259 7259 7251 7251 7269 7269 7262 7262 7245 7245 7260 7260 7270 7270 7260 7260 7252 7252 7271 7271 7261 7261 7253 7253 7253 7253 7262 7262 7271 7271 7252 7252 7263 7263 7270 7270 7254 7254 7266 7266 7256 7256 7254 7254 7264 7264 7272 7272 7264 7264 7255 7255 7265 7265 7266 7266 7267 7267 7242 7242 7257 7257 7267 7267 7273 7273 7258 7258 7257 7257 7274 7274 7258 7258 7274 7274 7268 7268 7263 7263 7259 7259 7275 7275 7259 7259 7269 7269 7276 7276 7262 7262 7260 7260 7277 7277 7278 7278 7260 7260 7270 7270 7261 7261 7271 7271 7279 7279 7271 7271 7262 7262 7277 7277 7263 7263 7275 7275 7270 7270 7266 7266 7254 7254 7280 7280 7272 7272 7264 7264 7281 7281 7272 7272 7280 7280 7254 7254 7264 7264 7265 7265 7281 7281 7266 7266 7282 7282 7267 7267 7274 7274 7257 7257 7273 7273 7273 7273 7267 7267 7283 7283 7259 7259 7276 7276 7275 7275 7277 7277 7260 7260 7278 7278 7270 7270 7284 7284 7278 7278 7279 7279 7271 7271 7285 7285 7271 7271 7277 7277 7286 7286 7270 7270 7275 7275 7287 7287 7282 7282 7266 7266 7280 7280 7282 7282 7283 7283 7267 7267 7273 7273 7283 7283 7288 7288 7276 7276 7289 7289 7275 7275 7277 7277 7278 7278 7290 7290 7291 7291 7278 7278 7284 7284 7270 7270 7287 7287 7284 7284 7279 7279 7285 7285 7292 7292 7285 7285 7271 7271 7286 7286 7286 7286 7277 7277 7293 7293 7275 7275 7294 7294 7287 7287 7282 7282 7288 7288 7283 7283 7275 7275 7289 7289 7295 7295 7277 7277 7290 7290 7293 7293 7296 7296 7290 7290 7278 7278 7296 7296 7278 7278 7291 7291 7291 7291 7284 7284 7297 7297 7284 7284 7287 7287 7297 7297 7292 7292 7285 7285 7298 7298 7285 7285 7286 7286 7299 7299 7300 7300 7286 7286 7293 7293 7294 7294 7275 7275 7295 7295 7294 7294 7301 7301 7287 7287 7302 7302 7295 7295 7289 7289 7293 7293 7290 7290 7296 7296 7291 7291 7303 7303 7296 7296 7291 7291 7297 7297 7304 7304 7287 7287 7301 7301 7297 7297 7285 7285 7299 7299 7298 7298 7299 7299 7286 7286 7300 7300 7300 7300 7293 7293 7305 7305 7306 7306 7294 7294 7295 7295 7294 7294 7306 7306 7301 7301 7306 7306 7295 7295 7302 7302 7293 7293 7296 7296 7305 7305 7307 7307 7303 7303 7291 7291 7296 7296 7303 7303 7308 7308 7307 7307 7291 7291 7304 7304 7297 7297 7301 7301 7304 7304 7298 7298 7299 7299 7309 7309 7310 7310 7299 7299 7300 7300 7300 7300 7305 7305 7311 7311 7306 7306 7312 7312 7301 7301 7312 7312 7306 7306 7302 7302 7305 7305 7296 7296 7313 7313 7303 7303 7307 7307 7308 7308 7296 7296 7308 7308 7313 7313 7304 7304 7314 7314 7307 7307 7314 7314 7304 7304 7301 7301 7299 7299 7310 7310 7309 7309 7310 7310 7300 7300 7311 7311 7315 7315 7311 7311 7305 7305 7301 7301 7312 7312 7314 7314 7316 7316 7305 7305 7313 7313 7308 7308 7307 7307 7317 7317 7308 7308 7317 7317 7313 7313 7307 7307 7314 7314 7318 7318 7309 7309 7310 7310 7319 7319 7310 7310 7311 7311 7319 7319 7311 7311 7315 7315 7320 7320 7315 7315 7305 7305 7316 7316 7313 7313 7321 7321 7316 7316 7318 7318 7317 7317 7307 7307 7313 7313 7317 7317 7321 7321 7322 7322 7318 7318 7314 7314 7309 7309 7319 7319 7323 7323 7319 7319 7311 7311 7323 7323 7324 7324 7320 7320 7315 7315 7320 7320 7323 7323 7311 7311 7315 7315 7316 7316 7325 7325 7325 7325 7316 7316 7321 7321 7317 7317 7318 7318 7321 7321 7324 7324 7315 7315 7325 7325 6799 6799 6802 6802 7326 7326 7327 7327 773 773 6799 6799 7327 7327 6799 6799 7326 7326 7328 7328 6802 6802 6800 6800 6802 6802 7329 7329 7326 7326 7330 7330 773 773 7327 7327 7331 7331 7327 7327 7326 7326 6802 6802 7328 7328 7329 7329 7326 7326 7329 7329 7332 7332 7327 7327 7331 7331 7330 7330 7332 7332 7331 7331 7326 7326 7333 7333 7329 7329 7328 7328 7332 7332 7329 7329 7334 7334 7335 7335 7330 7330 7331 7331 7331 7331 7332 7332 7335 7335 7332 7332 7334 7334 7336 7336 7333 7333 7334 7334 7329 7329 7330 7330 7335 7335 7337 7337 7332 7332 7336 7336 7335 7335 7334 7334 7333 7333 7336 7336 7337 7337 7335 7335 7338 7338 7339 7339 7335 7335 7336 7336 7336 7336 7333 7333 7340 7340 7338 7338 7335 7335 7339 7339 7336 7336 7340 7340 7339 7339 7341 7341 7338 7338 7339 7339 7342 7342 7339 7339 7340 7340 7339 7339 7342 7342 7341 7341 7343 7343 7344 7344 7345 7345 7344 7344 7346 7346 7345 7345 7346 7346 7344 7344 7347 7347 7344 7344 7343 7343 7348 7348 7349 7349 7345 7345 7346 7346 7349 7349 7346 7346 7347 7347 7348 7348 7347 7347 7344 7344 7350 7350 7345 7345 7349 7349 7351 7351 7348 7348 7352 7352 7347 7347 7353 7353 7349 7349 7347 7347 7348 7348 7351 7351 7353 7353 7354 7354 7349 7349 7355 7355 7350 7350 7349 7349 7356 7356 7350 7350 7355 7355 7351 7351 7352 7352 7357 7357 7353 7353 7347 7347 7351 7351 7353 7353 7358 7358 7354 7354 7354 7354 7355 7355 7349 7349 7359 7359 7356 7356 7355 7355 7357 7357 7360 7360 7351 7351 7358 7358 7353 7353 7351 7351 7361 7361 7354 7354 7358 7358 7362 7362 7355 7355 7354 7354 7359 7359 7355 7355 7363 7363 7362 7362 7354 7354 7361 7361 7360 7360 7357 7357 7364 7364 7360 7360 7358 7358 7351 7351 7358 7358 7365 7365 7361 7361 7363 7363 7355 7355 7362 7362 7362 7362 7361 7361 7366 7366 7360 7360 7364 7364 7367 7367 7358 7358 7360 7360 7365 7365 7365 7365 7366 7366 7361 7361 7363 7363 7362 7362 7366 7366 7365 7365 7360 7360 7367 7367 7365 7365 7368 7368 7366 7366 7369 7369 7363 7363 7366 7366 7368 7368 7365 7365 7367 7367 7368 7368 7369 7369 7366 7366 7367 7367 7370 7370 7368 7368 7369 7369 7368 7368 7371 7371 7372 7372 7373 7373 7374 7374 7371 7371 7368 7368 7370 7370 7373 7373 7375 7375 7374 7374 7374 7374 7376 7376 7372 7372 7370 7370 7377 7377 7371 7371 7375 7375 7376 7376 7374 7374 7372 7372 7376 7376 7378 7378 7379 7379 7380 7380 7381 7381 7377 7377 7370 7370 7382 7382 7382 7382 7370 7370 7383 7383 7376 7376 7375 7375 7384 7384 7376 7376 7385 7385 7378 7378 7386 7386 7379 7379 7381 7381 7387 7387 7380 7380 7379 7379 7377 7377 7382 7382 7388 7388 7382 7382 7383 7383 7389 7389 7385 7385 7376 7376 7384 7384 7385 7385 7386 7386 7381 7381 7387 7387 7379 7379 7386 7386 7387 7387 7390 7390 7380 7380 7390 7390 7391 7391 7389 7389 7388 7388 7382 7382 7389 7389 7384 7384 7386 7386 7385 7385 7386 7386 7390 7390 7387 7387 7392 7392 7391 7391 7390 7390 7391 7391 7388 7388 7389 7389 7386 7386 7384 7384 7393 7393 7392 7392 7390 7390 7386 7386 7392 7392 7388 7388 7391 7391 7393 7393 7394 7394 7386 7386 7394 7394 7392 7392 7386 7386 7393 7393 7388 7388 7392 7392 7393 7393 7392 7392 7394 7394 791 791 792 792 783 783 7395 7395 798 798 804 804 7395 7395 804 804 806 806 7396 7396 7397 7397 7398 7398 7397 7397 7399 7399 7398 7398 7397 7397 7400 7400 7399 7399 7397 7397 7401 7401 7400 7400 7402 7402 7398 7398 7399 7399 7403 7403 7399 7399 7400 7400 7400 7400 7401 7401 7403 7403 7404 7404 7405 7405 7406 7406 7406 7406 7405 7405 7407 7407 7404 7404 7406 7406 7408 7408 7407 7407 7409 7409 7406 7406 7408 7408 7406 7406 7409 7409 7408 7408 7410 7410 7404 7404 7409 7409 7407 7407 7411 7411 7408 7408 7409 7409 7412 7412 7413 7413 7410 7410 7408 7408 7410 7410 7414 7414 7404 7404 7411 7411 7415 7415 7409 7409 7412 7412 7409 7409 7415 7415 7412 7412 7413 7413 7408 7408 7416 7416 7410 7410 7413 7413 7414 7414 7410 7410 7417 7417 7415 7415 7411 7411 7418 7418 7412 7412 7415 7415 7418 7418 7412 7412 7419 7419 7413 7413 7417 7417 7410 7410 7416 7416 7420 7420 7416 7416 7413 7413 7418 7418 7421 7421 7412 7412 7412 7412 7422 7422 7419 7419 7419 7419 7420 7420 7413 7413 7417 7417 7416 7416 7423 7423 7416 7416 7420 7420 7423 7423 7421 7421 7422 7422 7412 7412 7424 7424 7419 7419 7422 7422 7420 7420 7419 7419 7425 7425 7421 7421 7426 7426 7422 7422 7425 7425 7419 7419 7424 7424 7426 7426 7424 7424 7422 7422 7427 7427 7425 7425 7424 7424 7426 7426 7428 7428 7424 7424 7427 7427 7424 7424 7429 7429 7429 7429 7424 7424 7428 7428 7430 7430 7431 7431 7432 7432 7433 7433 7432 7432 7431 7431 7432 7432 7434 7434 7430 7430 7435 7435 7433 7433 7431 7431 7436 7436 7432 7432 7433 7433 7434 7434 7432 7432 7437 7437 7433 7433 7435 7435 7438 7438 7435 7435 7431 7431 6747 6747 7436 7436 7433 7433 7439 7439 7437 7437 7432 7432 7436 7436 7440 7440 7434 7434 7437 7437 7438 7438 7435 7435 7441 7441 7433 7433 7438 7438 7439 7439 6756 6756 7435 7435 6747 6747 7442 7442 7436 7436 7439 7439 7440 7440 7437 7437 7436 7436 7443 7443 7434 7434 7440 7440 7441 7441 7435 7435 6756 6756 7438 7438 7441 7441 7444 7444 7439 7439 7438 7438 7445 7445 7442 7442 7439 7439 7446 7446 7447 7447 7436 7436 7442 7442 7440 7440 7436 7436 7447 7447 7440 7440 7448 7448 7443 7443 6770 6770 7441 7441 6756 6756 7444 7444 7441 7441 7449 7449 7444 7444 7445 7445 7438 7438 7439 7439 7445 7445 7446 7446 7450 7450 7442 7442 7446 7446 7447 7447 7442 7442 7450 7450 7451 7451 7440 7440 7447 7447 7452 7452 7443 7443 7448 7448 7440 7440 7451 7451 7448 7448 6770 6770 7449 7449 7441 7441 7444 7444 7449 7449 7453 7453 7445 7445 7444 7444 7454 7454 7446 7446 7445 7445 7455 7455 7450 7450 7446 7446 7456 7456 7457 7457 7447 7447 7450 7450 7451 7451 7447 7447 7457 7457 7452 7452 7448 7448 7458 7458 7451 7451 7459 7459 7448 7448 7449 7449 6770 6770 6776 6776 6776 6776 7453 7453 7449 7449 7454 7454 7444 7444 7453 7453 7455 7455 7445 7445 7454 7454 7460 7460 7446 7446 7455 7455 7456 7456 7446 7446 7460 7460 7450 7450 7456 7456 7461 7461 7462 7462 7457 7457 7450 7450 7459 7459 7451 7451 7457 7457 7458 7458 7448 7448 7459 7459 7453 7453 6776 6776 6780 6780 7463 7463 7454 7454 7453 7453 7455 7455 7454 7454 7464 7464 7465 7465 7460 7460 7455 7455 7456 7456 7460 7460 7466 7466 7461 7461 7456 7456 7466 7466 7462 7462 7450 7450 7461 7461 7467 7467 7457 7457 7462 7462 7467 7467 7459 7459 7457 7457 7458 7458 7459 7459 7467 7467 6780 6780 7468 7468 7453 7453 7463 7463 7464 7464 7454 7454 7468 7468 7463 7463 7453 7453 7455 7455 7464 7464 7469 7469 7465 7465 7470 7470 7460 7460 7469 7469 7465 7465 7455 7455 7466 7466 7460 7460 7470 7470 7466 7466 7471 7471 7461 7461 7462 7462 7461 7461 7472 7472 7462 7462 7473 7473 7467 7467 7458 7458 7467 7467 7474 7474 6780 6780 7475 7475 7468 7468 7464 7464 7463 7463 7476 7476 7463 7463 7468 7468 7475 7475 7469 7469 7464 7464 7477 7477 7470 7470 7465 7465 7478 7478 7469 7469 7478 7478 7465 7465 7466 7466 7470 7470 7478 7478 7471 7471 7466 7466 7479 7479 7472 7472 7461 7461 7471 7471 7473 7473 7462 7462 7472 7472 7474 7474 7467 7467 7473 7473 7480 7480 7458 7458 7474 7474 7475 7475 6780 6780 7196 7196 7464 7464 7476 7476 7477 7477 7475 7475 7476 7476 7463 7463 7469 7469 7477 7477 7481 7481 7478 7478 7469 7469 7481 7481 7466 7466 7478 7478 7479 7479 7479 7479 7482 7482 7471 7471 7471 7471 7483 7483 7472 7472 7473 7473 7472 7472 7484 7484 7473 7473 7485 7485 7474 7474 7486 7486 7480 7480 7474 7474 7487 7487 7475 7475 7196 7196 7477 7477 7476 7476 7488 7488 7475 7475 7488 7488 7476 7476 7481 7481 7477 7477 7489 7489 7478 7478 7481 7481 7490 7490 7479 7479 7478 7478 7490 7490 7483 7483 7471 7471 7482 7482 7482 7482 7479 7479 7490 7490 7491 7491 7472 7472 7483 7483 7484 7484 7472 7472 7491 7491 7485 7485 7473 7473 7484 7484 7485 7485 7492 7492 7474 7474 7474 7474 7492 7492 7486 7486 7488 7488 7475 7475 7487 7487 7196 7196 7179 7179 7487 7487 7489 7489 7477 7477 7488 7488 7493 7493 7481 7481 7489 7489 7490 7490 7481 7481 7493 7493 7483 7483 7482 7482 7494 7494 7495 7495 7482 7482 7490 7490 7491 7491 7483 7483 7496 7496 7491 7491 7497 7497 7484 7484 7484 7484 7498 7498 7485 7485 7499 7499 7492 7492 7485 7485 7486 7486 7492 7492 7499 7499 7487 7487 7500 7500 7488 7488 7487 7487 7179 7179 7501 7501 7489 7489 7488 7488 7500 7500 7493 7493 7489 7489 7502 7502 7503 7503 7490 7490 7493 7493 7496 7496 7483 7483 7494 7494 7494 7494 7482 7482 7504 7504 7503 7503 7495 7495 7490 7490 7495 7495 7504 7504 7482 7482 7505 7505 7491 7491 7496 7496 7497 7497 7491 7491 7505 7505 7498 7498 7484 7484 7497 7497 7499 7499 7485 7485 7498 7498 7500 7500 7487 7487 7506 7506 7179 7179 7507 7507 7501 7501 7506 7506 7487 7487 7501 7501 7489 7489 7500 7500 7506 7506 7506 7506 7502 7502 7489 7489 7493 7493 7502 7502 7508 7508 7503 7503 7493 7493 7508 7508 7494 7494 7509 7509 7496 7496 7509 7509 7494 7494 7504 7504 7510 7510 7495 7495 7503 7503 7504 7504 7495 7495 7511 7511 7505 7505 7496 7496 7512 7512 7498 7498 7497 7497 7505 7505 7501 7501 7507 7507 7513 7513 7179 7179 7514 7514 7507 7507 7506 7506 7501 7501 7515 7515 7502 7502 7506 7506 7516 7516 7508 7508 7502 7502 7517 7517 7503 7503 7508 7508 7510 7510 7518 7518 7496 7496 7509 7509 7509 7509 7504 7504 7519 7519 7495 7495 7510 7510 7520 7520 7511 7511 7495 7495 7521 7521 7519 7519 7504 7504 7511 7511 7512 7512 7496 7496 7518 7518 7522 7522 7505 7505 7512 7512 7505 7505 7522 7522 7498 7498 7513 7513 7507 7507 7523 7523 7501 7501 7513 7513 7515 7515 7507 7507 7514 7514 7523 7523 7179 7179 7156 7156 7514 7514 7515 7515 7524 7524 7506 7506 7502 7502 7516 7516 7517 7517 7524 7524 7516 7516 7506 7506 7517 7517 7525 7525 7508 7508 7510 7510 7508 7508 7525 7525 7518 7518 7509 7509 7526 7526 7526 7526 7509 7509 7519 7519 7510 7510 7525 7525 7520 7520 7520 7520 7521 7521 7495 7495 7511 7511 7521 7521 7527 7527 7519 7519 7511 7511 7528 7528 7512 7512 7518 7518 7529 7529 7530 7530 7522 7522 7512 7512 7531 7531 7513 7513 7523 7523 7515 7515 7513 7513 7531 7531 7523 7523 7514 7514 7532 7532 7514 7514 7156 7156 7533 7533 7524 7524 7515 7515 7534 7534 7516 7516 7524 7524 7517 7517 7517 7517 7535 7535 7525 7525 7536 7536 7518 7518 7526 7526 7526 7526 7519 7519 7537 7537 7520 7520 7525 7525 7535 7535 7521 7521 7520 7520 7538 7538 7539 7539 7511 7511 7527 7527 7527 7527 7521 7521 7540 7540 7528 7528 7511 7511 7539 7539 7541 7541 7519 7519 7528 7528 7529 7529 7518 7518 7542 7542 7543 7543 7512 7512 7529 7529 7544 7544 7522 7522 7530 7530 7512 7512 7543 7543 7530 7530 7531 7531 7523 7523 7545 7545 7546 7546 7515 7515 7531 7531 7514 7514 7533 7533 7532 7532 7523 7523 7532 7532 7547 7547 7533 7533 7156 7156 7548 7548 7549 7549 7534 7534 7515 7515 7550 7550 7524 7524 7534 7534 7517 7517 7524 7524 7550 7550 7535 7535 7517 7517 7551 7551 7542 7542 7518 7518 7536 7536 7552 7552 7536 7536 7526 7526 7552 7552 7526 7526 7537 7537 7537 7537 7519 7519 7541 7541 7520 7520 7535 7535 7538 7538 7538 7538 7540 7540 7521 7521 7553 7553 7539 7539 7527 7527 7553 7553 7527 7527 7540 7540 7528 7528 7539 7539 7554 7554 7555 7555 7541 7541 7528 7528 7556 7556 7529 7529 7542 7542 7556 7556 7543 7543 7529 7529 7544 7544 7530 7530 7557 7557 7543 7543 7558 7558 7530 7530 7545 7545 7523 7523 7547 7547 7559 7559 7531 7531 7545 7545 7515 7515 7546 7546 7549 7549 7559 7559 7546 7546 7531 7531 7532 7532 7533 7533 7548 7548 7560 7560 7547 7547 7532 7532 7156 7156 7113 7113 7548 7548 7561 7561 7534 7534 7549 7549 7561 7561 7550 7550 7534 7534 7517 7517 7550 7550 7562 7562 7538 7538 7535 7535 7551 7551 7562 7562 7551 7551 7517 7517 7542 7542 7536 7536 7552 7552 7563 7563 7552 7552 7537 7537 7564 7564 7537 7537 7541 7541 7540 7540 7538 7538 7565 7565 7539 7539 7553 7553 7566 7566 7565 7565 7553 7553 7540 7540 7566 7566 7554 7554 7539 7539 7554 7554 7567 7567 7528 7528 7555 7555 7568 7568 7541 7541 7567 7567 7555 7555 7528 7528 7542 7542 7569 7569 7556 7556 7558 7558 7543 7543 7556 7556 7557 7557 7530 7530 7558 7558 7570 7570 7544 7544 7557 7557 7571 7571 7545 7545 7547 7547 7545 7545 7571 7571 7559 7559 7549 7549 7546 7546 7559 7559 7532 7532 7548 7548 7560 7560 7547 7547 7560 7560 7571 7571 7548 7548 7113 7113 7560 7560 7561 7561 7549 7549 7572 7572 7550 7550 7561 7561 7573 7573 7573 7573 7562 7562 7550 7550 7551 7551 7565 7565 7538 7538 7562 7562 7574 7574 7551 7551 7552 7552 7569 7569 7542 7542 7569 7569 7552 7552 7563 7563 7563 7563 7537 7537 7564 7564 7564 7564 7541 7541 7575 7575 7574 7574 7566 7566 7553 7553 7553 7553 7565 7565 7574 7574 7554 7554 7566 7566 7576 7576 7567 7567 7554 7554 7577 7577 7567 7567 7568 7568 7555 7555 7568 7568 7578 7578 7541 7541 7558 7558 7556 7556 7569 7569 7558 7558 7579 7579 7557 7557 7570 7570 7557 7557 7579 7579 7559 7559 7571 7571 7580 7580 7549 7549 7559 7559 7581 7581 7571 7571 7560 7560 7582 7582 7560 7560 7113 7113 7583 7583 7572 7572 7549 7549 7581 7581 7561 7561 7572 7572 7584 7584 7585 7585 7573 7573 7561 7561 7562 7562 7573 7573 7586 7586 7565 7565 7551 7551 7574 7574 7586 7586 7574 7574 7562 7562 7563 7563 7587 7587 7569 7569 7588 7588 7563 7563 7564 7564 7589 7589 7564 7564 7575 7575 7575 7575 7541 7541 7578 7578 7574 7574 7576 7576 7566 7566 7576 7576 7577 7577 7554 7554 7590 7590 7567 7567 7577 7577 7568 7568 7567 7567 7590 7590 7578 7578 7568 7568 7591 7591 7569 7569 7592 7592 7558 7558 7579 7579 7558 7558 7593 7593 7579 7579 7594 7594 7570 7570 7595 7595 7559 7559 7580 7580 7596 7596 7580 7580 7571 7571 7595 7595 7581 7581 7559 7559 7582 7582 7560 7560 7597 7597 7571 7571 7582 7582 7596 7596 7101 7101 7583 7583 7113 7113 7560 7560 7583 7583 7597 7597 7598 7598 7572 7572 7581 7581 7599 7599 7584 7584 7572 7572 7561 7561 7584 7584 7585 7585 7573 7573 7585 7585 7600 7600 7586 7586 7573 7573 7601 7601 7574 7574 7586 7586 7602 7602 7563 7563 7588 7588 7587 7587 7592 7592 7569 7569 7587 7587 7588 7588 7564 7564 7589 7589 7603 7603 7589 7589 7575 7575 7604 7604 7575 7575 7578 7578 7576 7576 7574 7574 7605 7605 7577 7577 7576 7576 7606 7606 7590 7590 7577 7577 7607 7607 7608 7608 7568 7568 7590 7590 7608 7608 7591 7591 7568 7568 7578 7578 7591 7591 7609 7609 7593 7593 7558 7558 7592 7592 7594 7594 7579 7579 7593 7593 7580 7580 7596 7596 7595 7595 7581 7581 7595 7595 7598 7598 7582 7582 7597 7597 7596 7596 7583 7583 7101 7101 7610 7610 7597 7597 7583 7583 7610 7610 7572 7572 7598 7598 7599 7599 7584 7584 7599 7599 7611 7611 7585 7585 7584 7584 7612 7612 7613 7613 7600 7600 7585 7585 7573 7573 7600 7600 7601 7601 7586 7586 7601 7601 7614 7614 7614 7614 7602 7602 7586 7586 7602 7602 7605 7605 7574 7574 7615 7615 7587 7587 7588 7588 7592 7592 7587 7587 7615 7615 7616 7616 7588 7588 7589 7589 7603 7603 7575 7575 7604 7604 7617 7617 7589 7589 7603 7603 7604 7604 7578 7578 7618 7618 7576 7576 7605 7605 7619 7619 7576 7576 7620 7620 7606 7606 7577 7577 7606 7606 7621 7621 7621 7621 7607 7607 7577 7577 7607 7607 7622 7622 7590 7590 7608 7608 7590 7590 7622 7622 7591 7591 7608 7608 7623 7623 7609 7609 7591 7591 7624 7624 7618 7618 7578 7578 7609 7609 7593 7593 7592 7592 7615 7615 7594 7594 7593 7593 7625 7625 7626 7626 7595 7595 7596 7596 7627 7627 7598 7598 7595 7595 7596 7596 7597 7597 7628 7628 7610 7610 7101 7101 7114 7114 7626 7626 7597 7597 7610 7610 7598 7598 7627 7627 7599 7599 7584 7584 7611 7611 7612 7612 7599 7599 7629 7629 7611 7611 7612 7612 7613 7613 7585 7585 7600 7600 7613 7613 7630 7630 7601 7601 7600 7600 7630 7630 7614 7614 7601 7601 7631 7631 7602 7602 7614 7614 7632 7632 7605 7605 7602 7602 7619 7619 7615 7615 7588 7588 7616 7616 7616 7616 7589 7589 7633 7633 7634 7634 7603 7603 7604 7604 7617 7617 7603 7603 7634 7634 7633 7633 7589 7589 7617 7617 7635 7635 7604 7604 7618 7618 7620 7620 7576 7576 7619 7619 7607 7607 7621 7621 7636 7636 7607 7607 7637 7637 7622 7622 7622 7622 7623 7623 7608 7608 7623 7623 7624 7624 7591 7591 7609 7609 7624 7624 7638 7638 7618 7618 7609 7609 7639 7639 7625 7625 7593 7593 7615 7615 7625 7625 7640 7640 7594 7594 7596 7596 7628 7628 7626 7626 7595 7595 7626 7626 7627 7627 7628 7628 7597 7597 7626 7626 7610 7610 7114 7114 7641 7641 7641 7641 7626 7626 7610 7610 7599 7599 7627 7627 7629 7629 7612 7612 7611 7611 7642 7642 7611 7611 7629 7629 7643 7643 7613 7613 7612 7612 7644 7644 7630 7630 7613 7613 7644 7644 7601 7601 7630 7630 7631 7631 7614 7614 7631 7631 7645 7645 7646 7646 7602 7602 7632 7632 7647 7647 7632 7632 7614 7614 7619 7619 7602 7602 7648 7648 7615 7615 7616 7616 7633 7633 7634 7634 7604 7604 7635 7635 7634 7634 7649 7649 7617 7617 7633 7633 7617 7617 7649 7649 7635 7635 7618 7618 7639 7639 7620 7620 7619 7619 7650 7650 7607 7607 7636 7636 7651 7651 7637 7637 7607 7607 7651 7651 7623 7623 7622 7622 7637 7637 7623 7623 7652 7652 7624 7624 7638 7638 7624 7624 7652 7652 7609 7609 7638 7638 7639 7639 7625 7625 7615 7615 7633 7633 7640 7640 7625 7625 7653 7653 7627 7627 7626 7626 7654 7654 7641 7641 7114 7114 7143 7143 7626 7626 7641 7641 7654 7654 7629 7629 7627 7627 7654 7654 7642 7642 7655 7655 7612 7612 7656 7656 7642 7642 7611 7611 7611 7611 7643 7643 7657 7657 7629 7629 7654 7654 7643 7643 7644 7644 7612 7612 7655 7655 7630 7630 7644 7644 7658 7658 7631 7631 7630 7630 7658 7658 7631 7631 7658 7658 7645 7645 7614 7614 7645 7645 7647 7647 7646 7646 7659 7659 7602 7602 7646 7646 7632 7632 7660 7660 7632 7632 7647 7647 7660 7660 7650 7650 7619 7619 7648 7648 7648 7648 7602 7602 7659 7659 7661 7661 7634 7634 7635 7635 7649 7649 7634 7634 7661 7661 7649 7649 7662 7662 7633 7633 7639 7639 7663 7663 7635 7635 7620 7620 7650 7650 7664 7664 7651 7651 7636 7636 7665 7665 7637 7637 7651 7651 7666 7666 7637 7637 7667 7667 7623 7623 7652 7652 7623 7623 7667 7667 7638 7638 7652 7652 7668 7668 7639 7639 7638 7638 7668 7668 7633 7633 7669 7669 7625 7625 7653 7653 7625 7625 7669 7669 7653 7653 7670 7670 7640 7640 7654 7654 7641 7641 7143 7143 7655 7655 7642 7642 7671 7671 7642 7642 7656 7656 7672 7672 7611 7611 7657 7657 7656 7656 7643 7643 7155 7155 7657 7657 7654 7654 7143 7143 7643 7643 7658 7658 7644 7644 7655 7655 7655 7655 7645 7645 7658 7658 7647 7647 7645 7645 7673 7673 7659 7659 7646 7646 7674 7674 7674 7674 7646 7646 7660 7660 7660 7660 7647 7647 7675 7675 7676 7676 7650 7650 7648 7648 7648 7648 7659 7659 7677 7677 7635 7635 7678 7678 7661 7661 7679 7679 7649 7649 7661 7661 7669 7669 7633 7633 7662 7662 7662 7662 7649 7649 7679 7679 7680 7680 7663 7663 7639 7639 7678 7678 7635 7635 7663 7663 7664 7664 7650 7650 7676 7676 7665 7665 7636 7636 7681 7681 7666 7666 7651 7651 7665 7665 7667 7667 7637 7637 7666 7666 7652 7652 7667 7667 7682 7682 7668 7668 7652 7652 7683 7683 7668 7668 7684 7684 7639 7639 7669 7669 7685 7685 7653 7653 7670 7670 7653 7653 7685 7685 7686 7686 7640 7640 7670 7670 7687 7687 7671 7671 7642 7642 7671 7671 7673 7673 7655 7655 7672 7672 7687 7687 7642 7642 7656 7656 7688 7688 7672 7672 7656 7656 7657 7657 7688 7688 7643 7643 7143 7143 7155 7155 7657 7657 7155 7155 7688 7688 7645 7645 7655 7655 7673 7673 7675 7675 7647 7647 7673 7673 7674 7674 7689 7689 7659 7659 7690 7690 7674 7674 7660 7660 7660 7660 7675 7675 7690 7690 7676 7676 7648 7648 7677 7677 7677 7677 7659 7659 7689 7689 7679 7679 7661 7661 7678 7678 7669 7669 7662 7662 7691 7691 7691 7691 7662 7662 7679 7679 7684 7684 7680 7680 7639 7639 7663 7663 7680 7680 7692 7692 7678 7678 7663 7663 7692 7692 7636 7636 7693 7693 7681 7681 7665 7665 7681 7681 7694 7694 7666 7666 7665 7665 7695 7695 7666 7666 7682 7682 7667 7667 7682 7682 7696 7696 7652 7652 7696 7696 7683 7683 7652 7652 7668 7668 7683 7683 7697 7697 7698 7698 7684 7684 7668 7668 7685 7685 7669 7669 7691 7691 7699 7699 7670 7670 7685 7685 7700 7700 7640 7640 7686 7686 7670 7670 7699 7699 7686 7686 7671 7671 7687 7687 7701 7701 7702 7702 7673 7673 7671 7671 7687 7687 7672 7672 7703 7703 7672 7672 7688 7688 7703 7703 7675 7675 7673 7673 7704 7704 7689 7689 7674 7674 7705 7705 7705 7705 7674 7674 7690 7690 7690 7690 7675 7675 7706 7706 7677 7677 7689 7689 7707 7707 7679 7679 7678 7678 7708 7708 7691 7691 7679 7679 7709 7709 7680 7680 7684 7684 7710 7710 7711 7711 7692 7692 7680 7680 7708 7708 7678 7678 7692 7692 7681 7681 7693 7693 7712 7712 7695 7695 7665 7665 7694 7694 7713 7713 7694 7694 7681 7681 7695 7695 7714 7714 7666 7666 7682 7682 7666 7666 7714 7714 7696 7696 7682 7682 7714 7714 7683 7683 7696 7696 7714 7714 7697 7697 7698 7698 7668 7668 7714 7714 7697 7697 7683 7683 7715 7715 7684 7684 7698 7698 7691 7691 7716 7716 7685 7685 7685 7685 7717 7717 7699 7699 7718 7718 7700 7700 7686 7686 7719 7719 7686 7686 7699 7699 7701 7701 7720 7720 7671 7671 7703 7703 7701 7701 7687 7687 7704 7704 7673 7673 7702 7702 7702 7702 7671 7671 7720 7720 7706 7706 7675 7675 7704 7704 7705 7705 7707 7707 7689 7689 7705 7705 7690 7690 4945 4945 7690 7690 7706 7706 7721 7721 7709 7709 7679 7679 7708 7708 7722 7722 7691 7691 7709 7709 7715 7715 7710 7710 7684 7684 7710 7710 7711 7711 7680 7680 7708 7708 7692 7692 7711 7711 7693 7693 7723 7723 7712 7712 7681 7681 7712 7712 7713 7713 7724 7724 7695 7695 7694 7694 7694 7694 7713 7713 7725 7725 7714 7714 7695 7695 7726 7726 7698 7698 7697 7697 7727 7727 7714 7714 7727 7727 7697 7697 7715 7715 7698 7698 7728 7728 7716 7716 7691 7691 7722 7722 7717 7717 7685 7685 7716 7716 7729 7729 7699 7699 7717 7717 7686 7686 7719 7719 7718 7718 7729 7729 7719 7719 7699 7699 7730 7730 7720 7720 7701 7701 7701 7701 7703 7703 7730 7730 7731 7731 7704 7704 7702 7702 7720 7720 7731 7731 7702 7702 7706 7706 7704 7704 7732 7732 7733 7733 7707 7707 7705 7705 4945 4945 7690 7690 4944 4944 4945 4945 7733 7733 7705 7705 7732 7732 7721 7721 7706 7706 7721 7721 4944 4944 7690 7690 7709 7709 7708 7708 7734 7734 7709 7709 7735 7735 7722 7722 7715 7715 7736 7736 7710 7710 7710 7710 7737 7737 7711 7711 7734 7734 7708 7708 7711 7711 7738 7738 7712 7712 7723 7723 7713 7713 7712 7712 7739 7739 7694 7694 7725 7725 7724 7724 7695 7695 7724 7724 7740 7740 7725 7725 7713 7713 7741 7741 7726 7726 7695 7695 7740 7740 7726 7726 7742 7742 7714 7714 7727 7727 7743 7743 7698 7698 7727 7727 7714 7714 7742 7742 7744 7744 7728 7728 7698 7698 7728 7728 7745 7745 7715 7715 7722 7722 7746 7746 7716 7716 7717 7717 7716 7716 7746 7746 7717 7717 7747 7747 7729 7729 7748 7748 7720 7720 7730 7730 7731 7731 7749 7749 7704 7704 7731 7731 7720 7720 7748 7748 7749 7749 7732 7732 7704 7704 7750 7750 7733 7733 4945 4945 4942 4942 7721 7721 7732 7732 4944 4944 7721 7721 4942 4942 7751 7751 7709 7709 7734 7734 7735 7735 7709 7709 7751 7751 7752 7752 7722 7722 7735 7735 7736 7736 7715 7715 7753 7753 7754 7754 7710 7710 7736 7736 7737 7737 7710 7710 7754 7754 7737 7737 7755 7755 7711 7711 7755 7755 7734 7734 7711 7711 7756 7756 7738 7738 7723 7723 7712 7712 7738 7738 7739 7739 7713 7713 7739 7739 7741 7741 7724 7724 7725 7725 7757 7757 7725 7725 7741 7741 7758 7758 7743 7743 7727 7727 7759 7759 7698 7698 7743 7743 7744 7744 7742 7742 7759 7759 7727 7727 7744 7744 7760 7760 7728 7728 7745 7745 7728 7728 7761 7761 7753 7753 7715 7715 7745 7745 7752 7752 7746 7746 7722 7722 7747 7747 7717 7717 7746 7746 7762 7762 7729 7729 7747 7747 7749 7749 7731 7731 7763 7763 7763 7763 7731 7731 7748 7748 7732 7732 7749 7749 7764 7764 7765 7765 7750 7750 4945 4945 7764 7764 4942 4942 7732 7732 7751 7751 7734 7734 7755 7755 7752 7752 7735 7735 7751 7751 7766 7766 7736 7736 7753 7753 7754 7754 7736 7736 7766 7766 7737 7737 7754 7754 7766 7766 7738 7738 7756 7756 7767 7767 7739 7739 7738 7738 7768 7768 7741 7741 7739 7739 7768 7768 7758 7758 7757 7757 7725 7725 7741 7741 7768 7768 7758 7758 7759 7759 7744 7744 7743 7743 7760 7760 7744 7744 7769 7769 7761 7761 7728 7728 7760 7760 7753 7753 7745 7745 7761 7761 7746 7746 7752 7752 7770 7770 7746 7746 7771 7771 7747 7747 7762 7762 7747 7747 7771 7771 7764 7764 7749 7749 7763 7763 7748 7748 7772 7772 7763 7763 4945 4945 4942 4942 7765 7765 7751 7751 7773 7773 7752 7752 7774 7774 7766 7766 7753 7753 7766 7766 7775 7775 7737 7737 7776 7776 7738 7738 7767 7767 7768 7768 7738 7738 7776 7776 7758 7758 7768 7768 7777 7777 7744 7744 7759 7759 7769 7769 7770 7770 7752 7752 7778 7778 7779 7779 7746 7746 7770 7770 7771 7771 7746 7746 7779 7779 7762 7762 7771 7771 7780 7780 7764 7764 7763 7763 7772 7772 7778 7778 7752 7752 7773 7773 7773 7773 7751 7751 7781 7781 7775 7775 7766 7766 7774 7774 7753 7753 7782 7782 7774 7774 7768 7768 7776 7776 7777 7777 7778 7778 7783 7783 7770 7770 7770 7770 7784 7784 7779 7779 7784 7784 7771 7771 7779 7779 7780 7780 7771 7771 7784 7784 7773 7773 7781 7781 7778 7778 7775 7775 7774 7774 7782 7782 7784 7784 7770 7770 7783 7783 7783 7783 7778 7778 7781 7781 7399 7399 7785 7785 7402 7402 7403 7403 7786 7786 7399 7399 7787 7787 7403 7403 7401 7401 6528 6528 7788 7788 6526 6526 7788 7788 6528 6528 4995 4995 7788 7788 7789 7789 6526 6526 7788 7788 4995 4995 5003 5003 6528 6528 5001 5001 4995 4995 7789 7789 7788 7788 5003 5003 7790 7790 7791 7791 7792 7792 2473 2473 2423 2423 7793 7793 7794 7794 7791 7791 7790 7790 2423 2423 2426 2426 7793 7793 2473 2473 7793 7793 7795 7795 2468 2468 2473 2473 2465 2465 7399 7399 7786 7786 7785 7785 7793 7793 2426 2426 7796 7796 7796 7796 7795 7795 7793 7793 7795 7795 2465 2465 2473 2473 7797 7797 7402 7402 7785 7785 7794 7794 7798 7798 7799 7799 7796 7796 2426 2426 7800 7800 7795 7795 7796 7796 7801 7801 2465 2465 7795 7795 2462 2462 7786 7786 7403 7403 7802 7802 7787 7787 7803 7803 7403 7403 7799 7799 7804 7804 7794 7794 7796 7796 7800 7800 7805 7805 7800 7800 2426 2426 7806 7806 7801 7801 7796 7796 7807 7807 2462 2462 7795 7795 7801 7801 7792 7792 7791 7791 7808 7808 7794 7794 7804 7804 7791 7791 7802 7802 7809 7809 7786 7786 7810 7810 7786 7786 7809 7809 7800 7800 7806 7806 7805 7805 7805 7805 7807 7807 7796 7796 7801 7801 7807 7807 7811 7811 2462 2462 7801 7801 7812 7812 7786 7786 7797 7797 7785 7785 7402 7402 7797 7797 7798 7798 7813 7813 7799 7799 7798 7798 7803 7803 7802 7802 7403 7403 7807 7807 7805 7805 7814 7814 7811 7811 7807 7807 7815 7815 7811 7811 7812 7812 7801 7801 7812 7812 7816 7816 2462 2462 7799 7799 7817 7817 7804 7804 7808 7808 7791 7791 7804 7804 7809 7809 7802 7802 7818 7818 7818 7818 7819 7819 7809 7809 7809 7809 7820 7820 7810 7810 7807 7807 7814 7814 7821 7821 7815 7815 7807 7807 7821 7821 7812 7812 7811 7811 7815 7815 7816 7816 7812 7812 7822 7822 7816 7816 7823 7823 2462 2462 7820 7820 7809 7809 7819 7819 2459 2459 2462 2462 7823 7823 7786 7786 7810 7810 7797 7797 7797 7797 7813 7813 7798 7798 7799 7799 7813 7813 7824 7824 7824 7824 7817 7817 7799 7799 7825 7825 7803 7803 7826 7826 7815 7815 7821 7821 7827 7827 7822 7822 7812 7812 7815 7815 7816 7816 7822 7822 7828 7828 7823 7823 7816 7816 7829 7829 7826 7826 7830 7830 7831 7831 7823 7823 2456 2456 2459 2459 7803 7803 7825 7825 7802 7802 7804 7804 7817 7817 7832 7832 7808 7808 7804 7804 7833 7833 7818 7818 7802 7802 7834 7834 7835 7835 7819 7819 7818 7818 7827 7827 7836 7836 7815 7815 7822 7822 7815 7815 7837 7837 7828 7828 7822 7822 7838 7838 7829 7829 7816 7816 7828 7828 2453 2453 7823 7823 7829 7829 7819 7819 7835 7835 7839 7839 7823 7823 2453 2453 2456 2456 7840 7840 7810 7810 7820 7820 7839 7839 7820 7820 7819 7819 7810 7810 7840 7840 7797 7797 7797 7797 7824 7824 7813 7813 7824 7824 7832 7832 7817 7817 7825 7825 7826 7826 7831 7831 7836 7836 7837 7837 7815 7815 7822 7822 7837 7837 7841 7841 7828 7828 7838 7838 7842 7842 7841 7841 7838 7838 7822 7822 7829 7829 7828 7828 7843 7843 2453 2453 7829 7829 7844 7844 7830 7830 7845 7845 7831 7831 7825 7825 7834 7834 7802 7802 7833 7833 7846 7846 7808 7808 7833 7833 7804 7804 7832 7832 7835 7835 7818 7818 7834 7834 7847 7847 7839 7839 7835 7835 7820 7820 7839 7839 7840 7840 7797 7797 7840 7840 7824 7824 7832 7832 7824 7824 7848 7848 7825 7825 7831 7831 7849 7849 7841 7841 7837 7837 7836 7836 7842 7842 7843 7843 7828 7828 7838 7838 7841 7841 7842 7842 7843 7843 7850 7850 7829 7829 7850 7850 7844 7844 7829 7829 2450 2450 2453 2453 7844 7844 7830 7830 7851 7851 7845 7845 7845 7845 7849 7849 7831 7831 7834 7834 7825 7825 7852 7852 7833 7833 7832 7832 7846 7846 7834 7834 7853 7853 7835 7835 7835 7835 7854 7854 7847 7847 7839 7839 7847 7847 7840 7840 7824 7824 7840 7840 7848 7848 7848 7848 7855 7855 7832 7832 7842 7842 7841 7841 7836 7836 7843 7843 7842 7842 7856 7856 7850 7850 7843 7843 7857 7857 7850 7850 7858 7858 7844 7844 7844 7844 7858 7858 2450 2450 2447 2447 2453 2453 2450 2450 7849 7849 7852 7852 7825 7825 7849 7849 7845 7845 7851 7851 7852 7852 7859 7859 7834 7834 7853 7853 7834 7834 7859 7859 7832 7832 7860 7860 7846 7846 7853 7853 7854 7854 7835 7835 7861 7861 7847 7847 7854 7854 7847 7847 7862 7862 7840 7840 7840 7840 7862 7862 7848 7848 7848 7848 7863 7863 7855 7855 7864 7864 7842 7842 7836 7836 7843 7843 7856 7856 7865 7865 7866 7866 7856 7856 7842 7842 7857 7857 7843 7843 7865 7865 7867 7867 7850 7850 7857 7857 7850 7850 7867 7867 7858 7858 2450 2450 7858 7858 2445 2445 7855 7855 7868 7868 7832 7832 7849 7849 7869 7869 7852 7852 7851 7851 7870 7870 7849 7849 7852 7852 7869 7869 7859 7859 7853 7853 7859 7859 7871 7871 7860 7860 7832 7832 7868 7868 7860 7860 7872 7872 7846 7846 7873 7873 7874 7874 7875 7875 7876 7876 7877 7877 7878 7878 7875 7875 7874 7874 7879 7879 7875 7875 7880 7880 7881 7881 7842 7842 7864 7864 7866 7866 7865 7865 7856 7856 7882 7882 7856 7856 7866 7866 7883 7883 7857 7857 7865 7865 7884 7884 7857 7857 7885 7885 7867 7867 2445 2445 7858 7858 7867 7867 7854 7854 7853 7853 7871 7871 7854 7854 7886 7886 7861 7861 7847 7847 7861 7861 7862 7862 7862 7862 7863 7863 7848 7848 7863 7863 7868 7868 7855 7855 7870 7870 7869 7869 7849 7849 7851 7851 7887 7887 7870 7870 7859 7859 7869 7869 7888 7888 7888 7888 7871 7871 7859 7859 7866 7866 7864 7864 7889 7889 7856 7856 7883 7883 7882 7882 7882 7882 7884 7884 7865 7865 7890 7890 7883 7883 7866 7866 7885 7885 7857 7857 7884 7884 2445 2445 7867 7867 7885 7885 7868 7868 7891 7891 7860 7860 7860 7860 7891 7891 7872 7872 7892 7892 7876 7876 7878 7878 7893 7893 7875 7875 7881 7881 7875 7875 7893 7893 7873 7873 7877 7877 7894 7894 7878 7878 7892 7892 7878 7878 7895 7895 7879 7879 7880 7880 7875 7875 7896 7896 7897 7897 7879 7879 7881 7881 7880 7880 7898 7898 7889 7889 7890 7890 7866 7866 7899 7899 7882 7882 7883 7883 7882 7882 7900 7900 7884 7884 7890 7890 7901 7901 7883 7883 7884 7884 7902 7902 7885 7885 7885 7885 7902 7902 2445 2445 2441 2441 2445 2445 7902 7902 7871 7871 7903 7903 7854 7854 7854 7854 7904 7904 7886 7886 7905 7905 7861 7861 7886 7886 7861 7861 7905 7905 7862 7862 7862 7862 7906 7906 7863 7863 7863 7863 7907 7907 7868 7868 7870 7870 7908 7908 7869 7869 7887 7887 7908 7908 7870 7870 7890 7890 7889 7889 7909 7909 7883 7883 7901 7901 7899 7899 7882 7882 7899 7899 7910 7910 7900 7900 7882 7882 7910 7910 7902 7902 7884 7884 7900 7900 7911 7911 7901 7901 7890 7890 7902 7902 2438 2438 2441 2441 7912 7912 7888 7888 7869 7869 7871 7871 7888 7888 7903 7903 7868 7868 7907 7907 7891 7891 7891 7891 7913 7913 7872 7872 7914 7914 7915 7915 7916 7916 7917 7917 7918 7918 7914 7914 7876 7876 7892 7892 7919 7919 7892 7892 7895 7895 7920 7920 7921 7921 7893 7893 7881 7881 7890 7890 7909 7909 7911 7911 7899 7899 7901 7901 7922 7922 7922 7922 7910 7910 7899 7899 7910 7910 7923 7923 7900 7900 7900 7900 2435 2435 7902 7902 7922 7922 7901 7901 7911 7911 2438 2438 7902 7902 2435 2435 7893 7893 7921 7921 7873 7873 7894 7894 7895 7895 7878 7878 7897 7897 7896 7896 7924 7924 7879 7879 7897 7897 7880 7880 7898 7898 7925 7925 7881 7881 7880 7880 7926 7926 7898 7898 7904 7904 7854 7854 7903 7903 7911 7911 7909 7909 7927 7927 7928 7928 7910 7910 7922 7922 7923 7923 7910 7910 7929 7929 2435 2435 7900 7900 7923 7923 7922 7922 7911 7911 7930 7930 7905 7905 7886 7886 7904 7904 7905 7905 7906 7906 7862 7862 7931 7931 7863 7863 7906 7906 7907 7907 7863 7863 7931 7931 7912 7912 7869 7869 7908 7908 7887 7887 7932 7932 7908 7908 7876 7876 7919 7919 7887 7887 7933 7933 7911 7911 7927 7927 7934 7934 7910 7910 7928 7928 7928 7928 7922 7922 7930 7930 2432 2432 7923 7923 7929 7929 7929 7929 7910 7910 7934 7934 2432 2432 2435 2435 7923 7923 7930 7930 7911 7911 7935 7935 7912 7912 7936 7936 7888 7888 7888 7888 7937 7937 7903 7903 7935 7935 7911 7911 7933 7933 7938 7938 7933 7933 7927 7927 7934 7934 7928 7928 7939 7939 7940 7940 7928 7928 7930 7930 3431 3431 2432 2432 7929 7929 7929 7929 7934 7934 7941 7941 7907 7907 7942 7942 7891 7891 7930 7930 7935 7935 7943 7943 7935 7935 7933 7933 7938 7938 7939 7939 7928 7928 7940 7940 7934 7934 7939 7939 7944 7944 7943 7943 7940 7940 7930 7930 3431 3431 7929 7929 7941 7941 7917 7917 7945 7945 7918 7918 7941 7941 7934 7934 7944 7944 7915 7915 7913 7913 7946 7946 7947 7947 7943 7943 7935 7935 7948 7948 7935 7935 7938 7938 7949 7949 7939 7939 7940 7940 7944 7944 7939 7939 7950 7950 7943 7943 7951 7951 7940 7940 3431 3431 7941 7941 7952 7952 7944 7944 7952 7952 7941 7941 7953 7953 7943 7943 7947 7947 7935 7935 7948 7948 7947 7947 7939 7939 7949 7949 7950 7950 7951 7951 7949 7949 7940 7940 7950 7950 7954 7954 7944 7944 7951 7951 7943 7943 7955 7955 7954 7954 7952 7952 7944 7944 7943 7943 7953 7953 7955 7955 7947 7947 7948 7948 7953 7953 7950 7950 7949 7949 7956 7956 7949 7949 7951 7951 7956 7956 7957 7957 7954 7954 7950 7950 7951 7951 7955 7955 7956 7956 7954 7954 7958 7958 7952 7952 7955 7955 7953 7953 7959 7959 7956 7956 7960 7960 7950 7950 7957 7957 7950 7950 7960 7960 7961 7961 7954 7954 7957 7957 7956 7956 7955 7955 7962 7962 7963 7963 7958 7958 7954 7954 7964 7964 7959 7959 7953 7953 7959 7959 7962 7962 7955 7955 7960 7960 7956 7956 7965 7965 7966 7966 7957 7957 7960 7960 7961 7961 7957 7957 7967 7967 7961 7961 7963 7963 7954 7954 7962 7962 7965 7965 7956 7956 7963 7963 7968 7968 7958 7958 7959 7959 7964 7964 7969 7969 7962 7962 7959 7959 7970 7970 7965 7965 7966 7966 7960 7960 7966 7966 7967 7967 7957 7957 7967 7967 7971 7971 7961 7961 7963 7963 7961 7961 7972 7972 7965 7965 7962 7962 7973 7973 7968 7968 7963 7963 7972 7972 7969 7969 7964 7964 7974 7974 7970 7970 7959 7959 7969 7969 7962 7962 7970 7970 7975 7975 7966 7966 7965 7965 7973 7973 7967 7967 7966 7966 7976 7976 7972 7972 7961 7961 7971 7971 7971 7971 7967 7967 7977 7977 7973 7973 7962 7962 7975 7975 7968 7968 7972 7972 7978 7978 7979 7979 7969 7969 7974 7974 7969 7969 7980 7980 7970 7970 7975 7975 7970 7970 7980 7980 7973 7973 7976 7976 7966 7966 7967 7967 7976 7976 7981 7981 7972 7972 7971 7971 7978 7978 7977 7977 7967 7967 7982 7982 7978 7978 7971 7971 7977 7977 7975 7975 7983 7983 7973 7973 7980 7980 7969 7969 7979 7979 7980 7980 7984 7984 7975 7975 7981 7981 7976 7976 7973 7973 7981 7981 7982 7982 7967 7967 7983 7983 7975 7975 7984 7984 7973 7973 7983 7983 7985 7985 7980 7980 7979 7979 7986 7986 7984 7984 7980 7980 7987 7987 7985 7985 7981 7981 7973 7973 7982 7982 7981 7981 7988 7988 7984 7984 7985 7985 7983 7983 7986 7986 7987 7987 7980 7980 7987 7987 7985 7985 7984 7984 7981 7981 7985 7985 7988 7988 7985 7985 7987 7987 7989 7989 7988 7988 7985 7985 7989 7989 7891 7891 7942 7942 7913 7913 7915 7915 7946 7946 7990 7990 7990 7990 7916 7916 7915 7915 7916 7916 7917 7917 7914 7914 7919 7919 7892 7892 7920 7920 7895 7895 7991 7991 7920 7920 7992 7992 7991 7991 7895 7895 7921 7921 7881 7881 7925 7925 7993 7993 7873 7873 7921 7921 7894 7894 7992 7992 7895 7895 7924 7924 7994 7994 7897 7897 7880 7880 7897 7897 7926 7926 7898 7898 7926 7926 7925 7925 7994 7994 7924 7924 7995 7995 7903 7903 7996 7996 7904 7904 7904 7904 7997 7997 7905 7905 7906 7906 7905 7905 7997 7997 7906 7906 7998 7998 7931 7931 7999 7999 7907 7907 7931 7931 7912 7912 7908 7908 7932 7932 7887 7887 7919 7919 7932 7932 7936 7936 7912 7912 8000 8000 7937 7937 7888 7888 7936 7936 7903 7903 7937 7937 7996 7996 7907 7907 7999 7999 7942 7942 8001 8001 7945 7945 8002 8002 7945 7945 7917 7917 8002 8002 7942 7942 7946 7946 7913 7913 7946 7946 8003 8003 7990 7990 7990 7990 8003 8003 7916 7916 7917 7917 7916 7916 8004 8004 7919 7919 7920 7920 8005 8005 7991 7991 8006 8006 7920 7920 2400 2400 7806 7806 2426 2426 7991 7991 7992 7992 8007 8007 7921 7921 7925 7925 8008 8008 7921 7921 8009 8009 7993 7993 7993 7993 8009 8009 8010 8010 8010 8010 7992 7992 7894 7894 7926 7926 7897 7897 7994 7994 7925 7925 7926 7926 8008 8008 7995 7995 8011 8011 7994 7994 8011 8011 7995 7995 8012 8012 7997 7997 7904 7904 7996 7996 7997 7997 8013 8013 7906 7906 7998 7998 7906 7906 8013 8013 7931 7931 7998 7998 8014 8014 7931 7931 8014 8014 7999 7999 7919 7919 8005 8005 8015 8015 7932 7932 8000 8000 7912 7912 7932 7932 7919 7919 8015 8015 8016 8016 7936 7936 8000 8000 7936 7936 8016 8016 7937 7937 8017 8017 7996 7996 7937 7937 7999 7999 8018 8018 7942 7942 8002 8002 8019 8019 8001 8001 8004 8004 8002 8002 7917 7917 8018 8018 7946 7946 7942 7942 7946 7946 8020 8020 8003 8003 8004 8004 7916 7916 8003 8003 8006 8006 7991 7991 8007 8007 7920 7920 8006 8006 8005 8005 7992 7992 8021 8021 8007 8007 8009 8009 7921 7921 8008 8008 8009 8009 8022 8022 8010 8010 8010 8010 8021 8021 7992 7992 7994 7994 8023 8023 7926 7926 7926 7926 8023 8023 8008 8008 8011 8011 8024 8024 7994 7994 8012 8012 8025 8025 8011 8011 7996 7996 8017 8017 7997 7997 2416 2416 8026 8026 2420 2420 2415 2415 2420 2420 8027 8027 7997 7997 8028 8028 8013 8013 8013 8013 8029 8029 7998 7998 8014 8014 7998 7998 8029 8029 7999 7999 8014 8014 8030 8030 8015 8015 8005 8005 8031 8031 7932 7932 8015 8015 8000 8000 8016 8016 8000 8000 8032 8032 8017 8017 7937 7937 8016 8016 8018 8018 7999 7999 8030 8030 8019 8019 8002 8002 8033 8033 8034 8034 2416 2416 2410 2410 8004 8004 8035 8035 8002 8002 8018 8018 8020 8020 7946 7946 8034 8034 8026 8026 2416 2416 8026 8026 8027 8027 2420 2420 8027 8027 8036 8036 2415 2415 2403 2403 2409 2409 2415 2415 8003 8003 8020 8020 8004 8004 8007 8007 8037 8037 8006 8006 8006 8006 8038 8038 8005 8005 8021 8021 8037 8037 8007 8007 8008 8008 8022 8022 8009 8009 8022 8022 8021 8021 8010 8010 7994 7994 8024 8024 8023 8023 8008 8008 8023 8023 8039 8039 8011 8011 8025 8025 8024 8024 2404 2404 8034 8034 2410 2410 8028 8028 7997 7997 8017 8017 8028 8028 8029 8029 8013 8013 8034 8034 8040 8040 8026 8026 8027 8027 8026 8026 8041 8041 2403 2403 2415 2415 8036 8036 8036 8036 8027 8027 8042 8042 8029 8029 8043 8043 8014 8014 8014 8014 8044 8044 8030 8030 8005 8005 8038 8038 8031 8031 8000 8000 8015 8015 8031 8031 8045 8045 8016 8016 8032 8032 8032 8032 8000 8000 8046 8046 8016 8016 8045 8045 8017 8017 8033 8033 8047 8047 8019 8019 8048 8048 8049 8049 8047 8047 8018 8018 8030 8030 8044 8044 8034 8034 2404 2404 8050 8050 8035 8035 8033 8033 8002 8002 8040 8040 8034 8034 8051 8051 8041 8041 8026 8026 8040 8040 8041 8041 8052 8052 8027 8027 8036 8036 8053 8053 2403 2403 8052 8052 8042 8042 8027 8027 8042 8042 8054 8054 8036 8036 8004 8004 8055 8055 8035 8035 8020 8020 8018 8018 8056 8056 8020 8020 8055 8055 8004 8004 8048 8048 8057 8057 8049 8049 8058 8058 8049 8049 8057 8057 8037 8037 8059 8059 8006 8006 8059 8059 8038 8038 8006 8006 8021 8021 8060 8060 8037 8037 8008 8008 8039 8039 8022 8022 8051 8051 8034 8034 8050 8050 8050 8050 2404 2404 2399 2399 8022 8022 8061 8061 8021 8021 8062 8062 8040 8040 8051 8051 8041 8041 8040 8040 8063 8063 8052 8052 8041 8041 8064 8064 8053 8053 2400 2400 2403 2403 8036 8036 8065 8065 8053 8053 8042 8042 8052 8052 8066 8066 8054 8054 8042 8042 8066 8066 8067 8067 8036 8036 8054 8054 8039 8039 8023 8023 8024 8024 8024 8024 8025 8025 8068 8068 8017 8017 8069 8069 8028 8028 8029 8029 8028 8028 8070 8070 8043 8043 8029 8029 8071 8071 8014 8014 8043 8043 8044 8044 8038 8038 8072 8072 8031 8031 8000 8000 8031 8031 8046 8046 8051 8051 8050 8050 8073 8073 8050 8050 2399 2399 8074 8074 8032 8032 8075 8075 8045 8045 8063 8063 8040 8040 8062 8062 8073 8073 8062 8062 8051 8051 8064 8064 8041 8041 8063 8063 8064 8064 8076 8076 8052 8052 8053 8053 8077 8077 2400 2400 8065 8065 8036 8036 8078 8078 7814 7814 8053 8053 8065 8065 8066 8066 8052 8052 8076 8076 8067 8067 8054 8054 8066 8066 8078 8078 8036 8036 8067 8067 8046 8046 8075 8075 8032 8032 8069 8069 8017 8017 8045 8045 8048 8048 8047 8047 8033 8033 8044 8044 8056 8056 8018 8018 8033 8033 8035 8035 8079 8079 8055 8055 8080 8080 8035 8035 8056 8056 8055 8055 8020 8020 2397 2397 8074 8074 2399 2399 8081 8081 8057 8057 8048 8048 8074 8074 8073 8073 8050 8050 8082 8082 8058 8058 8057 8057 8062 8062 8083 8083 8063 8063 8062 8062 8073 8073 8084 8084 8064 8064 8063 8063 8083 8083 8076 8076 8064 8064 8085 8085 8053 8053 7814 7814 8077 8077 8077 8077 8086 8086 2400 2400 8087 8087 8065 8065 8078 8078 8065 8065 8088 8088 7814 7814 8066 8066 8076 8076 8089 8089 8067 8067 8066 8066 8089 8089 8078 8078 8067 8067 8090 8090 8038 8038 8091 8091 8072 8072 8059 8059 8037 8037 8060 8060 8059 8059 8091 8091 8038 8038 8021 8021 8092 8092 8060 8060 8061 8061 8092 8092 8021 8021 8039 8039 8061 8061 8022 8022 8074 8074 2397 2397 8093 8093 2397 2397 2392 2392 8094 8094 8073 8073 8074 8074 8095 8095 8024 8024 8068 8068 8039 8039 8083 8083 8062 8062 8084 8084 8096 8096 8084 8084 8073 8073 8085 8085 8064 8064 8083 8083 8089 8089 8076 8076 8085 8085 7805 7805 8077 8077 7814 7814 8086 8086 7806 7806 2400 2400 7805 7805 8086 8086 8077 8077 8087 8087 8078 8078 8090 8090 8088 8088 8065 8065 8087 8087 7821 7821 7814 7814 8088 8088 8089 8089 8090 8090 8067 8067 8071 8071 8029 8029 8070 8070 8028 8028 8069 8069 8070 8070 8071 8071 8097 8097 8043 8043 8043 8043 8098 8098 8044 8044 8099 8099 8031 8031 8072 8072 8094 8094 8093 8093 2397 2397 8093 8093 8095 8095 8074 8074 2391 2391 8094 8094 2392 2392 8095 8095 8096 8096 8073 8073 8031 8031 8099 8099 8046 8046 8083 8083 8084 8084 8100 8100 8084 8084 8096 8096 8101 8101 8085 8085 8083 8083 8102 8102 8085 8085 8103 8103 8089 8089 7806 7806 8086 8086 7805 7805 8104 8104 8087 8087 8090 8090 8088 8088 8087 8087 8105 8105 8088 8088 7827 7827 7821 7821 8090 8090 8089 8089 8103 8103 8075 8075 8106 8106 8045 8045 8107 8107 8075 8075 8046 8046 8045 8045 8106 8106 8069 8069 8079 8079 8048 8048 8033 8033 8056 8056 8044 8044 8098 8098 8093 8093 8094 8094 8108 8108 8095 8095 8093 8093 8109 8109 8094 8094 2391 2391 8110 8110 8096 8096 8095 8095 8111 8111 8080 8080 8079 8079 8035 8035 8100 8100 8084 8084 8112 8112 8100 8100 8102 8102 8083 8083 8101 8101 8096 8096 8111 8111 8101 8101 8112 8112 8084 8084 8102 8102 8113 8113 8085 8085 8103 8103 8085 8085 8114 8114 8104 8104 8105 8105 8087 8087 8115 8115 8104 8104 8090 8090 7827 7827 8088 8088 8105 8105 8090 8090 8103 8103 8116 8116 8056 8056 8080 8080 8055 8055 8117 8117 8118 8118 8048 8048 8118 8118 8081 8081 8048 8048 8082 8082 8119 8119 8058 8058 8081 8081 8082 8082 8057 8057 8120 8120 8093 8093 8108 8108 8108 8108 8094 8094 8121 8121 8109 8109 8093 8093 8120 8120 8122 8122 8095 8095 8109 8109 8094 8094 8110 8110 8121 8121 2391 2391 16 16 8110 8110 8111 8111 8095 8095 8122 8122 8091 8091 8123 8123 8072 8072 8112 8112 8124 8124 8100 8100 8102 8102 8100 8100 8124 8124 8125 8125 8101 8101 8111 8111 8112 8112 8101 8101 8125 8125 8113 8113 8102 8102 8124 8124 8114 8114 8085 8085 8113 8113 8116 8116 8103 8103 8114 8114 8126 8126 8105 8105 8104 8104 8115 8115 8090 8090 8116 8116 8104 8104 8115 8115 8127 8127 8105 8105 8126 8126 7827 7827 8060 8060 8128 8128 8059 8059 8059 8059 8129 8129 8091 8091 8092 8092 8128 8128 8060 8060 8061 8061 8130 8130 8092 8092 8039 8039 8130 8130 8061 8061 8120 8120 8108 8108 8131 8131 8108 8108 8121 8121 8131 8131 8132 8132 8109 8109 8120 8120 8122 8122 8109 8109 8132 8132 8121 8121 8110 8110 8133 8133 2388 2388 8110 8110 16 16 8132 8132 8111 8111 8122 8122 8068 8068 8134 8134 8039 8039 8124 8124 8112 8112 8135 8135 8132 8132 8125 8125 8111 8111 8112 8112 8125 8125 8136 8136 8113 8113 8124 8124 8137 8137 8114 8114 8113 8113 8138 8138 8116 8116 8114 8114 8139 8139 8126 8126 8104 8104 8127 8127 8115 8115 8116 8116 8139 8139 8127 8127 8115 8115 8140 8140 8141 8141 7827 7827 8126 8126 8071 8071 8070 8070 8097 8097 8069 8069 8142 8142 8070 8070 8097 8097 8143 8143 8043 8043 8098 8098 8043 8043 8143 8143 8072 8072 8123 8123 8144 8144 8131 8131 8145 8145 8120 8120 8131 8131 8121 8121 8146 8146 8132 8132 8120 8120 8145 8145 8133 8133 8146 8146 8121 8121 8110 8110 8147 8147 8133 8133 8110 8110 2388 2388 8147 8147 8099 8099 8072 8072 8144 8144 8137 8137 8124 8124 8135 8135 8135 8135 8112 8112 8136 8136 8125 8125 8132 8132 8148 8148 8136 8136 8125 8125 8149 8149 8138 8138 8113 8113 8137 8137 8138 8138 8150 8150 8114 8114 8139 8139 8114 8114 8150 8150 8127 8127 8151 8151 8126 8126 8139 8139 8152 8152 8115 8115 8151 8151 8127 8127 8140 8140 8140 8140 8115 8115 8152 8152 7836 7836 7827 7827 8141 8141 8141 8141 8126 8126 7864 7864 8107 8107 8046 8046 8099 8099 8075 8075 8107 8107 8106 8106 8142 8142 8069 8069 8106 8106 8119 8119 8153 8153 8058 8058 8048 8048 8079 8079 8117 8117 8154 8154 8145 8145 8131 8131 8131 8131 8146 8146 8155 8155 8145 8145 8156 8156 8132 8132 8146 8146 8133 8133 8157 8157 8133 8133 8147 8147 8158 8158 2388 2388 2333 2333 8147 8147 8056 8056 8098 8098 8159 8159 8135 8135 8160 8160 8137 8137 8135 8135 8136 8136 8160 8160 8149 8149 8125 8125 8148 8148 8148 8148 8132 8132 8156 8156 8136 8136 8149 8149 8161 8161 8137 8137 8162 8162 8138 8138 8150 8150 8138 8138 8163 8163 8139 8139 8150 8150 8163 8163 8151 8151 7864 7864 8126 8126 8152 8152 8139 8139 8163 8163 8140 8140 7889 7889 8151 8151 8152 8152 8164 8164 8140 8140 7864 7864 7836 7836 8141 8141 8079 8079 8080 8080 8165 8165 8056 8056 8166 8166 8080 8080 8117 8117 8081 8081 8118 8118 8082 8082 8081 8081 8119 8119 8123 8123 8091 8091 8129 8129 8129 8129 8059 8059 8128 8128 8155 8155 8154 8154 8131 8131 8156 8156 8145 8145 8154 8154 8155 8155 8146 8146 8167 8167 8133 8133 8158 8158 8157 8157 8167 8167 8146 8146 8157 8157 2388 2388 2385 2385 2333 2333 8137 8137 8160 8160 8168 8168 8161 8161 8160 8160 8136 8136 8149 8149 8148 8148 8169 8169 8170 8170 8148 8148 8156 8156 8161 8161 8149 8149 8169 8169 8168 8168 8162 8162 8137 8137 8163 8163 8138 8138 8162 8162 7889 7889 7864 7864 8151 8151 8152 8152 8163 8163 8171 8171 7889 7889 8140 8140 7909 7909 8172 8172 8140 8140 8164 8164 8164 8164 8152 8152 8173 8173 8092 8092 8174 8174 8128 8128 8174 8174 8092 8092 8130 8130 8039 8039 8134 8134 8130 8130 8070 8070 8175 8175 8097 8097 8142 8142 8175 8175 8070 8070 8154 8154 8155 8155 8176 8176 8154 8154 8170 8170 8156 8156 8167 8167 8176 8176 8155 8155 8157 8157 8158 8158 8177 8177 8167 8167 8157 8157 8178 8178 8161 8161 8168 8168 8160 8160 8148 8148 8170 8170 8169 8169 8161 8161 8169 8169 8179 8179 8162 8162 8168 8168 8180 8180 8163 8163 8162 8162 8181 8181 8171 8171 8163 8163 8182 8182 8173 8173 8152 8152 8171 8171 7909 7909 8140 8140 8172 8172 8172 8172 8164 8164 8183 8183 8183 8183 8164 8164 8173 8173 8097 8097 8184 8184 8143 8143 8098 8098 8143 8143 8185 8185 8123 8123 8186 8186 8144 8144 8099 8099 8144 8144 8187 8187 8154 8154 8176 8176 8188 8188 8170 8170 8154 8154 8189 8189 8176 8176 8167 8167 8178 8178 8177 8177 8178 8178 8157 8157 8168 8168 8161 8161 8190 8190 8169 8169 8170 8170 8191 8191 8179 8179 8169 8169 8191 8191 8161 8161 8179 8179 8192 8192 8181 8181 8162 8162 8180 8180 8180 8180 8168 8168 8193 8193 8182 8182 8163 8163 8181 8181 8182 8182 7948 7948 8171 8171 8171 8171 8194 8194 8173 8173 7909 7909 8172 8172 7927 7927 7927 7927 8172 8172 8183 8183 8183 8183 8173 8173 8194 8194 8099 8099 8187 8187 8107 8107 8178 8178 8188 8188 8176 8176 8189 8189 8154 8154 8188 8188 8189 8189 8191 8191 8170 8170 8178 8178 8177 8177 8195 8195 8192 8192 8190 8190 8161 8161 8193 8193 8168 8168 8190 8190 8196 8196 8179 8179 8191 8191 8179 8179 8196 8196 8192 8192 8181 8181 8180 8180 8197 8197 8197 8197 8180 8180 8193 8193 8181 8181 8198 8198 8182 8182 7948 7948 8182 8182 8198 8198 8194 8194 8171 8171 7948 7948 7927 7927 8183 8183 7938 7938 8194 8194 7938 7938 8183 8183 8188 8188 8178 8178 8199 8199 8188 8188 8196 8196 8189 8189 8191 8191 8189 8189 8196 8196 8195 8195 8199 8199 8178 8178 8200 8200 8190 8190 8192 8192 8193 8193 8190 8190 8201 8201 8192 8192 8196 8196 8202 8202 8203 8203 8181 8181 8197 8197 8201 8201 8197 8197 8193 8193 8198 8198 8181 8181 8203 8203 8198 8198 7953 7953 7948 7948 7938 7938 8194 8194 7948 7948 8199 8199 8204 8204 8188 8188 8202 8202 8196 8196 8188 8188 8205 8205 8199 8199 8195 8195 8206 8206 8200 8200 8192 8192 8200 8200 8207 8207 8190 8190 8201 8201 8190 8190 8207 8207 8192 8192 8202 8202 8208 8208 8203 8203 8197 8197 7964 7964 8201 8201 8209 8209 8197 8197 8198 8198 8203 8203 7964 7964 7953 7953 8198 8198 7964 7964 8204 8204 8199 8199 8205 8205 8204 8204 8202 8202 8188 8188 8205 8205 8195 8195 8210 8210 8200 8200 8206 8206 8211 8211 8206 8206 8192 8192 8208 8208 8207 8207 8200 8200 8212 8212 8201 8201 8207 8207 8213 8213 8202 8202 8204 8204 8208 8208 7964 7964 8197 8197 8209 8209 8209 8209 8201 8201 8214 8214 8204 8204 8205 8205 8215 8215 8210 8210 8215 8215 8205 8205 8216 8216 8211 8211 8206 8206 8200 8200 8211 8211 8217 8217 8215 8215 8206 8206 8208 8208 8212 8212 8200 8200 8218 8218 8213 8213 8207 8207 8212 8212 8201 8201 8213 8213 8214 8214 8208 8208 8204 8204 8215 8215 7964 7964 8209 8209 7974 7974 7974 7974 8209 8209 8214 8214 8215 8215 8210 8210 8216 8216 8206 8206 8215 8215 8216 8216 8211 8211 8216 8216 8219 8219 8217 8217 8218 8218 8200 8200 8219 8219 8217 8217 8211 8211 8212 8212 8218 8218 8220 8220 8213 8213 8212 8212 8220 8220 8214 8214 8213 8213 8221 8221 7974 7974 8214 8214 8222 8222 8218 8218 8217 8217 8223 8223 8219 8219 8223 8223 8217 8217 8220 8220 8218 8218 8224 8224 8213 8213 8220 8220 8221 8221 8221 8221 8222 8222 8214 8214 8223 8223 8224 8224 8218 8218 8223 8223 8219 8219 8225 8225 8220 8220 8224 8224 8226 8226 8227 8227 8221 8221 8220 8220 8224 8224 8223 8223 8226 8226 8226 8226 8223 8223 8225 8225 8226 8226 8227 8227 8220 8220 8107 8107 8228 8228 8106 8106 8106 8106 8228 8228 8142 8142 8159 8159 8098 8098 8185 8185 8119 8119 8229 8229 8153 8153 8229 8229 8230 8230 8153 8153 8231 8231 8232 8232 8230 8230 8165 8165 8117 8117 8079 8079 8159 8159 8166 8166 8056 8056 8166 8166 8165 8165 8080 8080 8117 8117 8233 8233 8081 8081 8233 8233 8119 8119 8081 8081 8123 8123 8129 8129 8234 8234 8128 8128 8235 8235 8129 8129 8174 8174 8235 8235 8128 8128 8130 8130 8236 8236 8174 8174 8134 8134 8236 8236 8130 8130 8097 8097 8175 8175 8184 8184 8142 8142 8237 8237 8175 8175 8184 8184 8185 8185 8143 8143 8123 8123 8234 8234 8186 8186 8238 8238 8144 8144 8186 8186 8238 8238 8187 8187 8144 8144 8239 8239 8107 8107 8187 8187 8107 8107 8239 8239 8228 8228 8228 8228 8237 8237 8142 8142 8185 8185 8240 8240 8159 8159 8241 8241 8229 8229 8119 8119 8231 8231 8242 8242 8232 8232 8231 8231 8230 8230 8229 8229 8243 8243 8241 8241 8119 8119 8165 8165 8244 8244 8117 8117 8166 8166 8159 8159 8240 8240 8166 8166 8245 8245 8165 8165 8246 8246 8233 8233 8117 8117 8233 8233 8243 8243 8119 8119 8129 8129 8235 8235 8234 8234 8174 8174 8247 8247 8235 8235 8174 8174 8236 8236 8247 8247 2382 2382 8248 8248 2379 2379 8134 8134 8249 8249 8236 8236 8134 8134 8250 8250 8249 8249 8175 8175 8237 8237 8184 8184 8185 8185 8184 8184 8251 8251 8234 8234 8252 8252 8186 8186 8186 8186 8253 8253 8238 8238 8239 8239 8187 8187 8238 8238 8254 8254 8228 8228 8239 8239 8228 8228 8254 8254 8237 8237 8248 8248 2382 2382 6801 6801 8248 8248 2377 2377 2379 2379 8255 8255 8240 8240 8185 8185 8232 8232 8242 8242 8256 8256 8229 8229 8241 8241 8257 8257 8258 8258 8242 8242 8231 8231 8231 8231 8229 8229 8259 8259 8258 8258 8260 8260 8242 8242 8243 8243 8257 8257 8241 8241 8244 8244 8246 8246 8117 8117 8245 8245 8244 8244 8165 8165 8240 8240 8245 8245 8166 8166 6801 6801 8261 8261 8248 8248 8248 8248 8262 8262 2377 2377 8246 8246 8243 8243 8233 8233 8234 8234 8235 8235 8263 8263 8247 8247 8263 8263 8235 8235 8236 8236 8264 8264 8247 8247 8234 8234 8265 8265 8252 8252 8250 8250 8266 8266 8249 8249 8264 8264 8236 8236 8249 8249 8266 8266 8250 8250 8267 8267 8250 8250 8268 8268 8267 8267 8261 8261 8262 8262 8248 8248 8269 8269 2377 2377 8262 8262 2372 2372 2377 2377 8269 8269 8270 8270 8250 8250 8134 8134 8184 8184 8237 8237 8251 8251 8251 8251 8255 8255 8185 8185 8253 8253 8186 8186 8252 8252 8253 8253 8271 8271 8238 8238 8272 8272 8239 8239 8238 8238 8239 8239 8272 8272 8254 8254 8254 8254 8273 8273 8237 8237 8255 8255 8274 8274 8240 8240 8242 8242 8260 8260 8256 8256 8261 8261 8275 8275 8262 8262 8262 8262 8276 8276 8269 8269 8269 8269 8277 8277 2372 2372 8257 8257 8259 8259 8229 8229 8259 8259 8258 8258 8231 8231 8278 8278 8260 8260 8258 8258 8243 8243 8279 8279 8257 8257 8245 8245 8246 8246 8244 8244 8240 8240 8280 8280 8245 8245 8281 8281 8243 8243 8246 8246 8282 8282 8252 8252 8265 8265 8263 8263 8283 8283 8234 8234 8284 8284 8262 8262 8275 8275 8276 8276 8262 8262 8284 8284 8276 8276 8277 8277 8269 8269 8277 8277 2370 2370 2372 2372 8247 8247 8285 8285 8263 8263 8264 8264 8285 8285 8247 8247 8234 8234 8283 8283 8265 8265 8264 8264 8249 8249 8266 8266 8286 8286 8267 8267 8268 8268 8267 8267 8286 8286 8266 8266 8268 8268 8250 8250 8287 8287 8270 8270 8288 8288 8250 8250 8251 8251 8237 8237 8289 8289 8290 8290 8255 8255 8251 8251 8276 8276 8284 8284 8291 8291 8292 8292 8277 8277 8276 8276 2367 2367 2370 2370 8277 8277 8274 8274 8255 8255 8290 8290 8271 8271 8253 8253 8252 8252 8252 8252 8282 8282 8293 8293 8238 8238 8271 8271 8272 8272 8273 8273 8254 8254 8272 8272 8273 8273 8289 8289 8237 8237 8280 8280 8240 8240 8274 8274 8260 8260 8294 8294 8256 8256 8279 8279 8259 8259 8257 8257 8258 8258 8259 8259 8295 8295 8258 8258 8295 8295 8278 8278 8291 8291 8284 8284 8296 8296 8297 8297 8276 8276 8291 8291 8277 8277 8292 8292 2367 2367 8276 8276 8298 8298 8292 8292 2367 2367 2364 2364 2366 2366 8278 8278 8299 8299 8260 8260 8281 8281 8279 8279 8243 8243 8246 8246 8245 8245 8280 8280 8281 8281 8246 8246 8300 8300 8301 8301 8282 8282 8265 8265 8263 8263 8285 8285 8283 8283 8264 8264 8302 8302 8285 8285 8283 8283 8303 8303 8265 8265 8264 8264 8266 8266 8302 8302 8304 8304 8291 8291 8296 8296 8297 8297 8291 8291 8304 8304 8305 8305 8276 8276 8297 8297 8298 8298 2367 2367 8292 8292 8276 8276 8306 8306 8298 8298 2367 2367 8307 8307 2364 2364 2360 2360 2364 2364 8307 8307 8268 8268 8308 8308 8286 8286 8309 8309 8266 8266 8286 8286 8287 8287 8310 8310 8268 8268 8250 8250 8288 8288 8287 8287 8270 8270 8311 8311 8288 8288 8289 8289 8312 8312 8251 8251 8251 8251 8312 8312 8290 8290 8290 8290 8313 8313 8274 8274 8252 8252 8293 8293 8271 8271 8304 8304 8305 8305 8297 8297 8306 8306 8276 8276 8305 8305 8307 8307 2367 2367 8298 8298 8306 8306 8314 8314 8298 8298 2360 2360 8307 8307 8315 8315 8282 8282 8301 8301 8293 8293 8316 8316 8272 8272 8271 8271 8272 8272 8316 8316 8273 8273 8273 8273 8317 8317 8289 8289 8274 8274 8313 8313 8280 8280 8318 8318 8319 8319 8294 8294 8260 8260 8299 8299 8294 8294 8279 8279 8295 8295 8259 8259 8295 8295 8299 8299 8278 8278 8304 8304 8320 8320 8305 8305 8321 8321 8306 8306 8305 8305 8298 8298 8314 8314 8307 8307 8315 8315 8314 8314 8306 8306 8315 8315 8307 8307 8314 8314 2359 2359 2360 2360 8315 8315 8322 8322 8279 8279 8281 8281 8246 8246 8280 8280 8300 8300 8322 8322 8281 8281 8300 8300 8323 8323 8324 8324 8319 8319 8325 8325 8265 8265 8303 8303 8265 8265 8325 8325 8301 8301 8283 8283 8285 8285 8302 8302 8303 8303 8283 8283 8326 8326 8266 8266 8309 8309 8302 8302 8304 8304 8327 8327 8320 8320 8321 8321 8305 8305 8320 8320 8321 8321 8328 8328 8306 8306 8306 8306 8329 8329 8315 8315 8330 8330 2359 2359 8315 8315 2359 2359 2352 2352 2353 2353 8268 8268 8310 8310 8308 8308 8286 8286 8308 8308 8309 8309 8287 8287 8331 8331 8310 8310 8331 8331 8287 8287 8288 8288 8288 8288 8311 8311 8332 8332 8312 8312 8289 8289 8333 8333 8312 8312 8313 8313 8290 8290 8334 8334 8271 8271 8293 8293 8327 8327 8335 8335 8320 8320 8335 8335 8321 8321 8320 8320 8328 8328 8321 8321 8335 8335 8328 8328 8336 8336 8306 8306 8336 8336 8329 8329 8306 8306 8337 8337 8315 8315 8329 8329 2359 2359 8330 8330 2352 2352 8315 8315 8338 8338 8330 8330 8293 8293 8301 8301 8334 8334 8271 8271 8339 8339 8316 8316 8317 8317 8273 8273 8316 8316 8317 8317 8333 8333 8289 8289 8313 8313 8340 8340 8280 8280 8323 8323 8319 8319 8318 8318 8299 8299 8318 8318 8294 8294 8341 8341 8295 8295 8279 8279 8342 8342 8299 8299 8295 8295 8322 8322 8343 8343 8279 8279 8335 8335 8327 8327 8344 8344 8335 8335 8345 8345 8328 8328 8336 8336 8328 8328 8346 8346 8336 8336 8347 8347 8329 8329 8338 8338 8315 8315 8337 8337 8337 8337 8329 8329 8348 8348 2349 2349 2352 2352 8330 8330 8349 8349 8330 8330 8338 8338 8340 8340 8350 8350 8280 8280 8350 8350 8300 8300 8280 8280 8322 8322 8300 8300 8351 8351 8323 8323 8352 8352 8324 8324 8325 8325 8303 8303 8326 8326 8325 8325 8353 8353 8301 8301 8302 8302 8326 8326 8283 8283 8302 8302 8309 8309 8354 8354 8308 8308 8310 8310 8355 8355 8356 8356 8335 8335 8344 8344 8345 8345 8335 8335 8356 8356 8346 8346 8328 8328 8345 8345 8347 8347 8336 8336 8346 8346 8348 8348 8329 8329 8347 8347 8349 8349 8338 8338 8337 8337 8357 8357 8337 8337 8348 8348 8358 8358 2349 2349 8330 8330 8358 8358 8330 8330 8349 8349 8308 8308 8359 8359 8309 8309 8331 8331 8355 8355 8310 8310 8288 8288 8332 8332 8331 8331 8332 8332 8311 8311 8360 8360 8312 8312 8333 8333 8361 8361 8312 8312 8362 8362 8313 8313 8301 8301 8353 8353 8363 8363 8271 8271 8334 8334 8339 8339 8363 8363 8334 8334 8301 8301 8356 8356 8344 8344 8364 8364 8346 8346 8345 8345 8356 8356 8346 8346 8365 8365 8347 8347 8347 8347 8366 8366 8348 8348 8337 8337 8367 8367 8349 8349 8357 8357 8348 8348 8368 8368 8367 8367 8337 8337 8357 8357 2349 2349 8358 8358 8369 8369 8349 8349 8370 8370 8358 8358 8316 8316 8339 8339 8317 8317 8317 8317 8361 8361 8333 8333 8340 8340 8313 8313 8362 8362 8371 8371 8323 8323 8318 8318 8342 8342 8318 8318 8299 8299 8343 8343 8341 8341 8279 8279 8341 8341 8342 8342 8295 8295 8372 8372 8343 8343 8322 8322 8373 8373 8356 8356 8364 8364 8356 8356 8373 8373 8346 8346 8374 8374 8365 8365 8346 8346 8365 8365 8366 8366 8347 8347 8368 8368 8348 8348 8366 8366 8349 8349 8367 8367 8375 8375 8376 8376 8357 8357 8368 8368 8375 8375 8367 8367 8357 8357 8369 8369 8358 8358 8377 8377 2349 2349 8369 8369 2345 2345 8370 8370 8349 8349 8378 8378 8379 8379 8358 8358 8370 8370 8351 8351 8372 8372 8322 8322 8340 8340 8380 8380 8350 8350 8350 8350 8351 8351 8300 8300 8381 8381 8323 8323 8371 8371 8381 8381 8382 8382 8323 8323 8382 8382 8352 8352 8323 8323 8353 8353 8325 8325 8326 8326 8302 8302 8354 8354 8326 8326 8309 8309 8359 8359 8354 8354 8364 8364 8383 8383 8373 8373 8373 8373 8374 8374 8346 8346 8384 8384 8365 8365 8374 8374 8365 8365 8384 8384 8366 8366 8368 8368 8366 8366 8385 8385 8378 8378 8349 8349 8375 8375 8368 8368 8385 8385 8376 8376 8375 8375 8357 8357 8376 8376 8377 8377 8358 8358 8379 8379 8369 8369 8377 8377 2343 2343 2343 2343 2345 2345 8369 8369 8386 8386 8370 8370 8378 8378 8379 8379 8370 8370 8386 8386 8359 8359 8308 8308 8355 8355 8331 8331 8387 8387 8355 8355 8331 8331 8332 8332 8388 8388 8360 8360 8389 8389 8332 8332 8361 8361 8362 8362 8312 8312 8390 8390 8363 8363 8353 8353 8334 8334 8363 8363 8339 8339 8361 8361 8317 8317 8339 8339 8374 8374 8373 8373 8383 8383 8374 8374 8391 8391 8384 8384 8391 8391 8366 8366 8384 8384 8385 8385 8366 8366 8391 8391 8376 8376 8378 8378 8375 8375 8376 8376 8385 8385 8391 8391 8377 8377 8379 8379 8392 8392 8393 8393 2343 2343 8377 8377 8353 8353 8394 8394 8390 8390 8395 8395 8386 8386 8378 8378 8392 8392 8379 8379 8386 8386 8362 8362 8396 8396 8340 8340 8342 8342 8371 8371 8318 8318 8343 8343 8342 8342 8341 8341 8372 8372 8397 8397 8343 8343 8380 8380 8340 8340 8396 8396 8351 8351 8397 8397 8372 8372 8351 8351 8350 8350 8380 8380 8398 8398 8381 8381 8371 8371 8399 8399 8391 8391 8374 8374 8400 8400 8378 8378 8376 8376 8391 8391 8400 8400 8376 8376 8401 8401 8377 8377 8392 8392 8393 8393 8377 8377 8401 8401 8402 8402 2343 2343 8393 8393 8403 8403 8382 8382 8381 8381 8386 8386 8395 8395 8404 8404 8395 8395 8378 8378 8400 8400 8405 8405 8392 8392 8386 8386 8406 8406 8382 8382 8403 8403 8407 8407 8352 8352 8382 8382 8326 8326 8408 8408 8353 8353 8354 8354 8409 8409 8326 8326 8394 8394 8353 8353 8408 8408 8409 8409 8354 8354 8359 8359 8355 8355 8410 8410 8359 8359 8411 8411 8391 8391 8399 8399 8400 8400 8391 8391 8411 8411 8392 8392 8405 8405 8401 8401 8401 8401 8412 8412 8393 8393 8402 8402 2338 2338 2343 2343 8413 8413 8402 8402 8393 8393 8410 8410 8355 8355 8387 8387 8414 8414 8386 8386 8404 8404 8404 8404 8395 8395 8415 8415 8400 8400 8415 8415 8395 8395 8405 8405 8386 8386 8414 8414 8331 8331 8388 8388 8387 8387 8332 8332 8389 8389 8388 8388 8360 8360 8416 8416 8389 8389 8362 8362 8361 8361 8417 8417 8418 8418 8363 8363 8390 8390 8363 8363 8418 8418 8339 8339 8339 8339 8417 8417 8361 8361 8419 8419 8400 8400 8411 8411 8420 8420 8401 8401 8405 8405 8412 8412 8421 8421 8393 8393 8412 8412 8401 8401 8422 8422 8423 8423 2338 2338 8402 8402 8421 8421 8413 8413 8393 8393 8424 8424 8402 8402 8413 8413 8425 8425 8390 8390 8394 8394 8414 8414 8404 8404 8426 8426 8404 8404 8415 8415 8419 8419 8419 8419 8415 8415 8400 8400 8427 8427 8405 8405 8414 8414 8396 8396 8362 8362 8428 8428 8398 8398 8371 8371 8342 8342 8397 8397 8342 8342 8343 8343 8380 8380 8396 8396 8429 8429 8380 8380 8397 8397 8351 8351 8398 8398 8403 8403 8381 8381 8430 8430 8406 8406 8403 8403 8405 8405 8422 8422 8420 8420 8422 8422 8401 8401 8420 8420 8431 8431 8421 8421 8412 8412 8432 8432 8412 8412 8422 8422 8402 8402 8424 8424 8423 8423 2336 2336 2338 2338 8423 8423 8431 8431 8413 8413 8421 8421 8433 8433 8424 8424 8413 8413 8406 8406 8407 8407 8382 8382 8419 8419 8426 8426 8404 8404 8426 8426 8434 8434 8414 8414 8427 8427 8414 8414 8434 8434 8422 8422 8405 8405 8427 8427 8435 8435 8352 8352 8407 8407 8435 8435 8436 8436 8352 8352 8326 8326 8409 8409 8408 8408 8394 8394 8408 8408 8437 8437 8412 8412 8438 8438 8431 8431 8438 8438 8412 8412 8432 8432 8422 8422 8439 8439 8432 8432 8423 8423 8424 8424 8433 8433 8440 8440 2336 2336 8423 8423 8441 8441 8394 8394 8437 8437 8433 8433 8413 8413 8431 8431 8359 8359 8442 8442 8409 8409 8426 8426 8443 8443 8434 8434 8443 8443 8427 8427 8434 8434 8444 8444 8422 8422 8427 8427 8442 8442 8359 8359 8410 8410 8445 8445 8410 8410 8387 8387 8446 8446 8431 8431 8438 8438 8447 8447 8438 8438 8432 8432 8439 8439 8422 8422 8448 8448 8447 8447 8432 8432 8439 8439 8449 8449 8423 8423 8433 8433 2336 2336 8440 8440 2333 2333 8449 8449 8440 8440 8423 8423 8387 8387 8388 8388 8450 8450 8451 8451 8433 8433 8431 8431 8443 8443 8426 8426 8452 8452 8427 8427 8443 8443 8453 8453 8427 8427 8454 8454 8444 8444 8448 8448 8422 8422 8444 8444 8446 8446 8438 8438 8447 8447 8451 8451 8431 8431 8446 8446 8448 8448 8455 8455 8439 8439 8447 8447 8439 8439 8455 8455 8451 8451 8449 8449 8433 8433 8440 8440 8147 8147 2333 2333 8147 8147 8440 8440 8449 8449 8452 8452 8456 8456 8443 8443 8453 8453 8443 8443 8456 8456 8454 8454 8427 8427 8453 8453 8454 8454 8457 8457 8444 8444 8457 8457 8448 8448 8444 8444 8446 8446 8447 8447 8458 8458 8158 8158 8451 8451 8446 8446 8455 8455 8448 8448 8459 8459 8458 8458 8447 8447 8455 8455 8147 8147 8449 8449 8451 8451 8460 8460 8453 8453 8456 8456 8453 8453 8460 8460 8454 8454 8454 8454 8461 8461 8457 8457 8459 8459 8448 8448 8457 8457 8462 8462 8446 8446 8458 8458 8451 8451 8158 8158 8147 8147 8177 8177 8158 8158 8446 8446 8459 8459 8463 8463 8455 8455 8458 8458 8455 8455 8463 8463 8464 8464 8454 8454 8460 8460 8465 8465 8457 8457 8461 8461 8461 8461 8454 8454 8464 8464 8459 8459 8457 8457 8465 8465 8177 8177 8446 8446 8462 8462 8458 8458 8466 8466 8462 8462 8463 8463 8459 8459 8467 8467 8466 8466 8458 8458 8463 8463 8460 8460 8468 8468 8464 8464 8465 8465 8461 8461 8469 8469 8469 8469 8461 8461 8464 8464 8467 8467 8459 8459 8465 8465 8177 8177 8462 8462 8466 8466 8470 8470 8463 8463 8467 8467 8463 8463 8471 8471 8466 8466 8469 8469 8464 8464 8468 8468 8469 8469 8472 8472 8465 8465 8467 8467 8465 8465 8472 8472 8466 8466 8473 8473 8177 8177 8471 8471 8463 8463 8470 8470 8474 8474 8466 8466 8471 8471 8475 8475 8469 8469 8468 8468 8472 8472 8469 8469 8476 8476 8467 8467 8472 8472 8476 8476 8474 8474 8473 8473 8466 8466 8195 8195 8177 8177 8473 8473 8474 8474 8471 8471 8470 8470 8475 8475 8468 8468 8477 8477 8476 8476 8469 8469 8475 8475 8474 8474 8210 8210 8473 8473 8210 8210 8195 8195 8473 8473 8476 8476 8475 8475 8477 8477 8478 8478 8479 8479 8480 8480 8479 8479 8478 8478 8481 8481 8478 8478 8480 8480 8482 8482 8483 8483 8479 8479 8481 8481 8481 8481 8478 8478 8484 8484 8480 8480 8485 8485 8482 8482 8478 8478 8482 8482 8484 8484 8483 8483 8481 8481 8484 8484 8482 8482 8485 8485 8486 8486 8484 8484 8482 8482 8487 8487 8484 8484 8488 8488 8483 8483 8486 8486 8485 8485 8489 8489 8482 8482 8486 8486 8490 8490 8487 8487 8491 8491 8484 8484 8490 8490 8487 8487 8482 8482 8488 8488 8484 8484 8491 8491 8492 8492 8486 8486 8489 8489 8493 8493 8490 8490 8486 8486 8491 8491 8487 8487 8494 8494 8487 8487 8490 8490 8495 8495 8488 8488 8491 8491 6576 6576 8496 8496 8492 8492 8489 8489 8486 8486 8492 8492 8493 8493 8490 8490 8493 8493 8495 8495 8487 8487 8495 8495 8494 8494 8494 8494 8497 8497 8491 8491 6576 6576 8498 8498 8488 8488 6576 6576 8491 8491 8497 8497 8499 8499 8496 8496 8489 8489 8492 8492 8496 8496 8493 8493 8495 8495 8493 8493 8500 8500 8494 8494 8495 8495 8501 8501 8497 8497 8494 8494 8502 8502 6576 6576 6594 6594 8498 8498 8497 8497 8503 8503 6576 6576 8496 8496 8499 8499 8493 8493 8493 8493 8504 8504 8500 8500 8495 8495 8500 8500 8505 8505 8505 8505 8501 8501 8495 8495 8501 8501 8506 8506 8494 8494 8502 8502 8494 8494 8506 8506 8497 8497 8502 8502 8507 8507 8508 8508 8498 8498 6594 6594 8503 8503 8497 8497 8507 8507 8503 8503 6277 6277 6576 6576 8493 8493 8499 8499 8504 8504 8509 8509 8500 8500 8504 8504 8505 8505 8500 8500 8510 8510 8501 8501 8505 8505 8511 8511 8506 8506 8501 8501 8512 8512 8506 8506 8513 8513 8502 8502 8507 8507 8502 8502 8513 8513 6601 6601 8508 8508 6594 6594 8514 8514 8498 8498 8508 8508 8503 8503 8507 8507 8515 8515 6277 6277 8503 8503 8516 8516 8499 8499 8517 8517 8504 8504 8518 8518 8509 8509 8504 8504 8500 8500 8509 8509 8510 8510 8510 8510 8511 8511 8505 8505 8501 8501 8511 8511 8519 8519 8512 8512 8501 8501 8519 8519 8506 8506 8512 8512 8513 8513 8513 8513 8515 8515 8507 8507 8514 8514 8508 8508 6601 6601 8503 8503 8515 8515 8516 8516 8516 8516 6275 6275 6277 6277 8520 8520 8504 8504 8517 8517 8518 8518 8504 8504 8520 8520 8509 8509 8518 8518 8521 8521 8509 8509 8521 8521 8510 8510 8510 8510 8522 8522 8511 8511 8523 8523 8519 8519 8511 8511 8512 8512 8519 8519 8524 8524 8513 8513 8512 8512 8525 8525 8515 8515 8513 8513 8526 8526 8516 8516 8515 8515 8527 8527 6275 6275 8516 8516 8527 8527 8517 8517 8528 8528 8520 8520 8520 8520 8529 8529 8518 8518 8521 8521 8518 8518 8530 8530 8510 8510 8521 8521 8531 8531 8510 8510 8531 8531 8522 8522 8511 8511 8522 8522 8523 8523 8519 8519 8523 8523 8532 8532 8524 8524 8519 8519 8532 8532 8524 8524 8525 8525 8512 8512 8525 8525 8526 8526 8513 8513 8527 8527 8515 8515 8526 8526 6275 6275 8527 8527 6161 6161 8517 8517 8533 8533 8528 8528 8528 8528 8534 8534 8520 8520 8520 8520 8534 8534 8529 8529 8518 8518 8529 8529 8530 8530 8535 8535 8521 8521 8530 8530 8521 8521 8535 8535 8531 8531 8522 8522 8531 8531 8536 8536 8537 8537 8523 8523 8522 8522 8532 8532 8523 8523 8538 8538 8524 8524 8532 8532 8539 8539 8525 8525 8524 8524 8540 8540 8526 8526 8525 8525 8541 8541 8527 8527 8526 8526 6161 6161 8534 8534 8528 8528 8533 8533 8529 8529 8534 8534 8542 8542 8543 8543 8530 8530 8529 8529 8530 8530 8543 8543 8535 8535 8531 8531 8535 8535 8544 8544 8531 8531 8544 8544 8536 8536 8536 8536 8545 8545 8522 8522 8523 8523 8537 8537 8538 8538 8545 8545 8537 8537 8522 8522 8532 8532 8538 8538 8546 8546 8539 8539 8532 8532 8546 8546 8539 8539 8540 8540 8524 8524 8541 8541 8525 8525 8540 8540 6161 6161 8526 8526 8541 8541 8533 8533 8547 8547 8534 8534 8529 8529 8542 8542 8548 8548 8534 8534 8549 8549 8542 8542 8543 8543 8529 8529 8548 8548 8543 8543 8550 8550 8535 8535 8551 8551 8544 8544 8535 8535 8536 8536 8544 8544 8552 8552 8545 8545 8536 8536 8552 8552 8553 8553 8538 8538 8537 8537 8537 8537 8545 8545 8553 8553 8546 8546 8538 8538 8554 8554 8555 8555 8539 8539 8546 8546 8540 8540 8539 8539 8556 8556 8541 8541 8540 8540 8557 8557 6161 6161 8541 8541 6147 6147 8533 8533 8558 8558 8547 8547 8547 8547 8549 8549 8534 8534 8559 8559 8548 8548 8542 8542 8542 8542 8549 8549 8560 8560 8550 8550 8543 8543 8548 8548 8535 8535 8550 8550 8561 8561 8535 8535 8561 8561 8551 8551 8544 8544 8551 8551 8552 8552 8552 8552 8562 8562 8545 8545 8538 8538 8553 8553 8554 8554 8545 8545 8562 8562 8553 8553 8546 8546 8554 8554 8555 8555 8539 8539 8555 8555 8563 8563 8539 8539 8563 8563 8556 8556 8556 8556 8557 8557 8540 8540 8557 8557 6147 6147 8541 8541 8549 8549 8547 8547 8558 8558 8559 8559 8542 8542 8560 8560 8548 8548 8559 8559 8550 8550 8549 8549 8564 8564 8560 8560 8565 8565 8561 8561 8550 8550 8551 8551 8561 8561 8566 8566 8552 8552 8551 8551 8567 8567 8562 8562 8552 8552 8567 8567 8554 8554 8553 8553 8568 8568 8553 8553 8562 8562 8569 8569 8554 8554 8568 8568 8555 8555 8570 8570 8563 8563 8555 8555 8556 8556 8563 8563 8571 8571 8557 8557 8556 8556 6796 6796 8557 8557 6138 6138 6147 6147 8558 8558 8572 8572 8549 8549 8560 8560 8573 8573 8559 8559 8550 8550 8559 8559 8565 8565 8549 8549 8574 8574 8564 8564 8560 8560 8564 8564 8573 8573 8575 8575 8561 8561 8565 8565 8566 8566 8561 8561 8575 8575 8567 8567 8551 8551 8566 8566 8569 8569 8562 8562 8567 8567 8553 8553 8569 8569 8568 8568 8555 8555 8568 8568 8576 8576 8555 8555 8576 8576 8570 8570 8563 8563 8570 8570 8577 8577 8563 8563 8577 8577 8571 8571 8571 8571 6796 6796 8556 8556 6131 6131 8557 8557 6796 6796 6138 6138 8557 8557 6131 6131 8572 8572 8574 8574 8549 8549 8559 8559 8573 8573 8578 8578 8559 8559 8578 8578 8565 8565 8574 8574 8579 8579 8564 8564 8564 8564 8580 8580 8573 8573 8565 8565 8581 8581 8575 8575 8582 8582 8566 8566 8575 8575 8583 8583 8567 8567 8566 8566 8583 8583 8569 8569 8567 8567 8568 8568 8569 8569 8584 8584 8568 8568 8584 8584 8576 8576 8570 8570 8576 8576 8585 8585 8577 8577 8570 8570 8585 8585 8571 8571 8577 8577 8586 8586 6796 6796 8571 8571 6798 6798 8572 8572 8587 8587 8574 8574 8588 8588 8578 8578 8573 8573 8565 8565 8578 8578 8581 8581 8579 8579 8574 8574 8587 8587 8580 8580 8564 8564 8579 8579 8573 8573 8580 8580 8589 8589 8581 8581 8590 8590 8575 8575 8582 8582 8575 8575 8591 8591 8592 8592 8566 8566 8582 8582 8592 8592 8583 8583 8566 8566 8569 8569 8583 8583 8584 8584 8576 8576 8584 8584 8593 8593 8585 8585 8576 8576 8594 8594 8585 8585 8594 8594 8577 8577 8595 8595 8586 8586 8577 8577 6798 6798 8571 8571 8586 8586 8588 8588 8573 8573 8589 8589 8578 8578 8588 8588 8596 8596 8581 8581 8578 8578 8596 8596 8587 8587 8597 8597 8579 8579 8579 8579 8598 8598 8580 8580 8580 8580 8598 8598 8589 8589 8581 8581 8596 8596 8590 8590 8575 8575 8590 8590 8599 8599 8600 8600 8591 8591 8575 8575 8582 8582 8591 8591 8601 8601 8601 8601 8592 8592 8582 8582 8583 8583 8592 8592 8584 8584 8584 8584 8602 8602 8593 8593 8576 8576 8593 8593 8603 8603 8603 8603 8594 8594 8576 8576 8577 8577 8594 8594 8604 8604 8577 8577 8604 8604 8595 8595 8586 8586 8595 8595 8605 8605 6798 6798 8586 8586 6794 6794 8606 8606 8596 8596 8588 8588 8587 8587 8607 8607 8597 8597 8597 8597 8608 8608 8579 8579 8579 8579 8608 8608 8598 8598 8590 8590 8596 8596 8606 8606 8599 8599 8590 8590 8609 8609 8575 8575 8599 8599 8600 8600 8601 8601 8591 8591 8600 8600 8592 8592 8601 8601 8610 8610 8584 8584 8592 8592 8602 8602 8593 8593 8602 8602 8611 8611 8603 8603 8593 8593 8611 8611 8594 8594 8603 8603 8604 8604 8612 8612 8595 8595 8604 8604 8605 8605 8613 8613 8586 8586 8614 8614 8605 8605 8595 8595 8613 8613 6794 6794 8586 8586 8615 8615 8606 8606 8588 8588 8607 8607 8616 8616 8597 8597 8597 8597 8616 8616 8608 8608 8608 8608 8617 8617 8598 8598 8609 8609 8590 8590 8606 8606 8618 8618 8599 8599 8609 8609 8618 8618 8600 8600 8599 8599 8601 8601 8600 8600 8619 8619 8610 8610 8601 8601 8619 8619 8592 8592 8610 8610 8602 8602 8620 8620 8611 8611 8602 8602 8603 8603 8611 8611 8621 8621 8604 8604 8603 8603 8622 8622 8604 8604 8622 8622 8612 8612 8595 8595 8612 8612 8614 8614 8613 8613 8605 8605 6789 6789 8605 8605 8614 8614 8623 8623 6794 6794 8613 8613 6789 6789 8606 8606 8615 8615 8609 8609 8617 8617 8608 8608 8616 8616 8609 8609 8624 8624 8618 8618 8619 8619 8600 8600 8618 8618 8625 8625 8610 8610 8619 8619 8602 8602 8610 8610 8626 8626 8626 8626 8620 8620 8602 8602 8611 8611 8620 8620 8627 8627 8628 8628 8621 8621 8611 8611 8622 8622 8603 8603 8621 8621 8621 8621 8612 8612 8622 8622 8612 8612 8629 8629 8614 8614 6789 6789 8605 8605 6668 6668 8630 8630 8623 8623 8614 8614 8605 8605 8623 8623 6668 6668 8609 8609 8615 8615 8624 8624 8618 8618 8624 8624 8631 8631 8632 8632 8619 8619 8618 8618 8625 8625 8619 8619 8632 8632 8610 8610 8625 8625 8626 8626 8620 8620 8626 8626 8627 8627 8611 8611 8627 8627 8628 8628 8621 8621 8628 8628 8633 8633 8612 8612 8621 8621 8629 8629 8614 8614 8629 8629 8634 8634 8614 8614 8634 8634 8630 8630 8623 8623 8630 8630 8635 8635 6668 6668 8623 8623 8635 8635 8624 8624 8615 8615 8636 8636 8637 8637 8631 8631 8624 8624 8618 8618 8631 8631 8632 8632 8638 8638 8625 8625 8632 8632 8639 8639 8626 8626 8625 8625 8640 8640 8627 8627 8626 8626 8627 8627 8640 8640 8628 8628 8633 8633 8628 8628 8641 8641 8633 8633 8629 8629 8621 8621 8629 8629 8633 8633 8634 8634 8630 8630 8634 8634 8642 8642 8635 8635 8630 8630 8643 8643 8635 8635 6656 6656 6668 6668 8637 8637 8624 8624 8636 8636 8631 8631 8637 8637 8644 8644 8632 8632 8631 8631 8644 8644 8632 8632 8644 8644 8638 8638 8625 8625 8638 8638 8639 8639 8639 8639 8640 8640 8626 8626 8628 8628 8640 8640 8645 8645 8645 8645 8641 8641 8628 8628 8641 8641 8646 8646 8633 8633 8634 8634 8633 8633 8646 8646 8630 8630 8642 8642 8643 8643 8634 8634 8647 8647 8642 8642 8635 8635 8643 8643 8648 8648 6656 6656 8635 8635 8649 8649 8644 8644 8637 8637 8650 8650 8650 8650 8638 8638 8644 8644 8638 8638 8650 8650 8639 8639 8639 8639 8651 8651 8640 8640 8640 8640 8652 8652 8645 8645 8641 8641 8645 8645 8653 8653 8646 8646 8641 8641 8654 8654 8647 8647 8634 8634 8646 8646 8643 8643 8642 8642 8655 8655 8642 8642 8647 8647 8656 8656 8657 8657 8648 8648 8643 8643 8649 8649 8635 8635 8648 8648 8639 8639 8650 8650 8651 8651 8651 8651 8652 8652 8640 8640 8641 8641 8653 8653 8654 8654 8654 8654 8647 8647 8646 8646 8643 8643 8655 8655 8657 8657 8642 8642 8656 8656 8655 8655 8658 8658 8656 8656 8647 8647 8648 8648 8657 8657 8649 8649 8647 8647 8654 8654 8658 8658 8655 8655 8659 8659 8657 8657 8660 8660 8655 8655 8656 8656 8656 8656 8658 8658 8661 8661 8662 8662 8658 8658 8654 8654 8660 8660 8659 8659 8655 8655 8657 8657 8659 8659 8663 8663 8661 8661 8660 8660 8656 8656 8658 8658 8662 8662 8661 8661 8660 8660 8663 8663 8659 8659 8660 8660 8661 8661 8664 8664 8661 8661 8662 8662 8665 8665 8666 8666 8663 8663 8660 8660 8667 8667 8664 8664 8661 8661 8664 8664 8666 8666 8660 8660 8661 8661 8665 8665 8667 8667 8664 8664 8667 8667 8668 8668 8666 8666 8664 8664 8669 8669 8667 8667 8665 8665 8670 8670 8664 8664 8668 8668 8669 8669 8671 8671 8668 8668 8667 8667 8672 8672 8667 8667 8670 8670 8669 8669 8668 8668 8673 8673 8668 8668 8671 8671 8673 8673 8667 8667 8672 8672 8671 8671 8674 8674 8672 8672 8670 8670 8669 8669 8673 8673 8675 8675 8676 8676 8673 8673 8671 8671 8672 8672 8677 8677 8671 8671 8677 8677 8672 8672 8674 8674 8675 8675 8673 8673 8678 8678 8671 8671 8679 8679 8676 8676 8678 8678 8673 8673 8676 8676 8671 8671 8677 8677 8680 8680 8681 8681 8677 8677 8674 8674 8675 8675 8678 8678 8682 8682 8683 8683 8679 8679 8671 8671 8684 8684 8676 8676 8679 8679 8684 8684 8678 8678 8676 8676 8671 8671 8680 8680 8683 8683 8677 8677 8681 8681 8680 8680 8682 8682 8678 8678 8684 8684 8679 8679 8683 8683 8685 8685 8685 8685 8684 8684 8679 8679 8680 8680 8681 8681 8683 8683 8682 8682 8684 8684 8686 8686 8683 8683 8687 8687 8685 8685 8684 8684 8685 8685 8688 8688 8686 8686 8684 8684 8688 8688 8683 8683 8689 8689 8687 8687 8690 8690 8685 8685 8687 8687 8688 8688 8685 8685 8691 8691 8687 8687 8689 8689 8692 8692 8693 8693 8690 8690 8687 8687 8685 8685 8690 8690 8694 8694 8691 8691 8695 8695 8688 8688 8694 8694 8691 8691 8685 8685 8687 8687 8692 8692 8693 8693 8690 8690 8693 8693 8694 8694 8695 8695 8691 8691 8696 8696 8691 8691 8694 8694 8696 8696 8694 8694 8693 8693 8697 8697 8696 8696 8698 8698 8695 8695 8696 8696 8694 8694 8697 8697 8696 8696 8697 8697 8698 8698 8389 8389 8699 8699 8388 8388 8416 8416 8700 8700 8389 8389 8417 8417 8428 8428 8362 8362 8390 8390 8425 8425 8418 8418 8418 8418 8417 8417 8339 8339 8394 8394 8441 8441 8425 8425 8428 8428 8429 8429 8396 8396 8342 8342 8397 8397 8398 8398 8429 8429 8397 8397 8380 8380 8701 8701 2330 2330 3423 3423 2325 2325 2330 2330 8702 8702 8403 8403 8398 8398 8430 8430 8430 8430 8407 8407 8406 8406 8701 8701 8703 8703 2330 2330 8702 8702 2330 2330 8703 8703 2324 2324 2325 2325 8702 8702 8704 8704 8435 8435 8407 8407 8705 8705 8436 8436 8435 8435 8703 8703 8701 8701 8706 8706 8707 8707 8702 8702 8703 8703 8702 8702 8708 8708 2324 2324 8409 8409 8437 8437 8408 8408 8437 8437 8709 8709 8441 8441 2324 2324 8710 8710 2293 2293 8711 8711 8703 8703 8706 8706 8711 8711 8707 8707 8703 8703 8702 8702 8707 8707 8712 8712 8708 8708 8702 8702 8712 8712 8708 8708 8713 8713 2324 2324 8442 8442 8714 8714 8409 8409 8445 8445 8442 8442 8410 8410 8710 8710 2324 2324 8715 8715 8716 8716 2293 2293 8710 8710 8711 8711 8706 8706 8717 8717 8718 8718 8707 8707 8711 8711 8712 8712 8707 8707 8719 8719 8719 8719 8708 8708 8712 8712 8713 8713 8708 8708 8720 8720 8715 8715 2324 2324 8713 8713 8387 8387 8450 8450 8445 8445 8388 8388 8699 8699 8450 8450 8716 8716 8710 8710 8715 8715 2290 2290 2293 2293 8716 8716 8717 8717 8721 8721 8711 8711 8721 8721 8718 8718 8711 8711 8719 8719 8707 8707 8718 8718 8722 8722 8708 8708 8719 8719 8722 8722 8720 8720 8708 8708 8723 8723 8713 8713 8720 8720 8715 8715 8713 8713 8723 8723 8389 8389 8700 8700 8699 8699 8724 8724 8716 8716 8715 8715 8716 8716 2288 2288 2290 2290 8721 8721 8717 8717 8725 8725 8721 8721 8726 8726 8718 8718 8718 8718 8727 8727 8719 8719 8722 8722 8719 8719 8727 8727 8723 8723 8720 8720 8722 8722 8723 8723 8728 8728 8715 8715 8709 8709 8729 8729 8441 8441 8716 8716 8724 8724 8730 8730 8715 8715 8731 8731 8724 8724 8716 8716 8730 8730 2288 2288 8725 8725 8717 8717 8732 8732 8733 8733 8721 8721 8725 8725 8726 8726 8721 8721 8733 8733 8727 8727 8718 8718 8726 8726 8734 8734 8722 8722 8727 8727 8735 8735 8723 8723 8722 8722 8728 8728 8723 8723 8735 8735 8731 8731 8715 8715 8728 8728 2281 2281 2284 2284 2288 2288 8428 8428 8417 8417 8736 8736 8737 8737 8730 8730 8724 8724 8738 8738 8724 8724 8731 8731 2288 2288 8730 8730 2281 2281 8739 8739 8732 8732 8717 8717 8733 8733 8725 8725 8732 8732 8733 8733 8740 8740 8726 8726 8727 8727 8726 8726 8740 8740 8741 8741 8722 8722 8734 8734 8734 8734 8727 8727 8740 8740 8735 8735 8722 8722 8741 8741 8742 8742 8728 8728 8735 8735 8742 8742 8731 8731 8728 8728 8417 8417 8418 8418 8425 8425 8425 8425 8441 8441 8729 8729 2281 2281 8730 8730 8737 8737 8724 8724 8738 8738 8737 8737 8731 8731 8743 8743 8738 8738 8732 8732 8739 8739 8744 8744 8717 8717 8745 8745 8739 8739 8732 8732 8746 8746 8733 8733 8733 8733 8747 8747 8740 8740 8741 8741 8734 8734 8748 8748 8734 8734 8740 8740 8747 8747 8741 8741 8749 8749 8735 8735 8750 8750 8742 8742 8735 8735 8743 8743 8731 8731 8742 8742 8736 8736 8751 8751 8428 8428 8428 8428 8751 8751 8429 8429 8737 8737 8752 8752 2281 2281 8738 8738 8752 8752 8737 8737 8753 8753 8738 8738 8743 8743 8744 8744 8739 8739 8754 8754 8755 8755 8732 8732 8744 8744 8739 8739 8745 8745 8756 8756 8746 8746 8732 8732 8755 8755 8757 8757 8733 8733 8746 8746 8747 8747 8733 8733 8757 8757 8748 8748 8734 8734 8747 8747 8758 8758 8741 8741 8748 8748 8749 8749 8741 8741 8758 8758 8750 8750 8735 8735 8749 8749 8743 8743 8742 8742 8750 8750 8759 8759 8398 8398 8397 8397 8429 8429 8759 8759 8397 8397 8760 8760 8430 8430 8398 8398 2278 2278 2281 2281 8752 8752 8761 8761 8752 8752 8738 8738 8738 8738 8753 8753 8761 8761 8743 8743 8762 8762 8753 8753 8739 8739 8756 8756 8754 8754 8744 8744 8754 8754 8763 8763 8764 8764 8755 8755 8744 8744 8765 8765 8746 8746 8755 8755 8757 8757 8746 8746 8765 8765 8747 8747 8757 8757 8765 8765 8747 8747 8766 8766 8748 8748 8758 8758 8748 8748 8767 8767 8758 8758 8768 8768 8749 8749 8750 8750 8749 8749 8769 8769 8770 8770 8743 8743 8750 8750 8407 8407 8430 8430 8771 8771 8407 8407 8771 8771 8704 8704 8704 8704 8705 8705 8435 8435 2277 2277 2278 2278 8752 8752 8761 8761 2277 2277 8752 8752 8772 8772 8761 8761 8753 8753 8762 8762 8743 8743 8770 8770 8762 8762 8773 8773 8753 8753 8774 8774 8754 8754 8756 8756 8774 8774 8763 8763 8754 8754 8763 8763 8775 8775 8744 8744 8776 8776 8755 8755 8764 8764 8764 8764 8744 8744 8775 8775 8765 8765 8755 8755 8776 8776 8765 8765 8777 8777 8747 8747 8766 8766 8747 8747 8777 8777 8748 8748 8766 8766 8778 8778 8779 8779 8758 8758 8767 8767 8778 8778 8767 8767 8748 8748 8768 8768 8758 8758 8779 8779 8769 8769 8749 8749 8768 8768 8770 8770 8750 8750 8769 8769 8409 8409 8714 8714 8437 8437 2277 2277 8761 8761 2274 2274 8772 8772 2274 2274 8761 8761 8753 8753 8780 8780 8772 8772 8770 8770 8781 8781 8762 8762 8781 8781 8773 8773 8762 8762 8782 8782 8753 8753 8773 8773 8763 8763 8774 8774 8783 8783 8775 8775 8763 8763 8783 8783 8776 8776 8764 8764 8784 8784 8784 8784 8764 8764 8775 8775 8785 8785 8765 8765 8776 8776 8777 8777 8765 8765 8785 8785 8777 8777 8786 8786 8766 8766 8787 8787 8778 8778 8766 8766 8779 8779 8767 8767 8788 8788 8778 8778 8788 8788 8767 8767 8789 8789 8768 8768 8779 8779 8768 8768 8789 8789 8769 8769 8769 8769 8790 8790 8770 8770 8437 8437 8791 8791 8709 8709 2274 2274 8772 8772 2273 2273 8780 8780 8753 8753 8792 8792 8793 8793 8772 8772 8780 8780 8770 8770 8790 8790 8781 8781 8794 8794 8773 8773 8781 8781 8782 8782 8773 8773 8794 8794 8792 8792 8753 8753 8782 8782 8783 8783 8795 8795 8775 8775 8785 8785 8776 8776 8784 8784 8784 8784 8775 8775 8796 8796 8797 8797 8777 8777 8785 8785 8786 8786 8777 8777 8797 8797 8786 8786 8787 8787 8766 8766 8798 8798 8778 8778 8787 8787 8799 8799 8779 8779 8788 8788 8800 8800 8788 8788 8778 8778 8779 8779 8801 8801 8789 8789 8802 8802 8769 8769 8789 8789 8769 8769 8802 8802 8790 8790 8793 8793 2273 2273 8772 8772 8442 8442 8445 8445 8714 8714 8792 8792 8803 8803 8780 8780 8804 8804 8793 8793 8780 8780 8794 8794 8781 8781 8790 8790 8805 8805 8782 8782 8794 8794 8803 8803 8792 8792 8782 8782 8806 8806 8775 8775 8795 8795 8784 8784 8807 8807 8785 8785 8796 8796 8775 8775 8806 8806 8796 8796 8808 8808 8784 8784 8797 8797 8785 8785 8807 8807 8797 8797 8809 8809 8786 8786 8809 8809 8787 8787 8786 8786 8800 8800 8778 8778 8798 8798 8798 8798 8787 8787 8809 8809 8810 8810 8799 8799 8788 8788 8779 8779 8799 8799 8811 8811 8800 8800 8810 8810 8788 8788 8801 8801 8779 8779 8811 8811 8812 8812 8789 8789 8801 8801 8789 8789 8813 8813 8802 8802 8814 8814 8790 8790 8802 8802 8804 8804 2273 2273 8793 8793 8815 8815 8445 8445 8450 8450 8816 8816 8780 8780 8803 8803 8817 8817 8804 8804 8780 8780 8790 8790 8818 8818 8794 8794 8782 8782 8805 8805 8803 8803 8794 8794 8819 8819 8805 8805 8806 8806 8795 8795 8820 8820 8807 8807 8784 8784 8821 8821 8822 8822 8796 8796 8806 8806 8796 8796 8823 8823 8808 8808 8821 8821 8784 8784 8808 8808 8807 8807 8824 8824 8797 8797 8797 8797 8825 8825 8809 8809 8809 8809 8800 8800 8798 8798 8799 8799 8810 8810 8826 8826 8811 8811 8799 8799 8827 8827 8810 8810 8800 8800 8809 8809 8828 8828 8801 8801 8811 8811 8813 8813 8789 8789 8812 8812 8812 8812 8801 8801 8829 8829 8830 8830 8802 8802 8813 8813 8818 8818 8790 8790 8814 8814 8830 8830 8814 8814 8802 8802 2270 2270 2273 2273 8804 8804 8780 8780 8816 8816 8817 8817 8803 8803 8831 8831 8816 8816 8832 8832 8804 8804 8817 8817 8818 8818 8819 8819 8794 8794 8831 8831 8803 8803 8805 8805 8833 8833 8805 8805 8819 8819 8820 8820 8795 8795 8834 8834 8835 8835 8806 8806 8820 8820 8807 8807 8821 8821 8824 8824 8822 8822 8806 8806 8835 8835 8823 8823 8796 8796 8822 8822 8821 8821 8808 8808 8823 8823 8825 8825 8797 8797 8824 8824 8825 8825 8826 8826 8809 8809 8826 8826 8810 8810 8809 8809 8826 8826 8827 8827 8799 8799 8836 8836 8811 8811 8827 8827 8829 8829 8801 8801 8828 8828 8828 8828 8811 8811 8836 8836 8813 8813 8812 8812 8837 8837 8812 8812 8829 8829 8838 8838 8839 8839 8830 8830 8813 8813 8814 8814 8840 8840 8818 8818 8840 8840 8814 8814 8830 8830 8841 8841 2270 2270 8804 8804 8842 8842 8817 8817 8816 8816 8831 8831 8842 8842 8816 8816 8842 8842 8832 8832 8817 8817 8804 8804 8832 8832 8841 8841 8819 8819 8818 8818 8843 8843 8805 8805 8833 8833 8831 8831 8844 8844 8820 8820 8834 8834 8820 8820 8845 8845 8835 8835 8824 8824 8821 8821 8846 8846 8822 8822 8835 8835 8847 8847 8848 8848 8823 8823 8822 8822 8823 8823 8848 8848 8821 8821 8824 8824 8849 8849 8825 8825 8849 8849 8826 8826 8825 8825 8827 8827 8826 8826 8850 8850 8851 8851 8836 8836 8827 8827 8829 8829 8828 8828 8852 8852 8828 8828 8836 8836 8853 8853 8837 8837 8812 8812 8838 8838 8839 8839 8813 8813 8837 8837 8838 8838 8829 8829 8854 8854 8840 8840 8830 8830 8839 8839 8843 8843 8818 8818 8840 8840 8842 8842 8831 8831 8855 8855 8856 8856 8832 8832 8842 8842 8856 8856 8841 8841 8832 8832 8855 8855 8831 8831 8833 8833 8845 8845 8820 8820 8844 8844 8847 8847 8835 8835 8845 8845 8846 8846 8849 8849 8824 8824 8846 8846 8821 8821 8848 8848 8857 8857 8822 8822 8847 8847 8857 8857 8848 8848 8822 8822 8849 8849 8850 8850 8826 8826 8851 8851 8827 8827 8850 8850 8853 8853 8836 8836 8851 8851 8853 8853 8852 8852 8828 8828 8852 8852 8858 8858 8829 8829 8838 8838 8859 8859 8837 8837 8837 8837 8860 8860 8839 8839 8854 8854 8829 8829 8858 8858 8861 8861 8838 8838 8854 8854 8839 8839 8862 8862 8840 8840 8843 8843 8840 8840 8862 8862 8863 8863 8856 8856 8842 8842 8856 8856 8864 8864 8841 8841 8845 8845 8844 8844 8865 8865 8845 8845 8866 8866 8847 8847 8846 8846 8867 8867 8849 8849 8867 8867 8846 8846 8848 8848 8868 8868 8857 8857 8847 8847 8867 8867 8848 8848 8857 8857 8850 8850 8849 8849 8869 8869 8869 8869 8851 8851 8850 8850 8869 8869 8853 8853 8851 8851 8852 8852 8853 8853 8870 8870 8858 8858 8852 8852 8871 8871 8859 8859 8838 8838 8861 8861 8860 8860 8837 8837 8859 8859 8872 8872 8839 8839 8860 8860 8871 8871 8854 8854 8858 8858 8873 8873 8861 8861 8854 8854 8839 8839 8872 8872 8862 8862 8856 8856 8863 8863 8874 8874 8874 8874 8864 8864 8856 8856 8866 8866 8845 8845 8865 8865 8875 8875 8847 8847 8866 8866 8869 8869 8849 8849 8867 8867 8868 8868 8847 8847 8875 8875 8876 8876 8857 8857 8868 8868 8857 8857 8876 8876 8867 8867 8853 8853 8869 8869 8870 8870 8871 8871 8852 8852 8870 8870 8859 8859 8861 8861 8877 8877 8878 8878 8860 8860 8859 8859 8879 8879 8872 8872 8860 8860 8873 8873 8854 8854 8871 8871 8873 8873 8877 8877 8861 8861 8865 8865 8880 8880 8866 8866 8875 8875 8866 8866 8881 8881 8867 8867 8882 8882 8869 8869 8868 8868 8875 8875 8883 8883 8884 8884 8876 8876 8868 8868 8882 8882 8867 8867 8876 8876 8870 8870 8869 8869 8885 8885 8871 8871 8870 8870 8886 8886 8887 8887 8859 8859 8877 8877 8878 8878 8859 8859 8887 8887 8879 8879 8860 8860 8878 8878 8873 8873 8871 8871 8888 8888 8889 8889 8877 8877 8873 8873 8880 8880 8865 8865 8890 8890 8881 8881 8866 8866 8880 8880 8883 8883 8875 8875 8881 8881 8882 8882 8885 8885 8869 8869 8884 8884 8868 8868 8883 8883 8891 8891 8876 8876 8884 8884 8876 8876 8891 8891 8882 8882 8870 8870 8885 8885 8886 8886 8886 8886 8892 8892 8871 8871 8887 8887 8877 8877 8893 8893 8878 8878 8887 8887 8894 8894 8895 8895 8879 8879 8878 8878 8892 8892 8888 8888 8871 8871 8889 8889 8873 8873 8888 8888 8889 8889 8893 8893 8877 8877 8881 8881 8880 8880 8890 8890 8896 8896 8883 8883 8881 8881 8885 8885 8882 8882 8897 8897 8898 8898 8884 8884 8883 8883 8899 8899 8891 8891 8884 8884 8897 8897 8882 8882 8891 8891 8886 8886 8885 8885 8897 8897 8892 8892 8886 8886 8900 8900 8893 8893 8894 8894 8887 8887 8901 8901 8878 8878 8894 8894 8895 8895 8878 8878 8901 8901 8892 8892 8889 8889 8888 8888 8889 8889 8892 8892 8893 8893 8902 8902 8881 8881 8890 8890 8898 8898 8883 8883 8896 8896 8896 8896 8881 8881 8902 8902 8903 8903 8884 8884 8898 8898 8897 8897 8891 8891 8899 8899 8884 8884 8904 8904 8899 8899 8886 8886 8897 8897 8899 8899 8899 8899 8900 8900 8886 8886 8892 8892 8900 8900 8905 8905 8894 8894 8893 8893 8906 8906 8901 8901 8894 8894 8907 8907 8893 8893 8892 8892 8905 8905 8908 8908 8898 8898 8896 8896 8909 8909 8896 8896 8902 8902 8904 8904 8884 8884 8903 8903 8910 8910 8903 8903 8898 8898 8904 8904 8900 8900 8899 8899 8905 8905 8900 8900 8911 8911 8906 8906 8893 8893 8912 8912 8906 8906 8913 8913 8894 8894 8907 8907 8894 8894 8913 8913 8893 8893 8905 8905 8914 8914 8908 8908 8896 8896 8909 8909 8908 8908 8915 8915 8898 8898 8903 8903 8910 8910 8904 8904 8915 8915 8910 8910 8898 8898 8911 8911 8900 8900 8904 8904 8914 8914 8905 8905 8911 8911 8912 8912 8916 8916 8906 8906 8914 8914 8912 8912 8893 8893 8913 8913 8906 8906 8917 8917 8907 8907 8913 8913 8917 8917 8918 8918 8908 8908 8909 8909 8919 8919 8915 8915 8908 8908 8920 8920 8904 8904 8910 8910 8915 8915 8920 8920 8910 8910 8920 8920 8911 8911 8904 8904 8914 8914 8911 8911 8920 8920 8916 8916 8912 8912 8921 8921 8917 8917 8906 8906 8916 8916 8920 8920 8912 8912 8914 8914 8919 8919 8908 8908 8918 8918 8915 8915 8919 8919 8922 8922 8915 8915 8922 8922 8920 8920 8921 8921 8912 8912 8923 8923 8924 8924 8916 8916 8921 8921 8917 8917 8916 8916 8924 8924 8912 8912 8920 8920 8922 8922 8919 8919 8923 8923 8922 8922 8925 8925 8921 8921 8923 8923 8923 8923 8912 8912 8922 8922 8921 8921 8925 8925 8924 8924 8926 8926 8450 8450 8699 8699 8699 8699 8700 8700 8927 8927 8729 8729 8709 8709 8928 8928 8417 8417 8929 8929 8736 8736 8425 8425 8929 8929 8417 8417 8729 8729 8930 8930 8425 8425 8736 8736 8931 8931 8751 8751 8751 8751 8932 8932 8429 8429 8760 8760 8398 8398 8759 8759 8759 8759 8429 8429 8933 8933 8760 8760 8771 8771 8430 8430 8771 8771 8934 8934 8704 8704 8934 8934 8705 8705 8704 8704 8709 8709 8791 8791 8928 8928 8791 8791 8437 8437 8714 8714 8445 8445 8815 8815 8714 8714 8450 8450 8926 8926 8815 8815 8926 8926 8699 8699 8927 8927 8930 8930 8729 8729 8928 8928 8929 8929 8931 8931 8736 8736 8929 8929 8425 8425 8930 8930 8931 8931 8932 8932 8751 8751 8933 8933 8429 8429 8932 8932 8760 8760 8759 8759 8933 8933 8760 8760 8935 8935 8771 8771 8936 8936 8934 8934 8771 8771 8937 8937 8705 8705 8934 8934 8938 8938 8939 8939 8705 8705 8928 8928 8791 8791 8940 8940 8714 8714 8941 8941 8791 8791 8941 8941 8714 8714 8815 8815 8815 8815 8926 8926 8942 8942 8943 8943 8926 8926 8927 8927 8944 8944 8928 8928 8940 8940 8928 8928 8944 8944 8930 8930 8929 8929 8945 8945 8931 8931 8930 8930 8945 8945 8929 8929 8931 8931 8946 8946 8932 8932 8932 8932 8947 8947 8933 8933 8947 8947 8948 8948 8933 8933 8933 8933 8935 8935 8760 8760 8936 8936 8771 8771 8935 8935 8934 8934 8936 8936 8937 8937 8937 8937 8938 8938 8705 8705 8938 8938 8949 8949 8939 8939 8791 8791 8941 8941 8940 8940 8815 8815 8942 8942 8941 8941 8926 8926 8943 8943 8942 8942 8927 8927 8950 8950 8943 8943 8940 8940 8951 8951 8944 8944 8944 8944 8952 8952 8930 8930 8945 8945 8946 8946 8931 8931 8930 8930 8952 8952 8945 8945 8946 8946 8947 8947 8932 8932 8953 8953 8948 8948 8947 8947 8935 8935 8933 8933 8948 8948 8954 8954 8936 8936 8935 8935 8937 8937 8936 8936 8955 8955 8955 8955 8938 8938 8937 8937 8938 8938 8956 8956 8949 8949 8941 8941 8957 8957 8940 8940 8942 8942 8957 8957 8941 8941 8943 8943 8958 8958 8942 8942 8958 8958 8943 8943 8950 8950 8951 8951 8940 8940 8959 8959 8952 8952 8944 8944 8951 8951 8946 8946 8945 8945 8952 8952 8946 8946 8953 8953 8947 8947 8953 8953 8960 8960 8948 8948 8948 8948 8954 8954 8935 8935 8954 8954 8955 8955 8936 8936 8938 8938 8955 8955 8956 8956 8956 8956 8961 8961 8949 8949 8957 8957 8959 8959 8940 8940 8942 8942 8958 8958 8957 8957 8950 8950 8962 8962 8958 8958 8952 8952 8951 8951 8959 8959 8952 8952 8963 8963 8946 8946 8946 8946 8964 8964 8953 8953 8964 8964 8960 8960 8953 8953 8960 8960 8954 8954 8948 8948 8965 8965 8955 8955 8954 8954 8955 8955 8966 8966 8956 8956 8967 8967 8961 8961 8956 8956 8957 8957 8958 8958 8959 8959 8958 8958 8962 8962 8968 8968 8959 8959 8963 8963 8952 8952 8963 8963 8964 8964 8946 8946 8960 8960 8964 8964 8969 8969 8960 8960 8965 8965 8954 8954 8965 8965 8966 8966 8955 8955 8966 8966 8967 8967 8956 8956 8961 8961 8967 8967 8970 8970 8959 8959 8958 8958 8968 8968 8962 8962 8971 8971 8968 8968 8959 8959 8972 8972 8963 8963 8963 8963 8973 8973 8964 8964 8969 8969 8964 8964 8974 8974 8969 8969 8965 8965 8960 8960 8965 8965 8975 8975 8966 8966 8967 8967 8966 8966 8976 8976 8967 8967 8976 8976 8970 8970 8968 8968 8972 8972 8959 8959 8977 8977 8968 8968 8971 8971 8972 8972 8978 8978 8963 8963 8963 8963 8978 8978 8973 8973 8964 8964 8973 8973 8974 8974 8969 8969 8974 8974 8979 8979 8969 8969 8975 8975 8965 8965 8966 8966 8975 8975 8976 8976 8970 8970 8976 8976 8980 8980 8968 8968 8977 8977 8972 8972 8971 8971 8981 8981 8977 8977 8972 8972 8982 8982 8978 8978 8978 8978 8983 8983 8973 8973 8973 8973 8979 8979 8974 8974 8979 8979 8984 8984 8969 8969 8984 8984 8975 8975 8969 8969 8980 8980 8976 8976 8975 8975 8982 8982 8972 8972 8977 8977 8985 8985 8977 8977 8981 8981 8983 8983 8978 8978 8982 8982 8979 8979 8973 8973 8983 8983 8979 8979 8986 8986 8984 8984 8984 8984 8980 8980 8975 8975 8977 8977 8985 8985 8982 8982 8981 8981 8987 8987 8985 8985 8982 8982 8988 8988 8983 8983 8983 8983 8986 8986 8979 8979 8986 8986 8980 8980 8984 8984 8987 8987 8989 8989 8990 8990 8991 8991 8990 8990 8989 8989 8982 8982 8985 8985 8988 8988 8985 8985 8987 8987 8992 8992 8983 8983 8988 8988 8986 8986 8980 8980 8986 8986 8993 8993 8992 8992 8987 8987 8990 8990 8994 8994 8990 8990 8991 8991 8985 8985 8992 8992 8988 8988 8988 8988 8993 8993 8986 8986 8993 8993 8994 8994 8991 8991 8994 8994 8992 8992 8990 8990 8993 8993 8988 8988 8992 8992 8993 8993 8992 8992 8994 8994 4970 4970 4958 4958 4957 4957 8995 8995 4969 4969 8996 8996 4958 4958 4970 4970 4969 4969 4969 4969 8995 8995 4958 4958 8997 8997 8998 8998 8999 8999 1298 1298 2262 2262 2264 2264 9000 9000 8999 8999 8998 8998 4958 4958 8995 8995 9001 9001 4960 4960 4958 4958 9001 9001 9002 9002 8998 8998 8997 8997 9003 9003 2262 2262 1298 1298 8997 8997 9004 9004 9002 9002 9000 9000 8998 8998 9005 9005 9006 9006 9001 9001 8995 8995 9001 9001 9007 9007 4960 4960 9008 9008 9009 9009 9010 9010 9011 9011 9008 9008 9010 9010 9012 9012 9011 9011 9013 9013 9014 9014 2262 2262 9003 9003 8998 8998 9002 9002 9015 9015 9004 9004 9016 9016 9002 9002 9005 9005 9017 9017 9000 9000 9015 9015 9005 9005 8998 8998 9007 9007 9001 9001 9006 9006 9018 9018 2262 2262 9014 9014 9010 9010 9009 9009 9019 9019 9010 9010 9020 9020 9011 9011 9011 9011 9020 9020 9013 9013 9013 9013 9016 9016 9012 9012 9021 9021 2262 2262 9018 9018 9014 9014 9022 9022 9018 9018 9016 9016 9015 9015 9002 9002 9021 9021 2257 2257 2262 2262 9023 9023 9017 9017 9005 9005 9015 9015 9024 9024 9005 9005 9023 9023 9025 9025 9017 9017 9007 9007 9006 9006 9026 9026 9027 9027 9021 9021 9018 9018 9014 9014 9028 9028 9022 9022 9027 9027 9018 9018 9022 9022 9007 9007 9029 9029 9030 9030 2254 2254 2257 2257 9021 9021 9030 9030 9031 9031 9032 9032 9033 9033 9032 9032 9031 9031 9033 9033 9019 9019 9009 9009 9034 9034 9021 9021 9027 9027 9027 9027 9022 9022 9028 9028 9010 9010 9019 9019 9035 9035 9020 9020 9010 9010 9035 9035 2253 2253 2254 2254 9021 9021 9020 9020 9036 9036 9013 9013 9016 9016 9013 9013 9036 9036 9037 9037 9015 9015 9016 9016 9034 9034 9027 9027 9038 9038 9039 9039 9021 9021 9034 9034 9038 9038 9027 9027 9028 9028 9037 9037 9040 9040 9015 9015 9024 9024 9023 9023 9005 9005 9040 9040 9024 9024 9015 9015 2251 2251 2253 2253 9021 9021 9041 9041 9025 9025 9023 9023 9026 9026 9029 9029 9007 9007 9042 9042 9034 9034 9038 9038 9043 9043 9039 9039 9034 9034 9021 9021 9039 9039 2251 2251 9029 9029 9031 9031 9030 9030 9031 9031 9019 9019 9033 9033 9019 9019 9044 9044 9035 9035 9035 9035 9036 9036 9020 9020 9034 9034 9042 9042 9043 9043 9043 9043 9045 9045 9039 9039 9045 9045 2251 2251 9039 9039 9036 9036 9037 9037 9016 9016 9046 9046 9040 9040 9037 9037 9023 9023 9024 9024 9041 9041 9046 9046 9024 9024 9040 9040 9041 9041 9047 9047 9025 9025 2251 2251 9045 9045 1557 1557 1560 1560 2251 2251 1557 1557 9026 9026 9048 9048 9029 9029 1548 1548 1556 1556 9049 9049 9031 9031 9029 9029 9050 9050 1549 1549 9049 9049 1556 1556 9049 9049 9051 9051 1548 1548 9019 9019 9031 9031 9052 9052 9053 9053 9044 9044 9019 9019 1549 1549 9054 9054 9049 9049 9049 9049 9055 9055 9051 9051 1535 1535 1548 1548 9051 9051 9056 9056 9057 9057 9044 9044 9044 9044 9057 9057 9035 9035 9035 9035 9058 9058 9036 9036 9054 9054 1549 1549 9059 9059 9049 9049 9054 9054 9060 9060 9055 9055 9049 9049 9060 9060 9055 9055 9061 9061 9051 9051 9036 9036 9046 9046 9037 9037 1535 1535 9051 9051 1534 1534 9046 9046 9041 9041 9024 9024 9062 9062 9047 9047 9041 9041 9059 9059 1549 1549 1529 1529 9063 9063 9054 9054 9059 9059 9060 9060 9054 9054 9064 9064 9061 9061 9055 9055 9060 9060 9061 9061 9065 9065 9051 9051 9066 9066 9047 9047 9062 9062 9053 9053 9056 9056 9044 9044 1534 1534 9051 9051 9065 9065 9029 9029 9048 9048 9050 9050 9031 9031 9050 9050 9052 9052 9059 9059 1529 1529 1490 1490 9059 9059 1490 1490 9063 9063 9064 9064 9054 9054 9063 9063 9067 9067 9060 9060 9064 9064 9061 9061 9060 9060 9068 9068 9065 9065 9061 9061 9069 9069 9019 9019 9052 9052 9053 9053 9057 9057 9056 9056 9070 9070 9065 9065 1431 1431 1534 1534 9057 9057 9058 9058 9035 9035 9058 9058 9046 9046 9036 9036 9071 9071 9041 9041 9046 9046 1490 1490 1429 1429 9063 9063 9072 9072 9064 9064 9063 9063 9068 9068 9060 9060 9067 9067 9067 9067 9064 9064 9073 9073 9061 9061 9068 9068 9069 9069 9065 9065 9069 9069 9074 9074 9062 9062 9041 9041 9075 9075 9076 9076 9066 9066 9062 9062 9065 9065 1426 1426 1431 1431 9053 9053 9070 9070 9056 9056 9050 9050 9048 9048 9077 9077 9050 9050 9078 9078 9052 9052 9079 9079 9053 9053 9052 9052 9063 9063 1429 1429 9080 9080 9080 9080 9072 9072 9063 9063 9073 9073 9064 9064 9072 9072 9081 9081 9068 9068 9067 9067 9082 9082 9067 9067 9073 9073 9069 9069 9068 9068 9081 9081 9081 9081 9074 9074 9069 9069 9065 9065 9074 9074 1426 1426 9058 9058 9057 9057 9070 9070 9058 9058 9071 9071 9046 9046 9041 9041 9071 9071 9075 9075 9083 9083 9066 9066 9076 9076 9075 9075 9076 9076 9062 9062 9048 9048 9084 9084 9077 9077 9085 9085 9080 9080 1429 1429 9072 9072 9080 9080 9086 9086 9073 9073 9072 9072 9087 9087 9088 9088 9081 9081 9067 9067 9089 9089 9067 9067 9082 9082 9082 9082 9073 9073 9090 9090 9074 9074 9081 9081 9088 9088 9074 9074 9091 9091 1426 1426 9079 9079 9070 9070 9053 9053 9050 9050 9077 9077 9078 9078 9052 9052 9078 9078 9079 9079 9070 9070 9071 9071 9058 9058 9092 9092 9075 9075 9071 9071 1429 1429 1404 1404 1322 1322 1429 1429 1322 1322 9085 9085 9085 9085 9086 9086 9080 9080 9072 9072 9086 9086 9093 9093 9087 9087 9072 9072 9093 9093 9090 9090 9073 9073 9087 9087 9067 9067 9089 9089 9088 9088 9094 9094 9089 9089 9082 9082 9082 9082 9090 9090 9095 9095 9074 9074 9088 9088 9091 9091 9091 9091 1301 1301 1426 1426 9076 9076 9075 9075 9083 9083 1301 1301 1421 1421 1426 1426 9084 9084 9096 9096 9077 9077 9097 9097 9070 9070 9079 9079 9078 9078 9077 9077 9098 9098 9078 9078 9097 9097 9079 9079 9099 9099 9085 9085 1322 1322 9086 9086 9085 9085 9100 9100 9093 9093 9086 9086 9100 9100 9087 9087 9093 9093 9101 9101 9090 9090 9087 9087 9102 9102 9103 9103 9088 9088 9089 9089 9089 9089 9094 9094 9103 9103 9082 9082 9104 9104 9094 9094 9095 9095 9090 9090 9102 9102 9095 9095 9105 9105 9082 9082 9106 9106 9091 9091 9088 9088 1298 1298 1301 1301 9091 9091 9084 9084 809 809 9096 9096 9071 9071 9070 9070 9092 9092 9092 9092 9083 9083 9075 9075 9077 9077 9096 9096 9098 9098 9097 9097 9107 9107 9070 9070 1322 1322 1297 1297 9099 9099 9085 9085 9099 9099 9100 9100 9093 9093 9100 9100 9108 9108 9101 9101 9093 9093 9109 9109 9102 9102 9087 9087 9101 9101 9088 9088 9103 9103 9106 9106 9094 9094 9110 9110 9103 9103 9104 9104 9082 9082 9105 9105 9111 9111 9094 9094 9104 9104 9095 9095 9102 9102 9112 9112 9112 9112 9105 9105 9095 9095 9091 9091 9106 9106 9003 9003 9098 9098 9097 9097 9078 9078 9091 9091 9003 9003 1298 1298 9096 9096 809 809 812 812 9107 9107 9092 9092 9070 9070 9113 9113 9083 9083 9092 9092 9096 9096 9114 9114 9098 9098 9115 9115 9099 9099 1297 1297 9100 9100 9099 9099 9116 9116 9108 9108 9100 9100 9117 9117 9093 9093 9108 9108 9109 9109 9109 9109 9118 9118 9101 9101 9101 9101 9119 9119 9102 9102 9110 9110 9106 9106 9103 9103 9120 9120 9110 9110 9094 9094 9121 9121 9104 9104 9105 9105 9111 9111 9120 9120 9094 9094 9111 9111 9104 9104 9121 9121 9119 9119 9112 9112 9102 9102 9105 9105 9112 9112 9122 9122 9014 9014 9003 9003 9106 9106 9098 9098 9107 9107 9097 9097 812 812 9114 9114 9096 9096 9107 9107 9113 9113 9092 9092 9114 9114 9107 9107 9098 9098 1297 1297 1289 1289 9115 9115 9099 9099 9115 9115 9116 9116 9100 9100 9116 9116 9123 9123 9123 9123 9117 9117 9100 9100 9108 9108 9117 9117 9124 9124 9124 9124 9109 9109 9108 9108 9118 9118 9109 9109 9125 9125 9101 9101 9118 9118 9119 9119 9120 9120 9106 9106 9110 9110 9121 9121 9105 9105 9126 9126 9127 9127 9120 9120 9111 9111 9121 9121 9128 9128 9111 9111 9129 9129 9112 9112 9119 9119 9122 9122 9112 9112 9129 9129 9122 9122 9126 9126 9105 9105 9106 9106 9120 9120 9014 9014 9114 9114 812 812 938 938 9130 9130 9113 9113 9107 9107 9131 9131 9107 9107 9114 9114 1289 1289 1285 1285 9115 9115 9116 9116 9115 9115 9132 9132 9133 9133 9123 9123 9116 9116 9117 9117 9123 9123 9134 9134 9134 9134 9124 9124 9117 9117 9124 9124 9125 9125 9109 9109 9118 9118 9125 9125 9135 9135 9119 9119 9118 9118 9135 9135 9126 9126 9136 9136 9121 9121 9127 9127 9137 9137 9120 9120 9111 9111 9138 9138 9127 9127 9128 9128 9121 9121 9136 9136 9139 9139 9111 9111 9128 9128 9129 9129 9119 9119 9135 9135 9129 9129 9140 9140 9122 9122 9126 9126 9122 9122 9140 9140 9120 9120 9137 9137 9014 9014 938 938 9131 9131 9114 9114 9107 9107 9131 9131 9130 9130 938 938 941 941 9131 9131 9115 9115 1285 1285 9141 9141 9116 9116 9132 9132 9133 9133 9132 9132 9115 9115 9141 9141 9123 9123 9133 9133 9134 9134 9124 9124 9134 9134 9142 9142 9125 9125 9124 9124 9142 9142 9135 9135 9125 9125 9143 9143 9136 9136 9126 9126 9144 9144 9127 9127 9145 9145 9137 9137 9139 9139 9138 9138 9111 9111 9145 9145 9127 9127 9138 9138 9136 9136 9146 9146 9128 9128 9128 9128 9147 9147 9139 9139 9148 9148 9129 9129 9135 9135 9140 9140 9129 9129 9148 9148 9140 9140 9144 9144 9126 9126 9028 9028 9014 9014 9137 9137 9130 9130 9131 9131 941 941 9130 9130 941 941 951 951 941 941 947 947 951 951 1285 1285 1282 1282 9141 9141 9133 9133 9132 9132 9149 9149 9149 9149 9132 9132 9141 9141 9134 9134 9133 9133 9150 9150 9142 9142 9134 9134 9151 9151 9142 9142 9143 9143 9125 9125 9135 9135 9143 9143 9152 9152 9146 9146 9136 9136 9144 9144 9145 9145 9028 9028 9137 9137 9138 9138 9038 9038 9145 9145 9147 9147 9128 9128 9146 9146 9147 9147 9153 9153 9139 9139 9148 9148 9135 9135 9154 9154 9140 9140 9148 9148 9155 9155 9140 9140 9156 9156 9144 9144 9157 9157 9158 9158 9159 9159 9157 9157 9160 9160 9158 9158 9161 9161 9159 9159 9158 9158 9160 9160 9157 9157 7790 7790 9141 9141 1282 1282 1279 1279 9150 9150 9151 9151 9134 9134 9142 9142 9151 9151 9162 9162 9143 9143 9142 9142 9152 9152 9152 9152 9154 9154 9135 9135 9144 9144 9156 9156 9146 9146 9038 9038 9028 9028 9145 9145 9147 9147 9146 9146 9163 9163 9153 9153 9147 9147 9164 9164 9148 9148 9154 9154 9165 9165 9148 9148 9166 9166 9155 9155 9167 9167 9140 9140 9155 9155 9156 9156 9140 9140 9167 9167 9161 9161 9158 9158 9160 9160 9168 9168 9159 9159 9161 9161 7790 7790 7792 7792 9160 9160 9160 9160 9169 9169 9161 9161 9161 9161 9170 9170 9168 9168 9151 9151 9150 9150 9171 9171 9162 9162 9151 9151 9171 9171 9142 9142 9162 9162 9172 9172 9152 9152 9142 9142 9173 9173 9154 9154 9152 9152 9174 9174 9156 9156 9163 9163 9146 9146 9163 9163 9164 9164 9147 9147 9174 9174 9165 9165 9154 9154 9166 9166 9148 9148 9165 9165 9155 9155 9166 9166 9175 9175 9167 9167 9155 9155 9176 9176 9167 9167 9177 9177 9156 9156 9168 9168 9178 9178 9179 9179 9160 9160 7792 7792 9169 9169 9169 9169 9180 9180 9161 9161 9161 9161 9180 9180 9170 9170 9170 9170 9178 9178 9168 9168 9162 9162 9171 9171 9181 9181 9172 9172 9162 9162 9181 9181 9173 9173 9142 9142 9172 9172 9152 9152 9173 9173 9182 9182 9174 9174 9152 9152 9182 9182 9163 9163 9156 9156 9177 9177 9164 9164 9163 9163 9183 9183 9165 9165 9174 9174 9184 9184 9166 9166 9165 9165 9185 9185 9186 9186 9175 9175 9166 9166 9175 9175 9187 9187 9155 9155 9188 9188 9167 9167 9176 9176 9176 9176 9155 9155 9187 9187 9177 9177 9167 9167 9188 9188 7792 7792 9189 9189 9169 9169 9169 9169 9189 9189 9180 9180 9180 9180 9190 9190 9170 9170 9170 9170 9190 9190 9178 9178 9181 9181 9171 9171 9191 9191 9192 9192 9172 9172 9181 9181 9192 9192 9173 9173 9172 9172 9182 9182 9173 9173 9193 9193 9174 9174 9182 9182 9194 9194 9183 9183 9163 9163 9177 9177 9194 9194 9184 9184 9174 9174 9184 9184 9185 9185 9165 9165 9166 9166 9185 9185 9186 9186 9175 9175 9186 9186 9195 9195 9187 9187 9175 9175 9196 9196 9188 9188 9176 9176 9197 9197 9197 9197 9176 9176 9187 9187 9198 9198 9177 9177 9188 9188 9189 9189 7792 7792 7808 7808 9189 9189 9190 9190 9180 9180 9190 9190 9199 9199 9178 9178 7808 7808 9200 9200 9189 9189 9189 9189 9201 9201 9190 9190 9202 9202 9191 9191 9171 9171 9181 9181 9191 9191 9203 9203 9192 9192 9181 9181 9203 9203 9192 9192 9193 9193 9173 9173 9193 9193 9204 9204 9182 9182 9194 9194 9182 9182 9204 9204 9205 9205 9184 9184 9194 9194 9185 9185 9184 9184 9186 9186 9186 9186 9206 9206 9195 9195 9195 9195 9196 9196 9175 9175 9197 9197 9187 9187 9196 9196 9197 9197 9207 9207 9188 9188 9198 9198 9188 9188 9207 9207 9190 9190 9208 9208 9199 9199 9201 9201 9189 9189 9200 9200 7808 7808 7846 7846 9200 9200 9208 9208 9190 9190 9201 9201 9200 9200 9209 9209 9201 9201 9191 9191 9202 9202 9210 9210 9203 9203 9191 9191 9211 9211 9212 9212 9192 9192 9203 9203 9193 9193 9192 9192 9213 9213 9204 9204 9193 9193 9205 9205 9194 9194 9204 9204 9205 9205 9184 9184 9205 9205 9214 9214 9214 9214 9186 9186 9184 9184 9195 9195 9206 9206 9215 9215 9186 9186 9214 9214 9206 9206 9196 9196 9195 9195 9216 9216 9197 9197 9196 9196 9217 9217 9207 9207 9197 9197 9217 9217 7846 7846 9209 9209 9200 9200 9201 9201 9218 9218 9219 9219 9201 9201 9219 9219 9208 9208 9201 9201 9209 9209 9218 9218 7846 7846 7872 7872 9209 9209 9220 9220 9210 9210 9202 9202 9210 9210 9211 9211 9191 9191 9203 9203 9211 9211 9221 9221 9213 9213 9192 9192 9212 9212 9212 9212 9203 9203 9222 9222 9213 9213 9223 9223 9193 9193 9205 9205 9193 9193 9223 9223 9205 9205 9223 9223 9214 9214 9195 9195 9215 9215 9224 9224 9215 9215 9206 9206 9225 9225 9226 9226 9206 9206 9214 9214 9227 9227 9216 9216 9195 9195 9219 9219 9218 9218 9228 9228 9219 9219 9229 9229 9208 9208 9209 9209 9228 9228 9218 9218 9230 9230 9209 9209 7872 7872 9228 9228 9229 9229 9219 9219 7872 7872 7913 7913 9230 9230 9209 9209 9230 9230 9228 9228 9210 9210 9220 9220 9231 9231 9211 9211 9210 9210 9221 9221 9203 9203 9221 9221 9232 9232 9213 9213 9212 9212 9233 9233 9232 9232 9222 9222 9203 9203 9222 9222 9234 9234 9212 9212 9213 9213 9226 9226 9223 9223 9214 9214 9223 9223 9226 9226 9224 9224 9215 9215 9235 9235 9195 9195 9224 9224 9227 9227 9215 9215 9225 9225 9236 9236 9237 9237 9225 9225 9206 9206 9206 9206 9226 9226 9237 9237 9216 9216 9227 9227 9238 9238 9229 9229 9228 9228 9239 9239 9230 9230 7913 7913 9240 9240 7913 7913 7915 7915 9240 9240 9230 9230 9239 9239 9228 9228 9241 9241 9230 9230 9240 9240 7915 7915 9242 9242 9240 9240 9243 9243 9231 9231 9220 9220 9231 9231 9221 9221 9210 9210 9232 9232 9221 9221 9244 9244 9233 9233 9212 9212 9234 9234 9245 9245 9213 9213 9233 9233 9222 9222 9232 9232 9246 9246 9234 9234 9222 9222 9247 9247 9226 9226 9213 9213 9245 9245 9236 9236 9235 9235 9215 9215 9224 9224 9235 9235 9248 9248 9248 9248 9227 9227 9224 9224 9225 9225 9237 9237 9236 9236 9226 9226 9245 9245 9237 9237 9227 9227 9249 9249 9238 9238 9230 9230 9241 9241 9239 9239 9240 9240 9242 9242 9241 9241 7915 7915 7914 7914 9242 9242 9241 9241 9250 9250 9239 9239 9241 9241 9242 9242 9251 9251 9242 9242 7914 7914 9252 9252 9241 9241 9251 9251 9250 9250 9251 9251 9242 9242 9252 9252 9251 9251 9252 9252 9250 9250 9231 9231 9243 9243 9244 9244 9221 9221 9231 9231 9244 9244 9244 9244 9246 9246 9232 9232 9247 9247 9233 9233 9234 9234 9253 9253 9245 9245 9233 9233 9246 9246 9254 9254 9222 9222 9247 9247 9222 9222 9254 9254 9235 9235 9236 9236 9249 9249 9249 9249 9248 9248 9235 9235 9248 9248 9249 9249 9227 9227 9236 9236 9237 9237 9255 9255 9237 9237 9245 9245 9256 9256 9238 9238 9249 9249 9257 9257 9258 9258 9016 9016 9004 9004 9012 9012 9016 9016 9258 9258 9259 9259 9260 9260 9261 9261 9262 9262 9259 9259 9263 9263 9261 9261 9260 9260 9264 9264 9261 9261 9263 9263 9259 9259 9265 9265 9262 9262 9263 9263 9266 9266 9261 9261 9264 9264 9263 9263 9261 9261 9267 9267 9244 9244 9243 9243 9268 9268 9246 9246 9244 9244 9269 9269 9247 9247 9253 9253 9233 9233 9245 9245 9253 9253 9270 9270 9254 9254 9246 9246 9271 9271 9247 9247 9254 9254 9270 9270 9255 9255 9249 9249 9236 9236 9256 9256 9255 9255 9237 9237 9256 9256 9245 9245 9270 9270 9249 9249 9272 9272 9257 9257 9265 9265 9263 9263 9267 9267 9266 9266 9267 9267 9261 9261 9273 9273 9265 9265 9267 9267 9273 9273 9267 9267 9266 9266 9274 9274 9273 9273 9266 9266 9273 9273 9274 9274 9275 9275 9274 9274 9266 9266 9276 9276 9277 9277 9275 9275 9274 9274 9277 9277 9274 9274 9276 9276 4898 4898 9275 9275 9277 9277 9268 9268 9278 9278 9244 9244 9246 9246 9269 9269 9279 9279 9278 9278 9269 9269 9244 9244 9253 9253 9247 9247 9270 9270 9279 9279 9271 9271 9246 9246 9270 9270 9254 9254 9271 9271 9249 9249 9255 9255 9272 9272 9255 9255 9256 9256 9272 9272 9280 9280 9256 9256 9270 9270 9281 9281 9257 9257 9272 9272 9276 9276 9282 9282 9277 9277 4899 4899 4898 4898 9277 9277 9277 9277 9282 9282 9283 9283 9277 9277 9283 9283 4899 4899 9284 9284 9283 9283 9282 9282 4899 4899 9283 9283 9285 9285 9283 9283 9284 9284 9285 9285 4899 4899 9285 9285 4896 4896 9284 9284 9286 9286 9285 9285 9278 9278 9268 9268 9287 9287 9279 9279 9269 9269 9287 9287 9287 9287 9269 9269 9278 9278 9280 9280 9270 9270 9271 9271 9272 9272 9256 9256 9281 9281 9281 9281 9256 9256 9280 9280 9286 9286 9288 9288 9289 9289 9289 9289 9288 9288 9290 9290 4897 4897 4896 4896 9285 9285 9285 9285 9286 9286 9289 9289 3336 3336 9289 9289 9290 9290 9289 9289 4897 4897 9285 9285 4897 4897 9289 9289 3336 3336 3333 3333 9291 9291 3336 3336 3336 3336 9291 9291 4897 4897 5129 5129 5126 5126 3337 3337 3337 3337 974 974 5129 5129 9292 9292 9293 9293 9294 9294 9295 9295 9294 9294 9293 9293 9296 9296 9295 9295 9293 9293 9292 9292 9297 9297 9298 9298 9294 9294 9299 9299 9292 9292 9295 9295 9300 9300 9294 9294 9301 9301 9302 9302 9296 9296 9295 9295 9296 9296 9303 9303 9297 9297 9292 9292 9299 9299 9297 9297 9304 9304 9298 9298 9299 9299 9294 9294 9300 9300 9305 9305 9300 9300 9295 9295 9302 9302 9303 9303 9296 9296 9303 9303 9305 9305 9295 9295 9297 9297 9299 9299 9306 9306 9307 9307 9297 9297 9308 9308 9297 9297 9307 9307 9304 9304 9300 9300 9306 9306 9299 9299 9305 9305 9309 9309 9300 9300 9302 9302 9305 9305 9303 9303 9306 9306 9308 9308 9297 9297 9308 9308 9310 9310 9307 9307 9307 9307 9311 9311 9304 9304 9306 9306 9300 9300 9309 9309 9305 9305 9312 9312 9309 9309 9302 9302 9312 9312 9305 9305 9306 9306 9313 9313 9308 9308 9310 9310 9308 9308 9313 9313 9314 9314 9315 9315 9316 9316 9317 9317 9316 9316 9315 9315 9310 9310 9318 9318 9307 9307 9318 9318 9311 9311 9307 9307 9314 9314 9316 9316 9319 9319 9320 9320 9321 9321 9322 9322 9306 9306 9309 9309 9323 9323 9312 9312 9324 9324 9309 9309 9325 9325 9312 9312 9302 9302 9313 9313 9306 9306 9323 9323 9313 9313 9326 9326 9310 9310 9327 9327 9315 9315 9314 9314 9317 9317 9315 9315 9328 9328 9318 9318 9310 9310 9326 9326 9318 9318 9329 9329 9311 9311 9330 9330 9314 9314 9319 9319 9319 9319 9331 9331 9332 9332 9330 9330 9327 9327 9314 9314 9320 9320 9333 9333 9321 9321 9322 9322 9321 9321 9334 9334 9334 9334 9335 9335 9336 9336 9324 9324 9323 9323 9309 9309 9312 9312 9325 9325 9324 9324 9323 9323 9337 9337 9313 9313 9326 9326 9313 9313 9337 9337 9315 9315 9327 9327 9338 9338 9328 9328 9315 9315 9339 9339 9318 9318 9326 9326 9340 9340 9318 9318 9331 9331 9329 9329 9319 9319 9332 9332 9330 9330 9341 9341 9332 9332 9331 9331 9327 9327 9330 9330 9338 9338 9333 9333 9342 9342 9321 9321 9335 9335 9334 9334 9321 9321 9343 9343 9336 9336 9335 9335 9323 9323 9324 9324 9344 9344 9325 9325 9343 9343 9324 9324 9337 9337 9323 9323 9344 9344 9337 9337 9340 9340 9326 9326 9338 9338 9339 9339 9315 9315 9340 9340 9345 9345 9318 9318 9318 9318 9341 9341 9331 9331 1276 1276 1248 1248 9346 9346 9347 9347 9330 9330 9332 9332 9341 9341 9347 9347 9332 9332 9330 9330 9348 9348 9338 9338 9321 9321 9342 9342 9335 9335 1276 1276 9346 9346 1272 1272 9335 9335 9349 9349 9343 9343 9343 9343 9344 9344 9324 9324 9344 9344 9350 9350 9337 9337 9340 9340 9337 9337 9350 9350 9351 9351 1272 1272 9346 9346 1269 1269 1272 1272 9351 9351 1258 1258 1265 1265 1269 1269 9352 9352 1263 1263 1258 1258 9351 9351 9353 9353 1269 1269 9354 9354 1258 1258 1269 1269 9354 9354 9352 9352 1258 1258 9353 9353 9354 9354 1269 1269 9353 9353 9352 9352 9354 9354 9345 9345 9340 9340 9355 9355 1256 1256 3356 3356 9356 9356 9339 9339 9338 9338 9357 9357 9356 9356 3356 3356 9358 9358 9356 9356 9359 9359 1256 1256 9341 9341 9318 9318 9345 9345 9360 9360 9356 9356 9358 9358 9359 9359 9356 9356 9361 9361 9359 9359 9362 9362 1256 1256 9330 9330 9347 9347 9348 9348 9361 9361 9356 9356 9360 9360 9363 9363 9359 9359 9361 9361 9363 9363 9362 9362 9359 9359 1256 1256 9362 9362 9346 9346 9347 9347 9341 9341 9364 9364 1256 1256 9346 9346 1248 1248 9365 9365 9361 9361 9360 9360 9366 9366 9363 9363 9361 9361 9363 9363 9351 9351 9362 9362 9362 9362 9351 9351 9346 9346 9367 9367 9361 9361 9365 9365 9360 9360 9368 9368 9365 9365 9369 9369 9363 9363 9366 9366 9366 9366 9361 9361 9370 9370 9363 9363 9369 9369 9351 9351 9370 9370 9361 9361 9367 9367 9371 9371 9367 9367 9365 9365 9365 9365 9368 9368 9371 9371 9372 9372 9369 9369 9366 9366 9370 9370 9373 9373 9366 9366 9372 9372 9351 9351 9369 9369 9374 9374 9370 9370 9367 9367 9374 9374 9367 9367 9371 9371 9368 9368 9375 9375 9371 9371 9366 9366 9376 9376 9372 9372 9373 9373 9370 9370 9374 9374 9377 9377 9366 9366 9373 9373 9353 9353 9351 9351 9372 9372 9378 9378 9374 9374 9371 9371 9371 9371 9375 9375 9378 9378 9376 9376 9366 9366 9377 9377 9379 9379 9372 9372 9376 9376 9374 9374 9380 9380 9373 9373 9377 9377 9373 9373 9381 9381 9382 9382 9353 9353 9372 9372 9378 9378 9383 9383 9374 9374 9384 9384 9378 9378 9375 9375 9379 9379 9376 9376 9377 9377 9385 9385 9372 9372 9379 9379 9380 9380 9374 9374 9386 9386 9381 9381 9373 9373 9380 9380 9387 9387 9377 9377 9381 9381 9353 9353 9382 9382 9352 9352 9372 9372 9385 9385 9382 9382 9383 9383 9378 9378 9388 9388 9386 9386 9374 9374 9383 9383 9384 9384 9375 9375 9389 9389 9384 9384 9388 9388 9378 9378 9377 9377 9390 9390 9379 9379 9391 9391 9385 9385 9379 9379 9381 9381 9380 9380 9386 9386 9387 9387 9381 9381 9392 9392 9390 9390 9377 9377 9387 9387 9382 9382 9393 9393 9352 9352 9385 9385 9394 9394 9382 9382 9383 9383 9388 9388 9386 9386 9395 9395 9384 9384 9389 9389 9384 9384 9396 9396 9388 9388 9391 9391 9379 9379 9390 9390 9394 9394 9385 9385 9391 9391 9386 9386 9397 9397 9381 9381 9392 9392 9398 9398 9387 9387 9392 9392 9381 9381 9397 9397 9398 9398 9390 9390 9387 9387 9352 9352 9393 9393 1263 1263 9393 9393 9382 9382 9399 9399 9400 9400 9382 9382 9394 9394 9386 9386 9388 9388 9401 9401 9395 9395 9402 9402 9384 9384 9396 9396 9384 9384 9402 9402 9396 9396 9401 9401 9388 9388 9391 9391 9390 9390 9398 9398 9403 9403 9394 9394 9391 9391 9386 9386 9401 9401 9397 9397 9392 9392 9404 9404 9398 9398 9392 9392 9397 9397 9405 9405 9393 9393 1172 1172 1263 1263 9382 9382 9400 9400 9399 9399 9399 9399 1165 1165 9393 9393 9394 9394 9403 9403 9400 9400 9402 9402 9395 9395 9406 9406 9402 9402 9407 9407 9396 9396 9396 9396 9408 9408 9401 9401 9398 9398 9409 9409 9391 9391 9391 9391 9410 9410 9403 9403 9405 9405 9397 9397 9401 9401 9411 9411 9404 9404 9392 9392 9404 9404 9409 9409 9398 9398 9405 9405 9411 9411 9392 9392 1165 1165 1172 1172 9393 9393 9338 9338 9348 9348 9357 9357 9400 9400 9412 9412 9399 9399 9412 9412 1165 1165 9399 9399 9403 9403 9413 9413 9400 9400 9406 9406 9395 9395 9414 9414 9406 9406 9415 9415 9402 9402 9407 9407 9402 9402 9416 9416 9407 9407 9408 9408 9396 9396 9408 9408 9405 9405 9401 9401 9409 9409 9417 9417 9391 9391 9410 9410 9391 9391 9417 9417 9418 9418 9403 9403 9410 9410 9419 9419 9404 9404 9411 9411 9420 9420 9409 9409 9404 9404 9411 9411 9405 9405 9421 9421 9349 9349 9335 9335 9342 9342 9349 9349 9422 9422 9343 9343 9400 9400 9423 9423 9412 9412 1165 1165 9412 9412 9424 9424 9413 9413 9403 9403 9418 9418 9413 9413 9425 9425 9400 9400 9426 9426 9406 9406 9414 9414 9415 9415 9406 9406 9427 9427 9416 9416 9402 9402 9415 9415 9428 9428 9407 9407 9416 9416 9428 9428 9408 9408 9407 9407 9405 9405 9408 9408 9428 9428 9429 9429 9417 9417 9409 9409 9418 9418 9410 9410 9417 9417 9419 9419 9411 9411 9430 9430 9420 9420 9404 9404 9419 9419 9420 9420 9431 9431 9409 9409 9421 9421 9405 9405 9432 9432 9430 9430 9411 9411 9421 9421 9422 9422 9344 9344 9343 9343 9344 9344 9433 9433 9350 9350 9350 9350 9355 9355 9340 9340 9423 9423 9424 9424 9412 9412 9400 9400 9434 9434 9423 9423 9424 9424 1161 1161 1165 1165 9418 9418 9425 9425 9413 9413 9425 9425 9434 9434 9400 9400 9427 9427 9406 9406 9426 9426 9427 9427 9416 9416 9415 9415 9435 9435 9428 9428 9416 9416 9432 9432 9405 9405 9428 9428 9417 9417 9429 9429 9418 9418 9431 9431 9429 9429 9409 9409 9436 9436 9419 9419 9430 9430 9419 9419 9436 9436 9420 9420 9437 9437 9431 9431 9420 9420 9421 9421 9432 9432 9438 9438 9430 9430 9421 9421 9439 9439 9345 9345 9355 9355 9440 9440 9357 9357 9441 9441 9339 9339 9423 9423 9442 9442 9424 9424 9434 9434 9443 9443 9423 9423 1149 1149 1161 1161 9424 9424 9418 9418 9444 9444 9425 9425 9434 9434 9425 9425 9445 9445 9427 9427 9426 9426 9446 9446 9447 9447 9416 9416 9427 9427 9432 9432 9428 9428 9435 9435 9447 9447 9435 9435 9416 9416 9444 9444 9418 9418 9429 9429 9448 9448 9429 9429 9431 9431 9430 9430 9449 9449 9436 9436 9437 9437 9420 9420 9436 9436 9450 9450 9431 9431 9437 9437 9438 9438 9432 9432 9451 9451 9439 9439 9421 9421 9438 9438 9449 9449 9430 9430 9439 9439 9341 9341 9345 9345 9364 9364 9364 9364 9348 9348 9347 9347 9423 9423 9443 9443 9442 9442 9442 9442 1149 1149 9424 9424 9452 9452 9443 9443 9434 9434 9453 9453 9425 9425 9444 9444 9425 9425 9453 9453 9445 9445 9454 9454 9434 9434 9445 9445 9446 9446 9455 9455 9427 9427 9456 9456 9447 9447 9427 9427 9435 9435 9451 9451 9432 9432 9447 9447 9457 9457 9435 9435 9448 9448 9444 9444 9429 9429 9431 9431 9450 9450 9448 9448 9458 9458 9436 9436 9449 9449 9436 9436 9459 9459 9437 9437 9460 9460 9450 9450 9437 9437 9451 9451 9461 9461 9438 9438 9439 9439 9438 9438 9461 9461 9462 9462 9449 9449 9439 9439 9463 9463 9357 9357 9348 9348 9443 9443 9464 9464 9442 9442 1143 1143 1149 1149 9442 9442 9452 9452 9464 9464 9443 9443 9434 9434 9454 9454 9452 9452 9453 9453 9444 9444 9448 9448 9465 9465 9445 9445 9453 9453 9466 9466 9454 9454 9445 9445 9455 9455 9446 9446 9467 9467 9455 9455 9456 9456 9427 9427 9456 9456 9468 9468 9447 9447 9451 9451 9435 9435 9469 9469 9468 9468 9457 9457 9447 9447 9469 9469 9435 9435 9457 9457 9470 9470 9448 9448 9450 9450 9458 9458 9459 9459 9436 9436 9449 9449 9471 9471 9458 9458 9460 9460 9437 9437 9459 9459 9472 9472 9450 9450 9460 9460 9461 9461 9451 9451 9469 9469 9439 9439 9461 9461 9473 9473 9473 9473 9462 9462 9439 9439 9471 9471 9449 9449 9462 9462 9342 9342 9474 9474 9349 9349 9464 9464 1143 1143 9442 9442 9452 9452 1140 1140 9464 9464 9454 9454 9475 9475 9452 9452 9448 9448 9465 9465 9453 9453 9465 9465 9466 9466 9445 9445 9476 9476 9454 9454 9466 9466 9477 9477 9455 9455 9467 9467 9467 9467 9446 9446 9478 9478 9456 9456 9455 9455 9477 9477 9468 9468 9456 9456 9477 9477 9479 9479 9457 9457 9468 9468 9469 9469 9457 9457 9479 9479 9448 9448 9470 9470 9465 9465 9450 9450 9480 9480 9470 9470 9458 9458 9481 9481 9459 9459 9471 9471 9481 9481 9458 9458 9482 9482 9460 9460 9459 9459 9480 9480 9450 9450 9472 9472 9482 9482 9472 9472 9460 9460 9469 9469 9483 9483 9461 9461 9473 9473 9461 9461 9483 9483 9462 9462 9473 9473 9484 9484 9462 9462 9485 9485 9471 9471 9349 9349 9486 9486 9422 9422 1140 1140 1143 1143 9464 9464 1135 1135 1140 1140 9452 9452 9475 9475 9454 9454 9476 9476 9487 9487 9452 9452 9475 9475 9488 9488 9466 9466 9465 9465 9488 9488 9476 9476 9466 9466 9489 9489 9477 9477 9467 9467 9467 9467 9478 9478 9489 9489 9477 9477 9490 9490 9468 9468 9479 9479 9468 9468 9491 9491 9483 9483 9469 9469 9479 9479 9488 9488 9465 9465 9470 9470 9480 9480 9488 9488 9470 9470 9482 9482 9459 9459 9481 9481 9481 9481 9471 9471 9492 9492 9493 9493 9480 9480 9472 9472 9494 9494 9472 9472 9482 9482 9473 9473 9483 9483 9495 9495 9484 9484 9473 9473 9495 9495 9485 9485 9462 9462 9484 9484 9496 9496 9471 9471 9485 9485 9344 9344 9422 9422 9497 9497 9440 9440 9498 9498 9345 9345 9487 9487 1135 1135 9452 9452 9499 9499 9475 9475 9476 9476 9500 9500 9487 9487 9475 9475 9501 9501 9476 9476 9488 9488 9502 9502 9477 9477 9489 9489 9489 9489 9478 9478 9503 9503 9490 9490 9477 9477 9504 9504 9491 9491 9468 9468 9490 9490 9505 9505 9479 9479 9491 9491 9479 9479 9505 9505 9483 9483 9480 9480 9506 9506 9488 9488 9481 9481 9507 9507 9482 9482 9492 9492 9471 9471 9496 9496 9492 9492 9507 9507 9481 9481 9506 9506 9480 9480 9493 9493 9508 9508 9493 9493 9472 9472 9508 9508 9472 9472 9494 9494 9509 9509 9494 9494 9482 9482 9495 9495 9483 9483 9505 9505 9484 9484 9495 9495 9510 9510 9484 9484 9511 9511 9485 9485 9512 9512 9496 9496 9485 9485 9344 9344 9497 9497 9433 9433 9355 9355 9350 9350 9433 9433 9513 9513 1135 1135 9487 9487 9514 9514 9475 9475 9499 9499 9501 9501 9499 9499 9476 9476 9500 9500 9475 9475 9514 9514 9487 9487 9500 9500 9515 9515 9516 9516 9501 9501 9488 9488 9517 9517 9477 9477 9502 9502 9502 9502 9489 9489 9503 9503 9504 9504 9477 9477 9517 9517 9491 9491 9490 9490 9504 9504 9491 9491 9518 9518 9505 9505 9506 9506 9516 9516 9488 9488 9507 9507 9509 9509 9482 9482 9519 9519 9492 9492 9496 9496 9507 9507 9492 9492 9509 9509 9520 9520 9506 9506 9493 9493 9520 9520 9493 9493 9508 9508 9508 9508 9494 9494 9509 9509 9495 9495 9505 9505 9510 9510 9510 9510 9521 9521 9484 9484 9511 9511 9484 9484 9522 9522 9511 9511 9512 9512 9485 9485 9519 9519 9496 9496 9512 9512 9523 9523 9440 9440 9355 9355 9524 9524 9441 9441 9357 9357 1135 1135 9513 9513 1134 1134 9487 9487 9515 9515 9513 9513 9525 9525 9514 9514 9499 9499 9501 9501 9526 9526 9499 9499 9527 9527 9500 9500 9514 9514 9528 9528 9515 9515 9500 9500 9501 9501 9516 9516 9529 9529 9517 9517 9502 9502 9530 9530 9531 9531 9502 9502 9503 9503 9517 9517 9532 9532 9504 9504 9533 9533 9491 9491 9504 9504 9518 9518 9491 9491 9534 9534 9510 9510 9505 9505 9518 9518 9516 9516 9506 9506 9520 9520 9535 9535 9492 9492 9519 9519 9492 9492 9535 9535 9509 9509 9508 9508 9536 9536 9520 9520 9537 9537 9508 9508 9509 9509 9522 9522 9484 9484 9521 9521 9521 9521 9510 9510 9538 9538 9512 9512 9511 9511 9522 9522 9519 9519 9512 9512 9539 9539 9498 9498 9364 9364 9345 9345 9364 9364 9463 9463 9348 9348 9513 9513 9540 9540 1134 1134 9513 9513 9515 9515 9540 9540 9541 9541 9514 9514 9525 9525 9525 9525 9499 9499 9526 9526 9526 9526 9501 9501 9542 9542 9543 9543 9500 9500 9527 9527 9544 9544 9527 9527 9514 9514 9545 9545 9515 9515 9528 9528 9500 9500 9543 9543 9528 9528 9529 9529 9516 9516 9520 9520 9542 9542 9501 9501 9529 9529 9532 9532 9517 9517 9530 9530 9530 9530 9502 9502 9546 9546 9546 9546 9502 9502 9531 9531 9533 9533 9504 9504 9532 9532 9533 9533 9534 9534 9491 9491 9547 9547 9518 9518 9534 9534 9547 9547 9510 9510 9518 9518 9519 9519 9548 9548 9535 9535 9535 9535 9537 9537 9509 9509 9536 9536 9508 9508 9537 9537 9529 9529 9520 9520 9536 9536 9549 9549 9522 9522 9521 9521 9538 9538 9549 9549 9521 9521 9538 9538 9510 9510 9547 9547 9550 9550 9512 9512 9522 9522 9539 9539 9512 9512 9550 9550 9551 9551 9519 9519 9539 9539 9540 9540 1126 1126 1134 1134 9545 9545 9540 9540 9515 9515 9514 9514 9541 9541 9544 9544 9552 9552 9541 9541 9525 9525 9553 9553 9525 9525 9526 9526 9553 9553 9526 9526 9542 9542 9544 9544 9543 9543 9527 9527 9545 9545 9528 9528 9554 9554 9554 9554 9528 9528 9543 9543 9555 9555 9542 9542 9529 9529 9556 9556 9532 9532 9530 9530 9557 9557 9530 9530 9546 9546 9533 9533 9532 9532 9556 9556 9533 9533 9558 9558 9534 9534 9558 9558 9547 9547 9534 9534 9559 9559 9535 9535 9548 9548 9548 9548 9519 9519 9551 9551 9536 9536 9537 9537 9535 9535 9536 9536 9560 9560 9529 9529 9549 9549 9561 9561 9522 9522 9562 9562 9549 9549 9538 9538 9562 9562 9538 9538 9547 9547 9561 9561 9550 9550 9522 9522 9550 9550 9563 9563 9539 9539 9551 9551 9539 9539 9564 9564 9565 9565 1126 1126 9540 9540 9565 9565 9540 9540 9545 9545 9566 9566 9544 9544 9541 9541 9541 9541 9552 9552 9566 9566 9552 9552 9525 9525 9553 9553 9554 9554 9543 9543 9544 9544 9567 9567 9545 9545 9554 9554 9555 9555 9529 9529 9560 9560 9556 9556 9530 9530 9568 9568 9568 9568 9530 9530 9557 9557 9569 9569 9557 9557 9546 9546 9570 9570 9533 9533 9556 9556 9558 9558 9533 9533 9570 9570 9558 9558 9562 9562 9547 9547 9535 9535 9559 9559 9560 9560 9559 9559 9548 9548 9571 9571 9572 9572 9548 9548 9551 9551 9560 9560 9536 9536 9535 9535 9573 9573 9561 9561 9549 9549 9562 9562 9573 9573 9549 9549 9563 9563 9550 9550 9561 9561 9564 9564 9539 9539 9563 9563 9572 9572 9551 9551 9564 9564 9566 9566 9554 9554 9544 9544 9574 9574 9566 9566 9552 9552 9575 9575 9552 9552 9553 9553 9567 9567 9554 9554 9566 9566 9560 9560 9576 9576 9555 9555 9577 9577 9556 9556 9568 9568 9568 9568 9557 9557 9578 9578 9557 9557 9569 9569 9579 9579 9570 9570 9556 9556 9580 9580 9570 9570 9562 9562 9558 9558 9576 9576 9560 9560 9559 9559 9571 9571 9548 9548 9572 9572 9571 9571 9581 9581 9559 9559 9573 9573 9582 9582 9561 9561 9573 9573 9562 9562 9583 9583 9561 9561 9584 9584 9563 9563 9564 9564 9563 9563 9584 9584 9572 9572 9564 9564 9585 9585 9574 9574 9552 9552 9575 9575 9574 9574 9567 9567 9566 9566 9577 9577 9568 9568 9586 9586 9580 9580 9556 9556 9577 9577 9586 9586 9568 9568 9578 9578 9578 9578 9557 9557 9587 9587 9587 9587 9557 9557 9579 9579 9588 9588 9570 9570 9580 9580 9570 9570 9588 9588 9562 9562 9576 9576 9559 9559 9589 9589 9571 9571 9572 9572 9585 9585 9581 9581 9571 9571 9585 9585 9589 9589 9559 9559 9581 9581 9583 9583 9582 9582 9573 9573 9590 9590 9561 9561 9582 9582 9583 9583 9562 9562 9591 9591 9584 9584 9561 9561 9590 9590 9585 9585 9564 9564 9584 9584 9586 9586 9580 9580 9577 9577 9592 9592 9586 9586 9578 9578 9587 9587 9593 9593 9578 9578 9587 9587 9579 9579 9594 9594 9595 9595 9588 9588 9580 9580 9591 9591 9562 9562 9588 9588 9596 9596 9576 9576 9589 9589 9585 9585 9597 9597 9581 9581 9597 9597 9589 9589 9581 9581 9583 9583 9598 9598 9582 9582 9590 9590 9582 9582 9598 9598 9595 9595 9583 9583 9591 9591 9599 9599 9584 9584 9590 9590 9585 9585 9584 9584 9600 9600 9601 9601 9580 9580 9586 9586 9593 9593 9592 9592 9578 9578 9592 9592 9601 9601 9586 9586 9593 9593 9587 9587 9602 9602 9587 9587 9594 9594 9603 9603 9604 9604 9595 9595 9580 9580 9591 9591 9588 9588 9595 9595 9605 9605 9596 9596 9589 9589 9600 9600 9597 9597 9585 9585 9589 9589 9597 9597 9606 9606 9607 9607 9598 9598 9583 9583 9608 9608 9590 9590 9598 9598 9609 9609 9583 9583 9595 9595 9600 9600 9584 9584 9599 9599 9599 9599 9590 9590 9610 9610 9601 9601 9604 9604 9580 9580 9592 9592 9593 9593 9602 9602 9592 9592 9611 9611 9601 9601 9602 9602 9587 9587 9612 9612 9603 9603 9612 9612 9587 9587 9613 9613 9595 9595 9604 9604 9614 9614 9605 9605 9589 9589 9605 9605 9615 9615 9596 9596 9597 9597 9600 9600 9616 9616 9606 9606 9597 9597 9617 9617 9614 9614 9589 9589 9606 9606 9607 9607 9583 9583 9609 9609 9607 9607 9608 9608 9598 9598 9608 9608 9618 9618 9590 9590 9619 9619 9609 9609 9595 9595 9600 9600 9599 9599 9610 9610 9618 9618 9610 9610 9590 9590 9611 9611 9604 9604 9601 9601 9620 9620 9592 9592 9602 9602 9620 9620 9611 9611 9592 9592 9602 9602 9612 9612 9621 9621 9621 9621 9612 9612 9603 9603 9622 9622 9613 9613 9604 9604 9613 9613 9619 9619 9595 9595 9623 9623 9605 9605 9614 9614 9615 9615 9605 9605 9623 9623 9624 9624 9596 9596 9615 9615 9616 9616 9600 9600 9610 9610 9617 9617 9597 9597 9616 9616 9625 9625 9606 9606 9617 9617 9614 9614 9606 9606 9625 9625 9619 9619 9607 9607 9609 9609 9626 9626 9608 9608 9607 9607 9618 9618 9608 9608 9626 9626 9618 9618 9627 9627 9610 9610 9628 9628 9604 9604 9611 9611 9629 9629 9620 9620 9602 9602 9630 9630 9611 9611 9620 9620 9621 9621 9629 9629 9602 9602 9631 9631 9621 9621 9603 9603 9619 9619 9613 9613 9622 9622 9622 9622 9604 9604 9628 9628 9623 9623 9614 9614 9632 9632 9623 9623 9633 9633 9615 9615 9624 9624 9615 9615 9633 9633 9596 9596 9624 9624 9634 9634 9616 9616 9610 9610 9635 9635 9617 9617 9616 9616 9636 9636 9625 9625 9617 9617 9637 9637 9625 9625 9632 9632 9614 9614 9619 9619 9626 9626 9607 9607 9626 9626 9638 9638 9618 9618 9627 9627 9618 9618 9638 9638 9610 9610 9627 9627 9635 9635 9630 9630 9628 9628 9611 9611 9639 9639 9620 9620 9629 9629 9640 9640 9630 9630 9620 9620 9629 9629 9621 9621 9641 9641 9641 9641 9621 9621 9631 9631 9622 9622 9642 9642 9619 9619 9628 9628 9643 9643 9622 9622 9633 9633 9623 9623 9632 9632 9644 9644 9624 9624 9633 9633 9645 9645 9634 9634 9624 9624 9635 9635 9636 9636 9616 9616 9636 9636 9637 9637 9617 9617 9619 9619 9646 9646 9626 9626 9638 9638 9626 9626 9646 9646 9647 9647 9627 9627 9638 9638 9635 9635 9627 9627 9647 9647 9628 9628 9630 9630 9648 9648 9639 9639 9640 9640 9620 9620 9649 9649 9639 9639 9629 9629 9648 9648 9630 9630 9640 9640 9641 9641 9649 9649 9629 9629 9650 9650 9641 9641 9631 9631 9642 9642 9622 9622 9643 9643 9646 9646 9619 9619 9642 9642 9643 9643 9628 9628 9648 9648 9651 9651 9624 9624 9644 9644 9651 9651 9645 9645 9624 9624 9636 9636 9635 9635 9652 9652 9637 9637 9636 9636 9652 9652 9646 9646 9653 9653 9638 9638 9653 9653 9647 9647 9638 9638 9654 9654 9635 9635 9647 9647 9640 9640 9639 9639 9655 9655 9655 9655 9639 9639 9649 9649 9648 9648 9640 9640 9655 9655 9649 9649 9641 9641 9656 9656 9657 9657 9641 9641 9650 9650 9643 9643 9658 9658 9642 9642 9642 9642 9659 9659 9646 9646 9660 9660 9651 9651 9644 9644 9651 9651 9660 9660 9645 9645 9653 9653 9646 9646 9654 9654 9647 9647 9653 9653 9654 9654 9635 9635 9654 9654 9661 9661 9655 9655 9649 9649 9662 9662 9648 9648 9655 9655 9662 9662 9656 9656 9641 9641 9663 9663 9664 9664 9649 9649 9656 9656 9657 9657 9663 9663 9641 9641 9643 9643 9661 9661 9658 9658 9659 9659 9642 9642 9658 9658 9654 9654 9646 9646 9659 9659 9658 9658 9661 9661 9654 9654 9662 9662 9649 9649 9664 9664 9656 9656 9663 9663 9665 9665 9664 9664 9656 9656 9665 9665 9657 9657 9666 9666 9663 9663 9654 9654 9659 9659 9658 9658 9662 9662 9664 9664 9667 9667 9665 9665 9663 9663 9666 9666 9664 9664 9665 9665 9668 9668 9667 9667 9664 9664 9668 9668 9668 9668 9665 9665 9666 9666 9669 9669 4934 4934 4933 4933 9670 9670 9669 9669 4933 4933 9671 9671 9670 9670 4933 4933 9670 9670 9672 9672 9669 9669 4933 4933 4932 4932 9671 9671 9672 9672 9670 9670 3345 3345 9672 9672 9673 9673 9669 9669 3345 3345 1120 1120 9672 9672 9672 9672 9674 9674 9673 9673 9463 9463 9675 9675 9357 9357 9674 9674 9672 9672 1120 1120 9676 9676 9673 9673 9674 9674 9474 9474 9677 9677 9349 9349 9674 9674 1120 1120 1115 1115 9674 9674 1114 1114 9676 9676 9677 9677 9486 9486 9349 9349 1114 1114 9674 9674 1115 1115 9678 9678 9676 9676 1114 1114 9422 9422 9486 9486 9497 9497 9498 9498 9440 9440 9679 9679 9678 9678 1114 1114 9680 9680 9681 9681 9676 9676 9678 9678 9497 9497 9682 9682 9433 9433 9355 9355 9433 9433 9523 9523 9680 9680 1114 1114 1111 1111 9680 9680 9683 9683 9678 9678 9676 9676 9681 9681 9684 9684 9685 9685 9681 9681 9678 9678 9523 9523 9679 9679 9440 9440 9675 9675 9524 9524 9357 9357 9686 9686 9680 9680 1111 1111 9680 9680 9686 9686 9683 9683 9678 9678 9683 9683 9685 9685 9687 9687 9684 9684 9681 9681 9681 9681 9685 9685 9687 9687 9524 9524 9688 9688 9441 9441 1109 1109 1507 1507 1111 1111 9364 9364 9498 9498 9689 9689 9686 9686 1111 1111 1496 1496 9690 9690 9683 9683 9686 9686 9690 9690 9685 9685 9683 9683 9691 9691 9684 9684 9687 9687 9692 9692 9687 9687 9685 9685 9463 9463 9364 9364 9693 9693 1507 1507 1109 1109 1106 1106 1496 1496 1111 1111 1507 1507 9690 9690 9686 9686 1496 1496 9692 9692 9685 9685 9690 9690 9694 9694 9691 9691 9687 9687 9695 9695 9684 9684 9691 9691 9692 9692 9694 9694 9687 9687 1496 1496 1493 1493 9690 9690 9696 9696 9692 9692 9690 9690 9691 9691 9694 9694 9697 9697 9697 9697 9695 9695 9691 9691 9698 9698 9694 9694 9692 9692 9690 9690 1493 1493 9696 9696 9699 9699 9692 9692 9696 9696 9700 9700 9697 9697 9694 9694 9699 9699 9698 9698 9692 9692 9698 9698 9700 9700 9694 9694 1495 1495 9696 9696 1493 1493 9701 9701 9699 9699 9696 9696 9702 9702 9697 9697 9700 9700 1644 1644 9698 9698 9699 9699 1644 1644 9700 9700 9698 9698 1495 1495 9701 9701 9696 9696 9701 9701 1660 1660 9699 9699 1644 1644 9702 9702 9700 9700 1660 1660 1644 1644 9699 9699 1498 1498 9701 9701 1495 1495 1498 1498 1660 1660 9701 9701 9675 9675 9463 9463 9703 9703 9474 9474 9704 9704 9677 9677 9677 9677 9705 9705 9486 9486 9486 9486 9682 9682 9497 9497 9679 9679 9689 9689 9498 9498 9682 9682 9523 9523 9433 9433 9706 9706 9679 9679 9523 9523 9524 9524 9675 9675 9707 9707 9708 9708 9688 9688 9524 9524 9689 9689 9693 9693 9364 9364 9693 9693 9703 9703 9463 9463 9675 9675 9703 9703 9709 9709 9704 9704 9705 9705 9677 9677 9705 9705 9682 9682 9486 9486 9689 9689 9679 9679 9706 9706 9523 9523 9682 9682 9706 9706 9710 9710 9711 9711 9712 9712 9709 9709 9707 9707 9675 9675 9524 9524 9707 9707 9713 9713 9714 9714 9708 9708 9524 9524 9693 9693 9689 9689 9715 9715 9703 9703 9693 9693 9716 9716 9716 9716 9717 9717 9703 9703 9717 9717 9709 9709 9703 9703 9704 9704 9718 9718 9705 9705 9705 9705 9719 9719 9682 9682 9706 9706 9715 9715 9689 9689 9719 9719 9706 9706 9682 9682 9720 9720 9711 9711 9710 9710 9710 9710 9712 9712 9708 9708 9707 9707 9709 9709 9721 9721 9713 9713 9714 9714 9524 9524 9721 9721 9713 9713 9707 9707 9708 9708 9714 9714 9722 9722 9715 9715 9716 9716 9693 9693 9709 9709 9717 9717 9716 9716 9719 9719 9705 9705 9718 9718 9706 9706 9723 9723 9715 9715 9719 9719 9724 9724 9706 9706 9725 9725 9724 9724 9719 9719 9726 9726 9720 9720 9710 9710 9727 9727 9710 9710 9708 9708 9708 9708 9728 9728 9727 9727 9722 9722 9728 9728 9708 9708 9709 9709 9729 9729 9721 9721 9714 9714 9713 9713 9730 9730 9713 9713 9721 9721 9731 9731 9730 9730 9722 9722 9714 9714 9716 9716 9715 9715 9723 9723 9709 9709 9716 9716 9729 9729 9718 9718 9725 9725 9719 9719 9724 9724 9723 9723 9706 9706 9725 9725 9732 9732 9724 9724 9710 9710 9727 9727 9726 9726 9733 9733 9727 9727 9728 9728 9728 9728 9722 9722 9733 9733 9729 9729 9731 9731 9721 9721 9731 9731 9730 9730 9713 9713 9722 9722 9730 9730 9734 9734 9716 9716 9723 9723 9735 9735 9735 9735 9729 9729 9716 9716 9718 9718 9732 9732 9725 9725 9736 9736 9723 9723 9724 9724 9732 9732 9736 9736 9724 9724 9737 9737 9726 9726 9727 9727 9727 9727 9733 9733 9737 9737 9734 9734 9733 9733 9722 9722 9738 9738 9731 9731 9729 9729 9731 9731 9734 9734 9730 9730 9723 9723 9739 9739 9735 9735 9729 9729 9735 9735 9738 9738 9740 9740 9732 9732 9718 9718 9736 9736 9739 9739 9723 9723 9736 9736 9732 9732 9741 9741 9726 9726 9737 9737 9742 9742 9733 9733 9734 9734 9737 9737 9738 9738 9734 9734 9731 9731 9739 9739 9738 9738 9735 9735 9740 9740 9741 9741 9732 9732 9741 9741 9739 9739 9736 9736 9737 9737 9743 9743 9742 9742 9737 9737 9734 9734 9743 9743 9744 9744 9734 9734 9738 9738 9739 9739 9744 9744 9738 9738 1099 1099 1096 1096 9745 9745 1095 1095 1093 1093 1096 1096 9741 9741 9740 9740 9746 9746 9747 9747 9739 9739 9741 9741 9743 9743 9748 9748 9742 9742 9734 9734 9744 9744 9743 9743 9742 9742 9748 9748 9749 9749 9745 9745 1096 1096 1093 1093 9750 9750 9744 9744 9739 9739 9747 9747 9750 9750 9739 9739 9746 9746 9747 9747 9741 9741 9751 9751 9748 9748 9743 9743 9752 9752 9743 9743 9744 9744 9751 9751 9749 9749 9748 9748 1084 1084 9753 9753 1093 1093 9753 9753 9745 9745 1093 1093 9744 9744 9750 9750 9752 9752 9747 9747 9754 9754 9750 9750 9746 9746 9755 9755 9747 9747 9752 9752 9751 9751 9743 9743 9749 9749 9751 9751 9756 9756 9754 9754 9752 9752 9750 9750 1075 1075 9753 9753 1084 1084 9755 9755 9754 9754 9747 9747 9757 9757 9755 9755 9746 9746 1077 1077 1075 1075 1084 1084 1075 1075 9758 9758 9753 9753 9759 9759 9751 9751 9752 9752 9751 9751 9760 9760 9756 9756 1075 1075 9761 9761 9758 9758 9758 9758 9762 9762 9753 9753 9754 9754 9759 9759 9752 9752 1072 1072 9761 9761 1075 1075 9758 9758 9761 9761 9763 9763 9762 9762 9758 9758 9763 9763 9764 9764 9754 9754 9755 9755 9755 9755 9757 9757 9765 9765 9766 9766 9765 9765 9757 9757 9759 9759 9760 9760 9751 9751 9760 9760 9767 9767 9756 9756 9764 9764 9759 9759 9754 9754 9768 9768 9769 9769 9766 9766 9765 9765 9764 9764 9755 9755 1538 1538 1069 1069 1064 1064 9769 9769 9765 9765 9766 9766 9770 9770 9760 9760 9759 9759 1538 1538 1064 1064 1060 1060 9771 9771 9767 9767 9760 9760 9772 9772 9759 9759 9764 9764 9768 9768 9773 9773 9769 9769 1060 1060 1064 1064 1062 1062 1530 1530 1538 1538 1060 1060 9774 9774 9764 9764 9765 9765 9765 9765 9769 9769 9773 9773 9772 9772 9770 9770 9759 9759 9770 9770 9771 9771 9760 9760 9774 9774 9772 9772 9764 9764 9775 9775 9773 9773 9768 9768 1060 1060 9776 9776 1530 1530 9773 9773 9774 9774 9765 9765 9770 9770 9772 9772 9777 9777 9776 9776 1060 1060 9778 9778 1520 1520 1530 1530 9776 9776 9779 9779 9771 9771 9770 9770 9777 9777 9779 9779 9770 9770 9778 9778 1060 1060 1057 1057 9778 9778 9780 9780 9776 9776 9776 9776 9780 9780 1520 1520 9781 9781 9772 9772 9774 9774 1051 1051 9782 9782 1057 1057 9782 9782 9778 9778 1057 1057 9780 9780 9778 9778 9783 9783 9784 9784 1520 1520 9780 9780 9774 9774 9773 9773 9775 9775 1051 1051 1050 1050 9782 9782 9783 9783 9778 9778 9782 9782 9783 9783 9785 9785 9780 9780 9784 9784 9780 9780 9785 9785 1510 1510 1520 1520 9784 9784 9772 9772 9781 9781 9786 9786 9772 9772 9786 9786 9777 9777 9783 9783 9782 9782 1050 1050 9783 9783 9787 9787 9785 9785 9785 9785 9788 9788 9784 9784 9789 9789 1510 1510 9784 9784 9771 9771 9779 9779 9790 9790 9791 9791 9779 9779 9777 9777 9774 9774 9792 9792 9781 9781 1050 1050 9793 9793 9783 9783 9783 9783 9793 9793 9787 9787 9787 9787 9794 9794 9785 9785 9794 9794 9788 9788 9785 9785 9788 9788 9789 9789 9784 9784 1514 1514 1510 1510 9789 9789 9774 9774 9775 9775 9792 9792 9786 9786 9781 9781 9795 9795 9786 9786 9791 9791 9777 9777 9796 9796 1050 1050 1046 1046 9793 9793 1050 1050 9796 9796 9787 9787 9793 9793 1031 1031 9794 9794 9787 9787 9797 9797 9798 9798 9788 9788 9794 9794 9789 9789 9788 9788 9798 9798 1514 1514 9789 9789 9798 9798 9791 9791 9790 9790 9779 9779 9799 9799 9781 9781 9792 9792 9800 9800 9792 9792 9775 9775 1031 1031 9796 9796 1046 1046 9796 9796 1031 1031 9793 9793 9787 9787 1031 1031 9801 9801 9797 9797 9787 9787 9801 9801 9802 9802 9794 9794 9797 9797 9798 9798 9794 9794 9802 9802 9803 9803 1514 1514 9798 9798 9799 9799 9795 9795 9781 9781 9804 9804 9805 9805 9806 9806 9790 9790 9805 9805 9804 9804 9786 9786 9795 9795 9807 9807 9807 9807 9791 9791 9786 9786 9801 9801 1031 1031 1015 1015 9797 9797 9801 9801 9808 9808 9797 9797 9809 9809 9802 9802 9802 9802 9809 9809 9798 9798 1514 1514 9803 9803 1515 1515 9803 9803 9798 9798 9810 9810 9811 9811 9790 9790 9791 9791 9800 9800 9799 9799 9792 9792 9799 9799 9812 9812 9795 9795 9813 9813 9806 9806 9805 9805 1015 1015 1014 1014 9801 9801 9814 9814 9808 9808 9801 9801 9809 9809 9797 9797 9808 9808 9809 9809 9810 9810 9798 9798 9815 9815 1515 1515 9803 9803 9816 9816 9803 9803 9810 9810 9811 9811 9805 9805 9790 9790 9812 9812 9807 9807 9795 9795 9807 9807 9811 9811 9791 9791 9799 9799 9800 9800 9817 9817 9799 9799 9818 9818 9812 9812 1014 1014 9814 9814 9801 9801 9805 9805 9819 9819 9813 9813 9808 9808 9814 9814 9820 9820 9808 9808 9821 9821 9809 9809 9810 9810 9809 9809 9821 9821 9815 9815 9803 9803 9816 9816 9810 9810 9822 9822 9816 9816 9819 9819 9805 9805 9811 9811 9807 9807 9812 9812 9823 9823 9807 9807 9823 9823 9811 9811 9824 9824 9817 9817 9800 9800 1014 1014 9820 9820 9814 9814 9799 9799 9817 9817 9818 9818 9808 9808 9820 9820 9825 9825 9821 9821 9808 9808 9826 9826 9821 9821 9822 9822 9810 9810 9827 9827 9816 9816 9822 9822 9818 9818 9828 9828 9812 9812 9819 9819 9829 9829 9813 9813 9830 9830 9819 9819 9811 9811 9820 9820 1014 1014 1001 1001 9812 9812 9828 9828 9823 9823 9808 9808 9825 9825 9831 9831 9821 9821 9826 9826 9832 9832 9831 9831 9826 9826 9808 9808 9821 9821 9833 9833 9822 9822 9827 9827 9822 9822 9834 9834 9823 9823 9830 9830 9811 9811 9817 9817 9824 9824 9835 9835 9836 9836 9818 9818 9817 9817 9820 9820 1001 1001 985 985 9837 9837 9828 9828 9818 9818 9832 9832 9826 9826 9831 9831 9832 9832 9833 9833 9821 9821 9834 9834 9822 9822 9833 9833 9838 9838 9827 9827 9834 9834 9819 9819 9830 9830 9829 9829 9837 9837 9839 9839 9828 9828 9828 9828 9830 9830 9823 9823 9824 9824 9840 9840 9835 9835 985 985 982 982 9820 9820 9835 9835 9836 9836 9817 9817 9832 9832 9841 9841 9833 9833 9833 9833 9842 9842 9834 9834 9843 9843 9838 9838 9834 9834 9818 9818 9836 9836 9844 9844 9845 9845 9837 9837 9818 9818 9840 9840 9846 9846 9847 9847 9848 9848 9849 9849 9850 9850 9851 9851 9829 9829 9830 9830 9845 9845 9839 9839 9837 9837 9843 9843 9841 9841 9832 9832 9842 9842 9833 9833 9841 9841 9834 9834 9842 9842 9843 9843 9839 9839 9830 9830 9828 9828 9840 9840 9847 9847 9835 9835 9835 9835 9844 9844 9836 9836 9844 9844 9845 9845 9818 9818 9852 9852 9853 9853 9846 9846 9842 9842 9841 9841 9843 9843 9854 9854 9847 9847 9846 9846 9849 9849 9855 9855 9850 9850 9855 9855 9856 9856 9857 9857 9848 9848 9858 9858 9859 9859 9848 9848 9859 9859 9849 9849 9857 9857 9856 9856 9860 9860 9860 9860 9861 9861 9862 9862 9862 9862 9853 9853 9852 9852 9863 9863 9829 9829 9851 9851 9830 9830 9864 9864 9851 9851 9865 9865 9839 9839 9845 9845 9839 9839 9864 9864 9830 9830 9866 9866 9835 9835 9847 9847 9867 9867 9844 9844 9835 9835 9844 9844 9865 9865 9845 9845 9854 9854 9866 9866 9847 9847 9853 9853 9854 9854 9846 9846 9849 9849 9856 9856 9855 9855 9858 9858 9868 9868 9859 9859 9859 9859 9869 9869 9849 9849 9856 9856 9861 9861 9860 9860 9861 9861 9853 9853 9862 9862 9858 9858 9870 9870 9868 9868 9864 9864 9863 9863 9851 9851 9865 9865 9864 9864 9839 9839 9866 9866 9867 9867 9835 9835 9867 9867 9871 9871 9844 9844 9871 9871 9865 9865 9844 9844 9872 9872 9866 9866 9854 9854 9854 9854 9853 9853 9873 9873 9856 9856 9849 9849 9869 9869 9869 9869 9859 9859 9868 9868 9861 9861 9856 9856 9874 9874 9861 9861 9873 9873 9853 9853 9870 9870 9875 9875 9868 9868 9863 9863 9864 9864 9865 9865 9872 9872 9876 9876 9866 9866 9867 9867 9866 9866 9876 9876 9871 9871 9867 9867 9877 9877 9865 9865 9871 9871 9878 9878 9873 9873 9872 9872 9854 9854 9869 9869 9874 9874 9856 9856 9868 9868 9879 9879 9869 9869 9861 9861 9874 9874 9873 9873 9875 9875 9879 9879 9868 9868 9878 9878 9863 9863 9865 9865 9876 9876 9872 9872 9880 9880 9867 9867 9876 9876 9877 9877 9877 9877 9878 9878 9871 9871 9873 9873 9880 9880 9872 9872 9869 9869 9881 9881 9874 9874 9882 9882 9883 9883 9884 9884 9885 9885 9883 9883 9882 9882 9886 9886 9884 9884 9883 9883 9887 9887 9882 9882 9884 9884 9888 9888 9885 9885 9882 9882 9884 9884 9886 9886 9889 9889 9888 9888 9882 9882 9887 9887 9887 9887 9884 9884 9890 9890 9891 9891 9885 9885 9888 9888 9892 9892 9889 9889 9886 9886 9889 9889 9890 9890 9884 9884 9893 9893 9888 9888 9887 9887 9894 9894 9887 9887 9890 9890 9893 9893 9891 9891 9888 9888 9889 9889 9892 9892 9880 9880 9895 9895 9892 9892 9886 9886 9890 9890 9889 9889 9896 9896 9897 9897 9893 9893 9887 9887 9894 9894 9890 9890 9896 9896 9881 9881 9887 9887 9894 9894 9897 9897 9891 9891 9893 9893 9896 9896 9889 9889 9880 9880 9880 9880 9892 9892 9877 9877 9892 9892 9895 9895 9878 9878 9887 9887 9879 9879 9897 9897 9894 9894 9896 9896 9873 9873 9879 9879 9887 9887 9881 9881 9881 9881 9894 9894 9874 9874 9873 9873 9896 9896 9880 9880 9878 9878 9877 9877 9892 9892 9880 9880 9877 9877 9876 9876 9878 9878 9895 9895 9863 9863 9875 9875 9897 9897 9879 9879 9873 9873 9874 9874 9894 9894 9881 9881 9869 9869 9879 9879</p>
        </triangles>
      </mesh>
    </geometry>
  </library_geometries>
  <library_visual_scenes>
    <visual_scene id="DefaultScene">
      <node id="node_cf06d2f2_40c7_450c_8c0d_62db1d28e9b9" type="NODE">
        <matrix>1 0 0 0 0 1 0 0 0 0 1 0 0 0 0 1</matrix>
        <node id="node_27aa61aa_2d8b_45d8_9e2f_b990a6393098" type="NODE">
          <matrix>1 0 0 0 0 1 0 0 0 0 1 0 0 0 0 1</matrix>
          <node id="node_2b24ba7f_4065_4b0a_9d4a_69ebc682fd76" type="NODE">
            <matrix>1 0 0 0 0 1 0 0 0 0 1 0 0 0 0 1</matrix>
            <node id="node_2b24ba7f_4065_4b0a_9d4a_69ebc682fd76_mesh0" type="NODE">
              <matrix>1 0 0 0 0 1 0 0 0 0 1 0 0 0 0 1</matrix>
              <instance_geometry url="#geometry_99b8988d_f779_4972_89f6_21efb483ba7c">
                <bind_material>
                  <technique_common>
                    <instance_material symbol="mat_0" target="#mat_0">
                      <bind_vertex_input semantic="UVMap" input_semantic="TEXCOORD" input_set="0"/>
                    </instance_material>
                  </technique_common>
                </bind_material>
              </instance_geometry>
            </node>
          </node>
        </node>
      </node>
    </visual_scene>
  </library_visual_scenes>
  <scene>
    <instance_visual_scene url="#DefaultScene"/>
  </scene>
</COLLADA>
